FeatureID,FeatureName,Keywords,P,PFDR
13,rms,"distribution,location,raw,locationDependent,spreadDependent",0.00263725978627337,0.00987128425542852
16,standard_deviation,"distribution,spread,raw,spreadDependent",0.00263725978627337,0.00987128425542852
17,mean_absolute_deviation,"distribution,spread,raw,spreadDependent",0.00139983011578967,0.00574927331285241
18,interquartile_range,"distribution,spread,raw,spreadDependent",0.00253079653773657,0.00953822520837697
19,median_absolute_deviation,"distribution,spread,raw,spreadDependent",0.00242827797978465,0.0092007348881477
65,DN_Withinp_median_25,"distribution,spread",0.00618414729385028,0.0206906399789057
98,ST_SimpleStats_zcross,noisiness,6.68816911061285e-07,1.63021249146312e-05
103,AC_1,correlation,1.45796399486326e-07,1.26328189301646e-05
104,AC_2,correlation,1.27225702936697e-07,1.26328189301646e-05
105,AC_3,correlation,8.11026050600951e-07,1.78099311978717e-05
106,AC_4,correlation,5.49139337197368e-06,5.91952176100446e-05
107,AC_5,correlation,1.74686653178146e-05,0.000138751672003649
108,AC_6,correlation,0.000220031677037124,0.00116036036076157
109,AC_7,correlation,0.00159305660196512,0.00642019913507876
110,AC_8,correlation,0.00583240319190966,0.0196528436295559
115,AC_13,correlation,0.00107658530464083,0.00457806928406319
116,AC_14,correlation,0.000103435837958387,0.000611901917129974
117,AC_15,correlation,6.82179820007579e-05,0.000428962895683844
118,AC_16,correlation,4.00045227898351e-05,0.000272838538604135
119,AC_17,correlation,0.00011460879331106,0.000663608302820691
120,AC_18,correlation,0.000942271767787704,0.00409530248095477
121,AC_19,correlation,0.00583240319190966,0.0196528436295559
126,AC_24,correlation,0.00444695290880556,0.0156304444906629
127,AC_25,correlation,0.0113416610170194,0.0344376719151192
143,pAC_1,correlation,1.36205222978583e-07,1.26328189301646e-05
147,pAC_5,correlation,0.00152607557784433,0.00618186983075375
148,pAC_6,correlation,0.00982277183238884,0.030464766334558
154,pAC_12,correlation,0.00310530796992304,0.0114124090314322
155,pAC_13,correlation,4.9613796147306e-05,0.000327663553140448
156,pAC_14,correlation,2.31118018635252e-05,0.000174210425736434
157,pAC_15,correlation,0.000242716287295376,0.00126773683783955
158,pAC_16,correlation,0.00947257968258233,0.0295076889277806
159,pAC_17,correlation,0.00583240319190966,0.0196528436295559
160,pAC_18,correlation,0.000861541430768804,0.00380031925898204
163,firstZero_acf_tau,"correlation,timescale",0.000695892038228165,0.00314592876172873
164,firstZero_acf_point,"correlation,timescale",0.000199349058622623,0.0010663520911088
165,firstCrossing_1e_acf_tau,"correlation,timescale",0.000404055942126552,0.00197516802033331
166,firstCrossing_1e_acf_point,"correlation,timescale",7.3751706263707e-06,7.2655673962288e-05
167,firstMin_acf,"correlation,timescale",1.3772337118993e-05,0.000115743112778457
168,firstMin_mi-gaussian,"correlation,AMI",0.000387078992991233,0.00191061328969159
169,firstMin_mi-kraskov1_4,"correlation,AMI",4.30177534009118e-05,0.000291706429132569
170,firstMin_mi-kraskov2_4,"correlation,AMI",1.62428846322336e-05,0.000131876305726603
171,firstMin_mi-hist_5,"correlation,AMI",0.000106466534058301,0.000628781953435078
172,firstMin_mi-hist_10,"correlation,AMI",0.000219605918634514,0.00116036036076157
173,firstMax_acf,correlation,4.37484686067934e-05,0.000296378116359108
174,firstMax_mi-gaussian,"correlation,AMI",0.000127685074466923,0.00072979067944713
175,firstMax_mi-kraskov1_4,"correlation,AMI",0.000126541051798272,0.000724419435355242
176,firstMax_mi-kraskov2_4,"correlation,AMI",0.000121036062674413,0.000695148819878226
177,firstMax_mi-hist_5,"correlation,AMI",0.000183052253453079,0.000993412114569768
178,firstMax_mi-hist_10,"correlation,AMI",0.000338849489336854,0.0017009620862465
179,AC_nl_12,"correlation,nonlinearautocorr",3.72030155408931e-07,1.26865860207478e-05
180,AC_nl_123,"correlation,nonlinearautocorr",2.67153931978667e-07,1.26328189301646e-05
181,AC_nl_1234,"correlation,nonlinearautocorr",3.2602341299532e-07,1.26865860207478e-05
182,AC_nl_12345,"correlation,nonlinearautocorr",3.2602341299532e-07,1.26865860207478e-05
183,AC_nl_123456,"correlation,nonlinearautocorr",3.4829427824527e-07,1.26865860207478e-05
184,AC_nl_1234567,"correlation,nonlinearautocorr",3.97323460579137e-07,1.28100695722174e-05
185,AC_nl_12345678,"correlation,nonlinearautocorr",1.04653269791364e-06,1.92806660423414e-05
186,AC_nl_13,"correlation,nonlinearautocorr",2.04420430353178e-07,1.26328189301646e-05
187,AC_nl_24,"correlation,nonlinearautocorr",2.67153931978667e-07,1.26328189301646e-05
188,AC_nl_135,"correlation,nonlinearautocorr",3.97323460579137e-07,1.28100695722174e-05
189,AC_nl_246,"correlation,nonlinearautocorr",9.82136182665932e-07,1.85767785163986e-05
190,AC_nl_1357,"correlation,nonlinearautocorr",5.49139337197368e-06,5.91952176100446e-05
191,AC_nl_2468,"correlation,nonlinearautocorr",7.8197737788281e-06,7.55662880289206e-05
192,AC_nl_124,"correlation,nonlinearautocorr",2.18616188569126e-07,1.26328189301646e-05
193,AC_nl_134,"correlation,nonlinearautocorr",3.2602341299532e-07,1.26865860207478e-05
194,AC_nl_14,"correlation,nonlinearautocorr",7.60661190228156e-07,1.75744945351411e-05
195,AC_nl_11,"correlation,nonlinearautocorr",1.24229200737778e-05,0.00010552787075845
196,AC_nl_22,"correlation,nonlinearautocorr",2.67153931978667e-07,1.26328189301646e-05
197,AC_nl_33,"correlation,nonlinearautocorr",8.64595004250958e-07,1.81437052223433e-05
198,AC_nl_44,"correlation,nonlinearautocorr",1.95471950625266e-05,0.000152026594932567
199,AC_nl_55,"correlation,nonlinearautocorr",0.00540141912727418,0.0184016646828798
201,AC_nl_011,"correlation,nonlinearautocorr",0.000140455025433301,0.000793190681049683
202,AC_nl_022,"correlation,nonlinearautocorr",7.60661190228156e-07,1.75744945351411e-05
203,AC_nl_033,"correlation,nonlinearautocorr",7.13316180766304e-07,1.69215774922254e-05
204,AC_nl_044,"correlation,nonlinearautocorr",1.65101028457949e-05,0.000131876305726603
205,AC_nl_055,"correlation,nonlinearautocorr",0.00462463008225427,0.0161270900557667
207,AC_nl_001,"correlation,nonlinearautocorr",0.000452716478387203,0.00216091385006758
208,AC_nl_002,"correlation,nonlinearautocorr",7.13316180766304e-07,1.69215774922254e-05
209,AC_nl_003,"correlation,nonlinearautocorr",3.72030155408931e-07,1.26865860207478e-05
210,AC_nl_004,"correlation,nonlinearautocorr",7.13316180766304e-07,1.69215774922254e-05
211,AC_nl_005,"correlation,nonlinearautocorr",1.62549066485909e-06,2.57357260844766e-05
212,AC_nl_006,"correlation,nonlinearautocorr",6.18178925154075e-06,6.41982886693683e-05
213,AC_nl_012,"correlation,nonlinearautocorr",1.52708182821975e-06,2.46172531990061e-05
214,AC_nl_013,"correlation,nonlinearautocorr",2.04420430353178e-07,1.26328189301646e-05
215,AC_nl_023,"correlation,nonlinearautocorr",3.05130403710894e-07,1.26566663948618e-05
216,AC_nl_014,"correlation,nonlinearautocorr",5.16120692670543e-07,1.43562512671065e-05
217,AC_nl_024,"correlation,nonlinearautocorr",2.67153931978667e-07,1.26328189301646e-05
218,AC_nl_034,"correlation,nonlinearautocorr",9.21562980967866e-07,1.85700176818326e-05
219,AC_nl_015,"correlation,nonlinearautocorr",1.1149831476865e-06,2.01236016960314e-05
220,AC_nl_025,"correlation,nonlinearautocorr",9.21562980967866e-07,1.85700176818326e-05
221,AC_nl_035,"correlation,nonlinearautocorr",1.1149831476865e-06,2.01236016960314e-05
222,AC_nl_045,"correlation,nonlinearautocorr",4.00045227898351e-05,0.000272838538604135
223,AC_nl_016,"correlation,nonlinearautocorr",3.83548211191478e-06,4.65044010595069e-05
224,AC_nl_026,"correlation,nonlinearautocorr",2.0836178159175e-06,3.02231107736254e-05
225,AC_nl_036,"correlation,nonlinearautocorr",2.66442794601493e-06,3.64841456005481e-05
226,AC_nl_046,"correlation,nonlinearautocorr",3.39866324809848e-05,0.000240826357829795
227,AC_nl_056,"correlation,nonlinearautocorr",0.00818056932224017,0.0261490663373815
228,AC_nl_112,"correlation,nonlinearautocorr",2.8322842707188e-06,3.83385349851306e-05
229,AC_nl_113,"correlation,nonlinearautocorr",2.49919961928664e-07,1.26328189301646e-05
230,AC_nl_122,"correlation,nonlinearautocorr",1.34716678791654e-06,2.23781124746886e-05
231,AC_nl_133,"correlation,nonlinearautocorr",3.4829427824527e-07,1.26865860207478e-05
232,AC_nl_223,"correlation,nonlinearautocorr",2.67153931978667e-07,1.26328189301646e-05
233,AC_nl_233,"correlation,nonlinearautocorr",2.67153931978667e-07,1.26328189301646e-05
235,RM_ami_1,"information,correlation,AMI",1.18773136379583e-06,2.0852917236148e-05
236,RM_ami_2,"information,correlation,AMI",4.83557438253742e-07,1.40568561866139e-05
237,RM_ami_3,"information,correlation,AMI",3.39893536496135e-06,4.28979511453218e-05
238,RM_ami_4,"information,correlation,AMI",8.85862417242377e-05,0.000537044626111126
241,RM_ami_7,"information,correlation,AMI",0.0101844541042579,0.0314353059014366
242,RM_ami_8,"information,correlation,AMI",0.0121766025070389,0.0364130533825874
245,CO_HistogramAMI_std1_2bin_ami1,"information,correlation,AMI",7.13316180766304e-07,1.69215774922254e-05
246,CO_HistogramAMI_std1_2bin_ami2,"information,correlation,AMI",6.68816911061285e-07,1.63021249146312e-05
247,CO_HistogramAMI_std1_2bin_ami3,"information,correlation,AMI",5.49139337197368e-06,5.91952176100446e-05
248,CO_HistogramAMI_std1_2bin_ami4,"information,correlation,AMI",0.000374697110145117,0.00185465917812932
250,CO_HistogramAMI_std1_5bin_ami1,"information,correlation,AMI",3.72030155408931e-07,1.26865860207478e-05
251,CO_HistogramAMI_std1_5bin_ami2,"information,correlation,AMI",5.16120692670543e-07,1.43562512671065e-05
252,CO_HistogramAMI_std1_5bin_ami3,"information,correlation,AMI",4.07343157778537e-06,4.83967339719123e-05
253,CO_HistogramAMI_std1_5bin_ami4,"information,correlation,AMI",0.000254864490291098,0.00132242416213223
255,CO_HistogramAMI_std1_10bin_ami1,"information,correlation,AMI",2.85533069149158e-07,1.26566663948618e-05
256,CO_HistogramAMI_std1_10bin_ami2,"information,correlation,AMI",4.5298014109361e-07,1.3614356528716e-05
257,CO_HistogramAMI_std1_10bin_ami3,"information,correlation,AMI",4.07343157778537e-06,4.83967339719123e-05
258,CO_HistogramAMI_std1_10bin_ami4,"information,correlation,AMI",0.000267581120235988,0.00138234004794892
260,CO_HistogramAMI_std2_2bin_ami1,"information,correlation,AMI",1.18773136379583e-06,2.0852917236148e-05
261,CO_HistogramAMI_std2_2bin_ami2,"information,correlation,AMI",7.13316180766304e-07,1.69215774922254e-05
262,CO_HistogramAMI_std2_2bin_ami3,"information,correlation,AMI",3.39893536496135e-06,4.28979511453218e-05
263,CO_HistogramAMI_std2_2bin_ami4,"information,correlation,AMI",0.000108887185280847,0.000637241588446412
265,CO_HistogramAMI_std2_5bin_ami1,"information,correlation,AMI",2.67153931978667e-07,1.26328189301646e-05
266,CO_HistogramAMI_std2_5bin_ami2,"information,correlation,AMI",3.2602341299532e-07,1.26865860207478e-05
267,CO_HistogramAMI_std2_5bin_ami3,"information,correlation,AMI",3.19894145993939e-06,4.16331959180735e-05
268,CO_HistogramAMI_std2_5bin_ami4,"information,correlation,AMI",0.000209450726687326,0.00111617881622329
270,CO_HistogramAMI_std2_10bin_ami1,"information,correlation,AMI",2.49919961928664e-07,1.26328189301646e-05
271,CO_HistogramAMI_std2_10bin_ami2,"information,correlation,AMI",3.72030155408931e-07,1.26865860207478e-05
272,CO_HistogramAMI_std2_10bin_ami3,"information,correlation,AMI",4.87516924146122e-06,5.47145180849437e-05
273,CO_HistogramAMI_std2_10bin_ami4,"information,correlation,AMI",0.000171721588064445,0.000936939403185466
275,CO_HistogramAMI_even_2bin_ami1,"information,correlation,AMI",9.32965976131512e-05,0.000562236845259203
276,CO_HistogramAMI_even_2bin_ami2,"information,correlation,AMI",6.95480101290475e-06,7.00715960007577e-05
277,CO_HistogramAMI_even_2bin_ami3,"information,correlation,AMI",3.78942790951893e-05,0.000260955457885609
278,CO_HistogramAMI_even_2bin_ami4,"information,correlation,AMI",0.000520910653425132,0.00244043544567005
280,CO_HistogramAMI_even_5bin_ami1,"information,correlation,AMI",0.000324636730799297,0.00163308392309178
281,CO_HistogramAMI_even_5bin_ami2,"information,correlation,AMI",6.95480101290475e-06,7.00715960007577e-05
282,CO_HistogramAMI_even_5bin_ami3,"information,correlation,AMI",4.59245894147181e-06,5.20356410093603e-05
283,CO_HistogramAMI_even_5bin_ami4,"information,correlation,AMI",0.00013352242572232,0.000759482410303461
285,CO_HistogramAMI_even_10bin_ami1,"information,correlation,AMI",1.65101028457949e-05,0.000131876305726603
286,CO_HistogramAMI_even_10bin_ami2,"information,correlation,AMI",5.87706654304219e-07,1.54392714777031e-05
287,CO_HistogramAMI_even_10bin_ami3,"information,correlation,AMI",2.35690423947498e-06,3.30385805743005e-05
288,CO_HistogramAMI_even_10bin_ami4,"information,correlation,AMI",0.000140455025433301,0.000793190681049683
290,CO_HistogramAMI_quantiles_2bin_ami1,"information,correlation,AMI",9.82136182665932e-07,1.85767785163986e-05
291,CO_HistogramAMI_quantiles_2bin_ami2,"information,correlation,AMI",1.26503510150617e-06,2.14662535286681e-05
292,CO_HistogramAMI_quantiles_2bin_ami3,"information,correlation,AMI",6.18178925154075e-06,6.41982886693683e-05
293,CO_HistogramAMI_quantiles_2bin_ami4,"information,correlation,AMI",0.000413752695683543,0.00200872544180929
295,CO_HistogramAMI_quantiles_5bin_ami1,"information,correlation,AMI",4.24272170812157e-07,1.31989583665378e-05
296,CO_HistogramAMI_quantiles_5bin_ami2,"information,correlation,AMI",3.72030155408931e-07,1.26865860207478e-05
297,CO_HistogramAMI_quantiles_5bin_ami3,"information,correlation,AMI",2.50614204546602e-06,3.45837850748842e-05
298,CO_HistogramAMI_quantiles_5bin_ami4,"information,correlation,AMI",0.000155349545893666,0.00086085494454982
300,CO_HistogramAMI_quantiles_10bin_ami1,"information,correlation,AMI",3.05130403710894e-07,1.26566663948618e-05
301,CO_HistogramAMI_quantiles_10bin_ami2,"information,correlation,AMI",4.5298014109361e-07,1.3614356528716e-05
302,CO_HistogramAMI_quantiles_10bin_ami3,"information,correlation,AMI",3.83548211191478e-06,4.65044010595069e-05
303,CO_HistogramAMI_quantiles_10bin_ami4,"information,correlation,AMI",0.000309391534112162,0.00156082087585887
305,IN_AutoMutualInfoStats_40_gaussian_ami1,"information,correlation,AMI",1.56039295066102e-07,1.26328189301646e-05
306,IN_AutoMutualInfoStats_40_gaussian_ami2,"information,correlation,AMI",1.45796399486326e-07,1.26328189301646e-05
307,IN_AutoMutualInfoStats_40_gaussian_ami3,"information,correlation,AMI",1.43441430774462e-06,2.33891969766267e-05
308,IN_AutoMutualInfoStats_40_gaussian_ami4,"information,correlation,AMI",7.98313205736858e-05,0.000490254161756843
311,IN_AutoMutualInfoStats_40_gaussian_ami7,"information,correlation,AMI",0.00379644200152357,0.0136691183334044
312,IN_AutoMutualInfoStats_40_gaussian_ami8,"information,correlation,AMI",0.00223455572247879,0.00853511240686164
313,IN_AutoMutualInfoStats_40_gaussian_ami9,"information,correlation,AMI",0.00379644200152357,0.0136691183334044
314,IN_AutoMutualInfoStats_40_gaussian_ami10,"information,correlation,AMI",0.0150172581412796,0.0437443170415178
319,IN_AutoMutualInfoStats_40_gaussian_ami15,"information,correlation,AMI",0.00323359045900606,0.011838842434849
320,IN_AutoMutualInfoStats_40_gaussian_ami16,"information,correlation,AMI",0.000656213856332496,0.00298366979677333
321,IN_AutoMutualInfoStats_40_gaussian_ami17,"information,correlation,AMI",0.00242827797978465,0.0092007348881477
335,IN_AutoMutualInfoStats_40_gaussian_ami31,"information,correlation,AMI",0.010943570085506,0.0335013994892076
343,IN_AutoMutualInfoStats_40_gaussian_ami39,"information,correlation,AMI",0.00462463008225427,0.0161270900557667
346,IN_AutoMutualInfoStats_40_gaussian_stdami,"information,correlation,AMI",9.21562980967866e-07,1.85700176818326e-05
347,IN_AutoMutualInfoStats_40_gaussian_pextrema,"information,correlation,AMI",0.00390269946786511,0.0140146844967122
348,IN_AutoMutualInfoStats_40_gaussian_fmmi,"information,correlation,AMI",0.000387078992991233,0.00191061328969159
349,IN_AutoMutualInfoStats_40_gaussian_pmaxima,"information,correlation,AMI",0.00222798087182747,0.00853511240686164
352,IN_AutoMutualInfoStats_40_gaussian_pminima,"information,correlation,AMI",0.0136382050206888,0.0402060632634021
355,IN_AutoMutualInfoStats_40_gaussian_pcrossmean,"information,correlation,AMI",0.000160651937815699,0.000888848825995907
356,IN_AutoMutualInfoStats_40_gaussian_pcrossmedian,"information,correlation,AMI",0.00140655852402345,0.00577356458964023
358,IN_AutoMutualInfoStats_40_gaussian_pcrossq90,"information,correlation,AMI",0.00023856345402871,0.00125250227936761
359,IN_AutoMutualInfoStats_40_gaussian_amiac1,"information,correlation,AMI",0.000120613121939985,0.000693281097180156
360,IN_AutoMutualInfoStats_40_kraskov1_4_ami1,"information,correlation,AMI",1.91117503015364e-07,1.26328189301646e-05
361,IN_AutoMutualInfoStats_40_kraskov1_4_ami2,"information,correlation,AMI",3.2602341299532e-07,1.26865860207478e-05
362,IN_AutoMutualInfoStats_40_kraskov1_4_ami3,"information,correlation,AMI",2.0836178159175e-06,3.02231107736254e-05
363,IN_AutoMutualInfoStats_40_kraskov1_4_ami4,"information,correlation,AMI",0.000220031677037124,0.00116036036076157
366,IN_AutoMutualInfoStats_40_kraskov1_4_ami7,"information,correlation,AMI",0.0150172581412796,0.0437443170415178
367,IN_AutoMutualInfoStats_40_kraskov1_4_ami8,"information,correlation,AMI",0.00759569887611432,0.0245377947700941
374,IN_AutoMutualInfoStats_40_kraskov1_4_ami15,"information,correlation,AMI",0.00561318037248673,0.0190204667726242
375,IN_AutoMutualInfoStats_40_kraskov1_4_ami16,"information,correlation,AMI",0.00880542419332382,0.0277956714745197
401,IN_AutoMutualInfoStats_40_kraskov1_4_stdami,"information,correlation,AMI",9.21562980967866e-07,1.85700176818326e-05
402,IN_AutoMutualInfoStats_40_kraskov1_4_pextrema,"information,correlation,AMI",0.0127902808453198,0.0380862561023735
403,IN_AutoMutualInfoStats_40_kraskov1_4_fmmi,"information,correlation,AMI",0.000102156136115703,0.000608902078545111
404,IN_AutoMutualInfoStats_40_kraskov1_4_pmaxima,"information,correlation,AMI",0.00937066544933363,0.0293708042563515
405,IN_AutoMutualInfoStats_40_kraskov1_4_modeperiodmax,"information,correlation,AMI",0.00311720965935796,0.0114502165270979
407,IN_AutoMutualInfoStats_40_kraskov1_4_pminima,"information,correlation,AMI",0.0086432759086386,0.0274225194419628
408,IN_AutoMutualInfoStats_40_kraskov1_4_modeperiodmin,"information,correlation,AMI",0.0121960553262464,0.036454538739598
410,IN_AutoMutualInfoStats_40_kraskov1_4_pcrossmean,"information,correlation,AMI",3.69692246082719e-05,0.000257839439672048
412,IN_AutoMutualInfoStats_40_kraskov1_4_pcrossq10,"information,correlation,AMI",0.00142048346479522,0.00582735061642135
413,IN_AutoMutualInfoStats_40_kraskov1_4_pcrossq90,"information,correlation,AMI",0.000428370922259858,0.00207553246494523
414,IN_AutoMutualInfoStats_40_kraskov1_4_amiac1,"information,correlation,AMI",7.57669573527021e-05,0.000468131557929195
415,IN_AutoMutualInfoStats_diff_20_gaussian_ami1,"information,correlation,AMI",0.00629414882979977,0.0209205237346625
438,IN_AutoMutualInfoStats_diff_20_gaussian_fmmi,"information,correlation,AMI",0.0127259543232004,0.0379106232736081
450,IN_AutoMutualInfoStats_diff_20_kraskov1_4_ami1,"information,correlation,AMI",0.00788327688124583,0.0253587677635722
480,IN_AutoMutualInfoStats_diff_20_kraskov1_4_pcrossmean,"information,correlation,AMI",0.0105153166572621,0.0324001481537618
485,CO_CompareMinAMI_std1_2_80_min,"correlation,AMI",7.46229925880149e-05,0.000464706660602976
486,CO_CompareMinAMI_std1_2_80_max,"correlation,AMI",0.00196630309292767,0.00767074750529282
488,CO_CompareMinAMI_std1_2_80_median,"correlation,AMI",0.000947716115191979,0.00411392313650961
489,CO_CompareMinAMI_std1_2_80_mean,"correlation,AMI",0.000514109891973798,0.00242136883384472
492,CO_CompareMinAMI_std1_2_80_mode,"correlation,AMI",0.000532757066023793,0.00249264239400182
494,CO_CompareMinAMI_std1_2_80_conv4,"correlation,AMI",0.000547079248010588,0.00254788779129291
496,CO_CompareMinAMI_quantiles_2_80_min,"correlation,AMI",5.41789767057206e-05,0.000355167728071789
497,CO_CompareMinAMI_quantiles_2_80_max,"correlation,AMI",0.000100977079314862,0.000602380507636935
498,CO_CompareMinAMI_quantiles_2_80_range,"correlation,AMI",0.0148933687294854,0.0435264377413432
499,CO_CompareMinAMI_quantiles_2_80_median,"correlation,AMI",0.000379715568118298,0.00187687980812759
500,CO_CompareMinAMI_quantiles_2_80_mean,"correlation,AMI",0.000736313944339173,0.00330339962504602
503,CO_CompareMinAMI_quantiles_2_80_mode,"correlation,AMI",0.000582340124678103,0.00269265873816283
505,CO_CompareMinAMI_quantiles_2_80_conv4,"correlation,AMI",3.33810196845783e-05,0.000238440657223277
507,CO_CompareMinAMI_even_2_80_min,"correlation,AMI",0.000216045030697851,0.00114873118646166
508,CO_CompareMinAMI_even_2_80_max,"correlation,AMI",0.0016403459303378,0.00660702650987283
510,CO_CompareMinAMI_even_2_80_median,"correlation,AMI",0.000918609005705389,0.00401955192934505
511,CO_CompareMinAMI_even_2_80_mean,"correlation,AMI",0.000487017143574687,0.00230755684661006
514,CO_CompareMinAMI_even_2_80_mode,"correlation,AMI",0.000935681859922469,0.00409173331222569
516,CO_CompareMinAMI_even_2_80_conv4,"correlation,AMI",9.29932494401547e-05,0.000562236845259203
518,CO_CompareMinAMI_std2_2_80_min,"correlation,AMI",0.000117671221079859,0.000680784642022381
519,CO_CompareMinAMI_std2_2_80_max,"correlation,AMI",0.00202307675192429,0.00786284021994466
521,CO_CompareMinAMI_std2_2_80_median,"correlation,AMI",0.000363262853054261,0.00180435813495369
522,CO_CompareMinAMI_std2_2_80_mean,"correlation,AMI",0.00030749463477458,0.00156012835798004
525,CO_CompareMinAMI_std2_2_80_mode,"correlation,AMI",0.00049031892528511,0.00232165029175386
527,CO_CompareMinAMI_std2_2_80_conv4,"correlation,AMI",1.20987827064157e-05,0.000104272983884091
529,CO_glscf_1_1_1,"correlation,glscf",1.78653201486373e-07,1.26328189301646e-05
530,CO_glscf_1_1_2,"correlation,glscf",2.49919961928664e-07,1.26328189301646e-05
531,CO_glscf_1_1_3,"correlation,glscf",2.66442794601493e-06,3.64841456005481e-05
532,CO_glscf_1_1_4,"correlation,glscf",9.32965976131512e-05,0.000562236845259203
533,CO_glscf_1_1_5,"correlation,glscf",0.0160861401361776,0.0461752294560534
534,CO_glscf_1_1_tau,"correlation,glscf",0.00848785630958759,0.0269491337528669
535,CO_glscf_1_2_1,"correlation,glscf",5.16120692670543e-07,1.43562512671065e-05
536,CO_glscf_1_2_2,"correlation,glscf",1.18820146520854e-07,1.26328189301646e-05
537,CO_glscf_1_2_3,"correlation,glscf",8.11026050600951e-07,1.78099311978717e-05
538,CO_glscf_1_2_4,"correlation,glscf",3.78942790951893e-05,0.000260955457885609
539,CO_glscf_1_2_5,"correlation,glscf",0.0101844541042579,0.0314353059014366
540,CO_glscf_1_2_tau,"correlation,glscf",0.0145066650137748,0.0424261593419457
542,CO_glscf_1_5_2,"correlation,glscf",1.95865484438265e-06,2.90036300860253e-05
543,CO_glscf_1_5_3,"correlation,glscf",1.36205222978583e-07,1.26328189301646e-05
544,CO_glscf_1_5_4,"correlation,glscf",4.32549215748757e-06,5.02139375991152e-05
548,CO_glscf_1_10_2,"correlation,glscf",2.8322842707188e-06,3.83385349851306e-05
549,CO_glscf_1_10_3,"correlation,glscf",6.83973843957173e-08,1.26328189301646e-05
550,CO_glscf_1_10_4,"correlation,glscf",4.07343157778537e-06,4.83967339719123e-05
553,CO_glscf_2_2_1,"correlation,glscf",4.81936651692488e-08,1.26328189301646e-05
554,CO_glscf_2_2_2,"correlation,glscf",6.83973843957173e-08,1.26328189301646e-05
555,CO_glscf_2_2_3,"correlation,glscf",2.85533069149158e-07,1.26566663948618e-05
556,CO_glscf_2_2_4,"correlation,glscf",1.17306779714729e-05,0.000101346770830277
557,CO_glscf_2_2_5,"correlation,glscf",0.00480871169077813,0.0166706705878247
559,CO_glscf_2_5_1,"correlation,glscf",1.74686653178146e-05,0.000138751672003649
560,CO_glscf_2_5_2,"correlation,glscf",6.83973843957173e-08,1.26328189301646e-05
561,CO_glscf_2_5_3,"correlation,glscf",6.37913076153586e-08,1.26328189301646e-05
562,CO_glscf_2_5_4,"correlation,glscf",2.0836178159175e-06,3.02231107736254e-05
563,CO_glscf_2_5_5,"correlation,glscf",0.00818056932224017,0.0261490663373815
571,CO_fzcglscf_1_7,"correlation,glscf,tau",0.00427548416137376,0.0151251915993138
572,CO_fzcglscf_1_8,"correlation,glscf,tau",0.00759569887611432,0.0245377947700941
573,CO_fzcglscf_1_9,"correlation,glscf,tau",0.00629414882979977,0.0209205237346625
574,CO_fzcglscf_1_10,"correlation,glscf,tau",0.000942271767787704,0.00409530248095477
577,CO_fzcglscf_2_10,"correlation,glscf,tau",0.0027478022249797,0.0102096182198958
578,CO_fzcglscf_5_5,"correlation,glscf,tau",0.00678854239663417,0.0223231948165629
579,CO_fzcglscf_5_10,"correlation,glscf,tau",8.85862417242377e-05,0.000537044626111126
580,CO_fzcglscf_10_10,"correlation,glscf,tau",3.58899897678485e-05,0.000250805613224975
582,StatAvl25,"stationarity,StatAv",0.00107658530464083,0.00457806928406319
585,StatAvl150,"stationarity,StatAv",0.00848785630958759,0.0269491337528669
586,StatAvl200,"stationarity,StatAv",0.00166273463464593,0.00666315071386644
587,StatAvl250,"stationarity,StatAv",0.00462463008225427,0.0161270900557667
597,StatAv9,"stationarity,StatAv",0.00049718147462051,0.00234475279220963
644,SY_SlidingWindow_ent_s2_10,stationarity,0.0130655617316131,0.0386947930531658
674,SY_SlidingWindow_sampen_sampen5_10,stationarity,0.00323359045900606,0.011838842434849
691,SY_SlidingWindow_mom3_s5_2,stationarity,0.00583240319190966,0.0196528436295559
693,SY_SlidingWindow_mom3_s10_1,stationarity,0.00731756136170696,0.0237871048297835
694,SY_SlidingWindow_mom3_s10_2,stationarity,0.0140114417696054,0.0411183932444398
696,SY_SlidingWindow_mom3_sampen2_10,stationarity,0.00501219842267216,0.017258021073793
707,SY_SlidingWindow_mom3_ent10_1,stationarity,0.0130655617316131,0.0386947930531658
712,SY_SlidingWindow_mom4_s2_10,stationarity,0.00462463008225427,0.0161270900557667
714,SY_SlidingWindow_mom4_s5_2,stationarity,0.0130655617316131,0.0386947930531658
716,SY_SlidingWindow_mom4_s10_1,stationarity,0.0155436158790251,0.044948459678192
740,SY_SlidingWindow_lil_s10_2,stationarity,0.00561318037248673,0.0190204667726242
788,SC_fastdfa_exponent,"scaling,mex",0.0027478022249797,0.0102096182198958
789,SY_StdNthDer_1,entropy,1.45796399486326e-07,1.26328189301646e-05
790,SY_StdNthDer_2,entropy,2.0836178159175e-06,3.02231107736254e-05
791,SY_StdNthDer_3,entropy,2.06727974704263e-05,0.00015886473722398
792,SY_StdNthDer_4,entropy,4.70247342896548e-05,0.000312602099640601
793,SY_StdNthDer_5,entropy,9.82427974942328e-05,0.000587056581825268
794,SY_StdNthDer_10,entropy,0.000220031677037124,0.00116036036076157
805,SY_LocalGlobal_absmean_unicg10,"stationarity,distribution",8.85862417242377e-05,0.000537044626111126
810,SY_LocalGlobal_std_l10,"stationarity,distribution",0.00427548416137376,0.0151251915993138
821,SY_LocalGlobal_std_unicg50,"stationarity,distribution",0.0145066650137748,0.0424261593419457
843,SY_LocalGlobal_iqr_p01,"stationarity,distribution",0.0166452400339562,0.047568367268675
844,SY_LocalGlobal_iqr_p05,"stationarity,distribution",0.00519689746784096,0.0178247551931315
872,SY_LocalGlobal_kurtosis_p05,"stationarity,distribution",0.000545691962300163,0.00254309664165247
874,SY_LocalGlobal_kurtosis_p5,"stationarity,distribution",0.00540141912727418,0.0184016646828798
878,SY_LocalGlobal_kurtosis_unicg100,"stationarity,distribution",0.0172213319317616,0.0489386648205069
896,EN_rpde_3_1_H,entropy,2.66442794601493e-06,3.64841456005481e-05
897,EN_rpde_3_1_H_norm,entropy,2.66442794601493e-06,3.64841456005481e-05
898,EN_rpde_3_1_propNonZero,entropy,3.39893536496135e-06,4.28979511453218e-05
899,EN_rpde_3_1_meanNonZero,entropy,3.0102618480377e-06,3.97612426222187e-05
906,RM_entropy,entropy,0.0113416610170194,0.0344376719151192
907,EN_CID_CE2,entropy,1.45796399486326e-07,1.26328189301646e-05
911,EN_CID_CE2_norm,entropy,1.45796399486326e-07,1.26328189301646e-05
925,EN_DistributionEntropy_raw_ks__01,"entropy,raw,spreadDependent",0.00480871169077813,0.0166706705878247
926,EN_DistributionEntropy_raw_ks__02,"entropy,raw,spreadDependent",0.00173520694047121,0.00691681361920412
927,EN_DistributionEntropy_raw_ks__03,"entropy,raw,spreadDependent",0.00364794442843455,0.0131880070493814
930,EN_DistributionEntropy_hist_20_0,entropy,0.010943570085506,0.0335013994892076
932,EN_DistributionEntropy_hist_auto_0,entropy,0.00848785630958759,0.0269491337528669
949,SB_BinaryStretch_lseq0,binary,0.00625185467018578,0.0209073103138273
950,ApEn1_01,entropy,2.04420430353178e-07,1.26328189301646e-05
951,ApEn1_02,entropy,1.78653201486373e-07,1.26328189301646e-05
952,ApEn2_01,entropy,9.86802931933148e-06,8.9851003802334e-05
953,ApEn2_02,entropy,6.95480101290475e-06,7.00715960007577e-05
955,EN_PermEn_3_1_normPermEn,entropy,0.00759569887611432,0.0245377947700941
956,EN_PermEn_4_1_normPermEn,entropy,0.00880542419332382,0.0277956714745197
957,EN_PermEn_5_1_normPermEn,entropy,0.00704859648267514,0.0230570342499912
959,EN_PermEn_3_2_normPermEn,entropy,0.00078726537066868,0.00349879277829132
960,EN_PermEn_4_2_normPermEn,entropy,0.00082362694217216,0.00365124118801696
961,EN_PermEn_5_2_normPermEn,entropy,0.000901068977688017,0.00394523596218587
964,EN_PermEn_4_ac_normPermEn,entropy,0.0091335656357516,0.0286529770253809
965,EN_PermEn_5_ac_normPermEn,entropy,0.00605931502191424,0.0202825490563651
968,DN_FitKernelSmoothraw_entropy,"distribution,ksdensity,entropy,raw,spreadDependent",0.000942271767787704,0.00409530248095477
970,DN_FitKernelSmoothraw_max,"distribution,ksdensity,raw,spreadDependent",0.0027478022249797,0.0102096182198958
980,DN_FitKernelSmooth_area_005,"distribution,ksdensity,raw,spreadDependent",0.00117574116189045,0.00494927718770858
1003,HT_DistributionTest_chi2norm25,"hypothesistest,distribution,raw",0.00419655428256613,0.0149278633531803
1058,NL_TSTL_TakensEstimator_n1_005_005_1_8,"nonlinear,tstool,scaling,dimension",4.83557438253742e-07,1.40568561866139e-05
1059,NL_TSTL_TakensEstimator_n1_005_005_1_3,"nonlinear,tstool,scaling,dimension",9.21562980967866e-07,1.85700176818326e-05
1063,NL_TSTL_TakensEstimator_n1_01_005_1_10,"nonlinear,tstool,scaling,dimension",1.27225702936697e-07,1.26328189301646e-05
1064,NL_DVV_3_100_2_50_10_default_trend,delayVectorVariance,0.00982277183238884,0.030464766334558
1065,NL_DVV_3_100_2_50_10_default_max,delayVectorVariance,1.84090878581554e-06,2.79605268046886e-05
1066,NL_DVV_3_100_2_50_10_default_min,delayVectorVariance,2.58231003683401e-05,0.000191995021921002
1067,NL_DVV_3_100_2_50_10_default_mean,delayVectorVariance,6.26998872165287e-07,1.58832250009585e-05
1069,NL_DVV_3_100_2_50_10_default_stdDiff,delayVectorVariance,0.00166273463464593,0.00666315071386644
1070,NL_DVV_3_100_2_50_10_default_trendDiff,delayVectorVariance,0.00223455572247879,0.00853511240686164
1089,DK_crinkle_statistic,misc,5.17450467954947e-06,5.64657872185299e-05
1099,EN_MS_LZcomplexity_2,"entropy,mex",0.000171721588064445,0.000936939403185466
1100,EN_MS_LZcomplexity_3,"entropy,mex",5.42478762626022e-05,0.000355291030776212
1101,EN_MS_LZcomplexity_4,"entropy,mex",3.58899897678485e-05,0.000250805613224975
1102,EN_MS_LZcomplexity_5,"entropy,mex",1.47412616174406e-05,0.000121018250755215
1103,EN_MS_LZcomplexity_6,"entropy,mex",2.31118018635252e-05,0.000174210425736434
1104,EN_MS_LZcomplexity_7,"entropy,mex",7.8197737788281e-06,7.55662880289206e-05
1105,EN_MS_LZcomplexity_8,"entropy,mex",1.10753480969413e-05,9.75868870206269e-05
1106,EN_MS_LZcomplexity_9,"entropy,mex",1.10753480969413e-05,9.75868870206269e-05
1107,EN_MS_LZcomplexity_10,"entropy,mex",4.59245894147181e-06,5.20356410093603e-05
1120,MD_polvar_1_3,"medical,symbolic",2.85533069149158e-07,1.26566663948618e-05
1121,MD_polvar_05_3,"medical,symbolic",1.34716678791654e-06,2.23781124746886e-05
1122,MD_polvar_01_3,"medical,symbolic",1.46044633780498e-05,0.000121018250755215
1123,MD_polvar_1_5,"medical,symbolic",1.56039295066102e-07,1.26328189301646e-05
1124,MD_polvar_05_5,"medical,symbolic",9.21562980967866e-07,1.85700176818326e-05
1125,MD_polvar_01_5,"medical,symbolic",7.8197737788281e-06,7.55662880289206e-05
1126,MD_polvar_1_4,"medical,symbolic",1.91117503015364e-07,1.26328189301646e-05
1127,MD_polvar_05_4,"medical,symbolic",9.21562980967866e-07,1.85700176818326e-05
1128,MD_polvar_01_4,"medical,symbolic",2.21621930828942e-06,3.14392871073938e-05
1129,MD_polvar_1_6,"medical,symbolic",3.72030155408931e-07,1.26865860207478e-05
1130,MD_polvar_05_6,"medical,symbolic",1.04653269791364e-06,1.92806660423414e-05
1131,MD_polvar_01_6,"medical,symbolic",2.06727974704263e-05,0.00015886473722398
1136,CO_tc3_1_denom,"correlation,nonlinear",1.45796399486326e-07,1.26328189301646e-05
1140,CO_tc3_2_absnum,"correlation,nonlinear",0.00480871169077813,0.0166706705878247
1141,CO_tc3_2_denom,"correlation,nonlinear",1.45796399486326e-07,1.26328189301646e-05
1145,CO_tc3_3_absnum,"correlation,nonlinear",0.0027478022249797,0.0102096182198958
1146,CO_tc3_3_denom,"correlation,nonlinear",9.82136182665932e-07,1.85767785163986e-05
1156,CO_tc3_mi_denom,"correlation,nonlinear",0.0155436158790251,0.044948459678192
1160,CO_trev_1_absnum,"correlation,nonlinear",0.00166273463464593,0.00666315071386644
1161,CO_trev_1_denom,"correlation,nonlinear",1.1095309646974e-07,1.26328189301646e-05
1165,CO_trev_2_absnum,"correlation,nonlinear",0.00323359045900606,0.011838842434849
1166,CO_trev_2_denom,"correlation,nonlinear",1.27225702936697e-07,1.26328189301646e-05
1171,CO_trev_3_denom,"correlation,nonlinear",8.64595004250958e-07,1.81437052223433e-05
1183,CO_AddNoise_1_quantiles_10_meanch,"correlation,AMI,entropy",3.4829427824527e-07,1.26865860207478e-05
1184,CO_AddNoise_1_quantiles_10_ac1,"correlation,AMI,entropy",3.4829427824527e-07,1.26865860207478e-05
1185,CO_AddNoise_1_quantiles_10_ac2,"correlation,AMI,entropy",5.16120692670543e-07,1.43562512671065e-05
1186,CO_AddNoise_1_quantiles_10_firstUnder75,"correlation,AMI,entropy",0.000113827606571934,0.000663608302820691
1187,CO_AddNoise_1_quantiles_10_firstUnder50,"correlation,AMI,entropy",0.000109777854871251,0.000641924422590092
1188,CO_AddNoise_1_quantiles_10_firstUnder25,"correlation,AMI,entropy",3.47420756553381e-05,0.000245688477191738
1189,CO_AddNoise_1_quantiles_10_ami_at_5,"correlation,AMI,entropy",1.04550591732956e-05,9.41088004012509e-05
1190,CO_AddNoise_1_quantiles_10_ami_at_10,"correlation,AMI,entropy",0.000103435837958387,0.000611901917129974
1191,CO_AddNoise_1_quantiles_10_ami_at_15,"correlation,AMI,entropy",0.00152607557784433,0.00618186983075375
1193,CO_AddNoise_1_quantiles_10_fitexpa,"correlation,AMI,entropy",3.72030155408931e-07,1.26865860207478e-05
1194,CO_AddNoise_1_quantiles_10_fitexpb,"correlation,AMI,entropy",8.64595004250958e-07,1.81437052223433e-05
1195,CO_AddNoise_1_quantiles_10_fitexpr2,"correlation,AMI,entropy",1.17306779714729e-05,0.000101346770830277
1196,CO_AddNoise_1_quantiles_10_fitexprmse,"correlation,AMI,entropy",0.000392927991788058,0.00192475016971871
1197,CO_AddNoise_1_quantiles_10_fitlina,"correlation,AMI,entropy",5.87706654304219e-07,1.54392714777031e-05
1198,CO_AddNoise_1_quantiles_10_fitlinb,"correlation,AMI,entropy",6.26998872165287e-07,1.58832250009585e-05
1199,CO_AddNoise_1_quantiles_10_linfit_mse,"correlation,AMI,entropy",3.72030155408931e-07,1.26865860207478e-05
1201,CO_AddNoise_ac_quantiles_10_pdec,"correlation,AMI,entropy",0.00945611292627507,0.0295076889277806
1205,CO_AddNoise_ac_quantiles_10_firstUnder75,"correlation,AMI,entropy",0.00511815415007448,0.0176057552795724
1221,CO_AddNoise_1_even_10_meanch,"correlation,AMI,entropy",1.84801124407888e-05,0.000145643819491684
1222,CO_AddNoise_1_even_10_ac1,"correlation,AMI,entropy",7.57669573527021e-05,0.000468131557929195
1223,CO_AddNoise_1_even_10_ac2,"correlation,AMI,entropy",6.82179820007579e-05,0.000428962895683844
1224,CO_AddNoise_1_even_10_firstUnder75,"correlation,AMI,entropy",0.00527748831367935,0.0180924236872536
1225,CO_AddNoise_1_even_10_firstUnder50,"correlation,AMI,entropy",0.00103438234723609,0.00443047946192368
1226,CO_AddNoise_1_even_10_firstUnder25,"correlation,AMI,entropy",0.00295199056787014,0.0109168243471861
1227,CO_AddNoise_1_even_10_ami_at_5,"correlation,AMI,entropy",1.56018019057256e-05,0.000126907776281321
1228,CO_AddNoise_1_even_10_ami_at_10,"correlation,AMI,entropy",5.52026967449372e-05,0.000359552550975059
1229,CO_AddNoise_1_even_10_ami_at_15,"correlation,AMI,entropy",0.00364794442843455,0.0131880070493814
1231,CO_AddNoise_1_even_10_fitexpa,"correlation,AMI,entropy",2.18599433306592e-05,0.000166365427086229
1232,CO_AddNoise_1_even_10_fitexpb,"correlation,AMI,entropy",0.000180503538081067,0.000980330471369838
1233,CO_AddNoise_1_even_10_fitexpr2,"correlation,AMI,entropy",0.000942271767787704,0.00409530248095477
1234,CO_AddNoise_1_even_10_fitexprmse,"correlation,AMI,entropy",0.00107658530464083,0.00457806928406319
1235,CO_AddNoise_1_even_10_fitlina,"correlation,AMI,entropy",1.31540392168145e-05,0.000110678054762592
1236,CO_AddNoise_1_even_10_fitlinb,"correlation,AMI,entropy",1.24229200737778e-05,0.00010552787075845
1237,CO_AddNoise_1_even_10_linfit_mse,"correlation,AMI,entropy",4.9613796147306e-05,0.000327663553140448
1245,CO_AddNoise_ac_even_10_firstUnder25,"correlation,AMI,entropy",0.0120019102333592,0.0361330854351515
1253,CO_AddNoise_ac_even_10_fitexprmse,"correlation,AMI,entropy",0.0117525566357291,0.0354124401942339
1259,CO_AddNoise_1_std1_10_meanch,"correlation,AMI,entropy",3.05130403710894e-07,1.26566663948618e-05
1260,CO_AddNoise_1_std1_10_ac1,"correlation,AMI,entropy",1.84090878581554e-06,2.79605268046886e-05
1261,CO_AddNoise_1_std1_10_ac2,"correlation,AMI,entropy",8.11026050600951e-07,1.78099311978717e-05
1262,CO_AddNoise_1_std1_10_firstUnder75,"correlation,AMI,entropy",0.000177590949085474,0.000967475116638455
1263,CO_AddNoise_1_std1_10_firstUnder50,"correlation,AMI,entropy",0.000147534978084556,0.000824404356067967
1264,CO_AddNoise_1_std1_10_firstUnder25,"correlation,AMI,entropy",3.60624500778327e-05,0.000251762754332744
1265,CO_AddNoise_1_std1_10_ami_at_5,"correlation,AMI,entropy",8.7870425947142e-06,8.27709072035961e-05
1266,CO_AddNoise_1_std1_10_ami_at_10,"correlation,AMI,entropy",0.00134038555683954,0.0055404165236963
1267,CO_AddNoise_1_std1_10_ami_at_15,"correlation,AMI,entropy",0.00427548416137376,0.0151251915993138
1269,CO_AddNoise_1_std1_10_fitexpa,"correlation,AMI,entropy",3.05130403710894e-07,1.26566663948618e-05
1270,CO_AddNoise_1_std1_10_fitexpb,"correlation,AMI,entropy",2.0836178159175e-06,3.02231107736254e-05
1271,CO_AddNoise_1_std1_10_fitexpr2,"correlation,AMI,entropy",3.39893536496135e-06,4.28979511453218e-05
1272,CO_AddNoise_1_std1_10_fitexprmse,"correlation,AMI,entropy",4.70247342896548e-05,0.000312602099640601
1273,CO_AddNoise_1_std1_10_fitlina,"correlation,AMI,entropy",4.5298014109361e-07,1.3614356528716e-05
1274,CO_AddNoise_1_std1_10_fitlinb,"correlation,AMI,entropy",5.16120692670543e-07,1.43562512671065e-05
1275,CO_AddNoise_1_std1_10_linfit_mse,"correlation,AMI,entropy",3.97323460579137e-07,1.28100695722174e-05
1281,CO_AddNoise_ac_std1_10_firstUnder75,"correlation,AMI,entropy",2.15616580552775e-05,0.000164980410556724
1297,CO_AddNoise_1_gaussian_ac1,"correlation,AMI,entropy",1.66976483886586e-07,1.26328189301646e-05
1298,CO_AddNoise_1_gaussian_ac2,"correlation,AMI,entropy",1.45796399486326e-07,1.26328189301646e-05
1299,CO_AddNoise_1_gaussian_firstUnder75,"correlation,AMI,entropy",0.000146068773664514,0.000823581726234019
1300,CO_AddNoise_1_gaussian_firstUnder50,"correlation,AMI,entropy",2.70204391237184e-05,0.000200476960988007
1301,CO_AddNoise_1_gaussian_firstUnder25,"correlation,AMI,entropy",2.14084961641432e-05,0.000163985381525127
1302,CO_AddNoise_1_gaussian_ami_at_5,"correlation,AMI,entropy",3.97323460579137e-07,1.28100695722174e-05
1303,CO_AddNoise_1_gaussian_ami_at_10,"correlation,AMI,entropy",1.17306779714729e-05,0.000101346770830277
1304,CO_AddNoise_1_gaussian_ami_at_15,"correlation,AMI,entropy",0.000861541430768804,0.00380031925898204
1306,CO_AddNoise_1_gaussian_fitexpa,"correlation,AMI,entropy",1.56039295066102e-07,1.26328189301646e-05
1307,CO_AddNoise_1_gaussian_fitexpb,"correlation,AMI,entropy",3.97323460579137e-07,1.28100695722174e-05
1308,CO_AddNoise_1_gaussian_fitexpr2,"correlation,AMI,entropy",3.97323460579137e-07,1.28100695722174e-05
1309,CO_AddNoise_1_gaussian_fitexprmse,"correlation,AMI,entropy",2.8322842707188e-06,3.83385349851306e-05
1310,CO_AddNoise_1_gaussian_fitlina,"correlation,AMI,entropy",1.66976483886586e-07,1.26328189301646e-05
1311,CO_AddNoise_1_gaussian_fitlinb,"correlation,AMI,entropy",2.04420430353178e-07,1.26328189301646e-05
1312,CO_AddNoise_1_gaussian_linfit_mse,"correlation,AMI,entropy",1.45796399486326e-07,1.26328189301646e-05
1323,CO_AddNoise_ac_gaussian_ami_at_15,"correlation,AMI,entropy",0.0101844541042579,0.0314353059014366
1324,CO_AddNoise_ac_gaussian_ami_at_20,"correlation,AMI,entropy",0.00848785630958759,0.0269491337528669
1334,CO_AddNoise_1_kraskov1_4_meanch,"correlation,AMI,entropy",1.78653201486373e-07,1.26328189301646e-05
1335,CO_AddNoise_1_kraskov1_4_ac1,"correlation,AMI,entropy",5.82681221138167e-06,6.17781450154413e-05
1336,CO_AddNoise_1_kraskov1_4_ac2,"correlation,AMI,entropy",2.21621930828942e-06,3.14392871073938e-05
1337,CO_AddNoise_1_kraskov1_4_firstUnder75,"correlation,AMI,entropy",0.000388454742084919,0.00191607057413653
1338,CO_AddNoise_1_kraskov1_4_firstUnder50,"correlation,AMI,entropy",1.17775790196273e-05,0.000101628184898074
1339,CO_AddNoise_1_kraskov1_4_firstUnder25,"correlation,AMI,entropy",0.000538755066269692,0.00251738450925621
1340,CO_AddNoise_1_kraskov1_4_ami_at_5,"correlation,AMI,entropy",2.85533069149158e-07,1.26566663948618e-05
1341,CO_AddNoise_1_kraskov1_4_ami_at_10,"correlation,AMI,entropy",0.00519689746784096,0.0178247551931315
1344,CO_AddNoise_1_kraskov1_4_fitexpa,"correlation,AMI,entropy",1.78653201486373e-07,1.26328189301646e-05
1345,CO_AddNoise_1_kraskov1_4_fitexpb,"correlation,AMI,entropy",3.19894145993939e-06,4.16331959180735e-05
1346,CO_AddNoise_1_kraskov1_4_fitexpr2,"correlation,AMI,entropy",0.000220031677037124,0.00116036036076157
1347,CO_AddNoise_1_kraskov1_4_fitexprmse,"correlation,AMI,entropy",0.000199349058622623,0.0010663520911088
1348,CO_AddNoise_1_kraskov1_4_fitlina,"correlation,AMI,entropy",1.27225702936697e-07,1.26328189301646e-05
1349,CO_AddNoise_1_kraskov1_4_fitlinb,"correlation,AMI,entropy",1.78653201486373e-07,1.26328189301646e-05
1350,CO_AddNoise_1_kraskov1_4_linfit_mse,"correlation,AMI,entropy",3.4829427824527e-07,1.26865860207478e-05
1363,CO_AddNoise_ac_kraskov1_4_fitexpa,"correlation,AMI,entropy",0.0155436158790251,0.044948459678192
1371,SB_TransitionMatrix_21_ondiag,"symbolic,transitionmat",9.82136182665932e-07,1.85767785163986e-05
1375,SB_TransitionMatrix_21_stdeig,"symbolic,transitionmat",9.82136182665932e-07,1.85767785163986e-05
1377,SB_TransitionMatrix_21_mineig,"symbolic,transitionmat",9.82136182665932e-07,1.85767785163986e-05
1378,SB_TransitionMatrix_21_sumdiagcov,"symbolic,transitionmat",9.82136182665932e-07,1.85767785163986e-05
1379,SB_TransitionMatrix_31_ondiag,"symbolic,transitionmat",3.72030155408931e-07,1.26865860207478e-05
1380,SB_TransitionMatrix_31_stddiag,"symbolic,transitionmat",1.72998018997263e-06,2.68506553336452e-05
1383,SB_TransitionMatrix_31_sumdiagcov,"symbolic,transitionmat",3.97323460579137e-07,1.28100695722174e-05
1384,SB_TransitionMatrix_31_stdeig,"symbolic,transitionmat",6.68816911061285e-07,1.63021249146312e-05
1386,SB_TransitionMatrix_31_mineig,"symbolic,transitionmat",5.87706654304219e-07,1.54392714777031e-05
1388,SB_TransitionMatrix_41_TD1,"symbolic,transitionmat",1.84090878581554e-06,2.79605268046886e-05
1389,SB_TransitionMatrix_41_TD2,"symbolic,transitionmat",5.54175532785684e-06,5.96474515030175e-05
1390,SB_TransitionMatrix_41_TD3,"symbolic,transitionmat",1.43441430774462e-06,2.33891969766267e-05
1391,SB_TransitionMatrix_41_TD4,"symbolic,transitionmat",4.5298014109361e-07,1.3614356528716e-05
1392,SB_TransitionMatrix_41_ondiag,"symbolic,transitionmat",1.52708182821975e-06,2.46172531990061e-05
1393,SB_TransitionMatrix_41_stddiag,"symbolic,transitionmat",4.45641297611193e-05,0.000298482882337695
1396,SB_TransitionMatrix_41_sumdiagcov,"symbolic,transitionmat",1.1149831476865e-06,2.01236016960314e-05
1397,SB_TransitionMatrix_41_stdeig,"symbolic,transitionmat",6.18178925154075e-06,6.41982886693683e-05
1399,SB_TransitionMatrix_41_mineig,"symbolic,transitionmat",4.87516924146122e-06,5.47145180849437e-05
1401,SB_TransitionMatrix_41_maxeigcov,"symbolic,transitionmat",4.24272170812157e-07,1.31989583665378e-05
1403,SB_TransitionMatrix_41_stdeigcov,"symbolic,transitionmat",2.67153931978667e-07,1.26328189301646e-05
1404,SB_TransitionMatrix_51_TD1,"symbolic,transitionmat",1.72998018997263e-06,2.68506553336452e-05
1405,SB_TransitionMatrix_51_TD2,"symbolic,transitionmat",1.18773136379583e-06,2.0852917236148e-05
1406,SB_TransitionMatrix_51_TD3,"symbolic,transitionmat",9.99278771354571e-07,1.88507561840904e-05
1407,SB_TransitionMatrix_51_TD4,"symbolic,transitionmat",2.85533069149158e-07,1.26566663948618e-05
1408,SB_TransitionMatrix_51_TD5,"symbolic,transitionmat",4.24272170812157e-07,1.31989583665378e-05
1409,SB_TransitionMatrix_51_ondiag,"symbolic,transitionmat",8.11026050600951e-07,1.78099311978717e-05
1410,SB_TransitionMatrix_51_stddiag,"symbolic,transitionmat",4.22259746751932e-05,0.000286611328584828
1411,SB_TransitionMatrix_51_symdiff,"symbolic,transitionmat",0.00848785630958759,0.0269491337528669
1413,SB_TransitionMatrix_51_sumdiagcov,"symbolic,transitionmat",6.26998872165287e-07,1.58832250009585e-05
1414,SB_TransitionMatrix_51_stdeig,"symbolic,transitionmat",1.26503510150617e-06,2.14662535286681e-05
1416,SB_TransitionMatrix_51_mineig,"symbolic,transitionmat",1.62549066485909e-06,2.57357260844766e-05
1418,SB_TransitionMatrix_51_maxeigcov,"symbolic,transitionmat",3.05130403710894e-07,1.26566663948618e-05
1420,SB_TransitionMatrix_51_stdeigcov,"symbolic,transitionmat",5.50793468636543e-07,1.48546694792357e-05
1426,SB_TransitionMatrix_2ac_stddiag,"symbolic,transitionmat",0.00497806497783539,0.0172241048233104
1428,SB_TransitionMatrix_2ac_symsumdiff,"symbolic,transitionmat",0.0100677614724984,0.0312109406138247
1462,SB_TransitionMatrix_4ac_maxeig,"symbolic,transitionmat",0.00731756136170696,0.0237871048297835
1485,SB_TransitionpAlphabet_40_1_meandiagfexp_a,"symbolic,transitionmat",5.49139337197368e-06,5.91952176100446e-05
1486,SB_TransitionpAlphabet_40_1_meandiagfexp_b,"symbolic,transitionmat",1.26503510150617e-06,2.14662535286681e-05
1487,SB_TransitionpAlphabet_40_1_meandiagfexp_r2,"symbolic,transitionmat",0.00011460879331106,0.000663608302820691
1488,SB_TransitionpAlphabet_40_1_meandiagfexp_rmse,"symbolic,transitionmat",3.39893536496135e-06,4.28979511453218e-05
1490,SB_TransitionpAlphabet_40_1_maxdiagfexp_b,"symbolic,transitionmat",3.39893536496135e-06,4.28979511453218e-05
1491,SB_TransitionpAlphabet_40_1_maxdiagfexp_r2,"symbolic,transitionmat",0.000374697110145117,0.00185465917812932
1492,SB_TransitionpAlphabet_40_1_maxdiagfexp_rmse,"symbolic,transitionmat",3.83548211191478e-06,4.65044010595069e-05
1493,SB_TransitionpAlphabet_40_1_trfexp_a,"symbolic,transitionmat",9.82136182665932e-07,1.85767785163986e-05
1494,SB_TransitionpAlphabet_40_1_trfexp_b,"symbolic,transitionmat",4.59245894147181e-06,5.20356410093603e-05
1495,SB_TransitionpAlphabet_40_1_trfexp_r2,"symbolic,transitionmat",1.95865484438265e-06,2.90036300860253e-05
1496,SB_TransitionpAlphabet_40_1_trfexp_rmse,"symbolic,transitionmat",6.82179820007579e-05,0.000428962895683844
1498,SB_TransitionpAlphabet_40_1_trflin10adjr2,"symbolic,transitionmat",1.95865484438265e-06,2.90036300860253e-05
1499,SB_TransitionpAlphabet_40_1_symd_a,"symbolic,transitionmat",4.45641297611193e-05,0.000298482882337695
1501,SB_TransitionpAlphabet_40_1_trcov_jump,"symbolic,transitionmat",4.32549215748757e-06,5.02139375991152e-05
1502,SB_TransitionpAlphabet_40_1_trcovfexp_a,"symbolic,transitionmat",0.00029481867962687,0.00149795766088352
1503,SB_TransitionpAlphabet_40_1_trcovfexp_b,"symbolic,transitionmat",9.82427974942328e-05,0.000587056581825268
1505,SB_TransitionpAlphabet_40_1_trcovfexp_rmse,"symbolic,transitionmat",7.8197737788281e-06,7.55662880289206e-05
1506,SB_TransitionpAlphabet_40_1_stdeigfexp_a,"symbolic,transitionmat",6.68816911061285e-07,1.63021249146312e-05
1507,SB_TransitionpAlphabet_40_1_stdeigfexp_b,"symbolic,transitionmat",4.5298014109361e-07,1.3614356528716e-05
1508,SB_TransitionpAlphabet_40_1_stdeigfexp_r2,"symbolic,transitionmat",4.59245894147181e-06,5.20356410093603e-05
1509,SB_TransitionpAlphabet_40_1_stdeigfexp_rmse,"symbolic,transitionmat",8.11026050600951e-07,1.78099311978717e-05
1514,SB_TransitionpAlphabet_40_1_mineigfexp_a,"symbolic,transitionmat",4.87516924146122e-06,5.47145180849437e-05
1515,SB_TransitionpAlphabet_40_1_mineigfexp_b,"symbolic,transitionmat",2.21621930828942e-06,3.14392871073938e-05
1523,SB_TransitionpAlphabet_20_ac_maxdiagfexp_b,"symbolic,transitionmat",0.00678854239663417,0.0223231948165629
1524,SB_TransitionpAlphabet_20_ac_maxdiagfexp_r2,"symbolic,transitionmat",0.00122842305321242,0.00513145154089262
1525,SB_TransitionpAlphabet_20_ac_maxdiagfexp_rmse,"symbolic,transitionmat",0.00480871169077813,0.0166706705878247
1527,SB_TransitionpAlphabet_20_ac_trfexp_b,"symbolic,transitionmat",0.00102996237816126,0.00441421338265728
1530,SB_TransitionpAlphabet_20_ac_trflin5_adjr2,"symbolic,transitionmat",0.0166452400339562,0.047568367268675
1532,SB_TransitionpAlphabet_20_ac_symd_a,"symbolic,transitionmat",0.00139983011578967,0.00574927331285241
1543,SB_TransitionpAlphabet_20_ac_maxeig_fexpa,"symbolic,transitionmat",0.00082362694217216,0.00365124118801696
1544,SB_TransitionpAlphabet_20_ac_maxeig_fexpb,"symbolic,transitionmat",0.000150453358667824,0.000838966724080879
1545,SB_TransitionpAlphabet_20_ac_maxeig_fexpr2,"symbolic,transitionmat",0.000392927991788058,0.00192475016971871
1546,SB_TransitionpAlphabet_20_ac_maxeig_fexprmse,"symbolic,transitionmat",0.00030749463477458,0.00156012835798004
1562,CO_AutoCorrShape_posDrown_Nac,correlation,0.00152244591452482,0.00618186983075375
1567,CO_AutoCorrShape_posDrown_sumacf,correlation,6.1384547346443e-05,0.00039331580336795
1570,CO_AutoCorrShape_posDrown_decayTimescale,correlation,0.000340582796086869,0.00170483681908551
1573,CO_Embed2_Basic_1_updiag01,correlation,6.55740619856895e-06,6.69232836927331e-05
1574,CO_Embed2_Basic_1_updiag05,correlation,2.18616188569126e-07,1.26328189301646e-05
1577,CO_Embed2_Basic_1_ratdiag01,correlation,1.47412616174406e-05,0.000121018250755215
1578,CO_Embed2_Basic_1_ratdiag05,correlation,0.000103435837958387,0.000611901917129974
1579,CO_Embed2_Basic_1_parabup01,correlation,5.17450467954947e-06,5.64657872185299e-05
1580,CO_Embed2_Basic_1_parabup05,correlation,2.50614204546602e-06,3.45837850748842e-05
1581,CO_Embed2_Basic_1_parabdown01,correlation,1.95471950625266e-05,0.000152026594932567
1582,CO_Embed2_Basic_1_parabdown05,correlation,5.17450467954947e-06,5.64657872185299e-05
1583,CO_Embed2_Basic_1_parabup01_1,correlation,9.82136182665932e-07,1.85767785163986e-05
1584,CO_Embed2_Basic_1_parabup05_1,correlation,1.43441430774462e-06,2.33891969766267e-05
1585,CO_Embed2_Basic_1_parabdown01_1,correlation,0.0168086229987566,0.0480031640907448
1586,CO_Embed2_Basic_1_parabdown05_1,correlation,7.3751706263707e-06,7.2655673962288e-05
1587,CO_Embed2_Basic_1_parabup01_n1,correlation,0.0112966564196014,0.0344376719151192
1588,CO_Embed2_Basic_1_parabup05_n1,correlation,0.00029481867962687,0.00149795766088352
1589,CO_Embed2_Basic_1_parabdown01_n1,correlation,5.82559020794637e-06,6.17781450154413e-05
1590,CO_Embed2_Basic_1_parabdown05_n1,correlation,9.21562980967866e-07,1.85700176818326e-05
1591,CO_Embed2_Basic_1_ring1_01,correlation,0.000309391534112162,0.00156082087585887
1592,CO_Embed2_Basic_1_ring1_02,correlation,0.00181057379343184,0.00716651781072101
1593,CO_Embed2_Basic_1_ring1_05,correlation,0.00128327762626588,0.00533545615656736
1594,CO_Embed2_Basic_1_incircle_01,correlation,5.52026967449372e-05,0.000359552550975059
1595,CO_Embed2_Basic_1_incircle_02,correlation,4.00045227898351e-05,0.000272838538604135
1596,CO_Embed2_Basic_1_incircle_05,correlation,0.000626782424265422,0.00286823724859009
1597,CO_Embed2_Basic_1_incircle_1,correlation,0.00263725978627337,0.00987128425542852
1600,CO_Embed2_Basic_1_medianincircle,correlation,0.00102996237816126,0.00441421338265728
1601,CO_Embed2_Basic_1_stdincircle,correlation,0.000267581120235988,0.00138234004794892
1605,CO_Embed2_Basic_tau_downdiag05,correlation,0.0130655617316131,0.0386947930531658
1631,PD_PeriodicityWang_th0,"periodicity,spline",3.06320203492062e-05,0.000221255519691364
1632,PD_PeriodicityWang_th0.01,"periodicity,spline",0.000121656716361903,0.000698148130384285
1633,PD_PeriodicityWang_th0.1,"periodicity,spline",0.000331920103153176,0.00166853954051416
1634,PD_PeriodicityWang_th0.2,"periodicity,spline",6.54464333758135e-05,0.000415216057186624
1635,PD_PeriodicityWang_th1_sqrtN,"periodicity,spline",0.000160319855294402,0.000887703929432624
1636,PD_PeriodicityWang_th5_sqrtN,"periodicity,spline",0.00106511477904336,0.00455386324759166
1637,PD_PeriodicityWang_th10_sqrtN,"periodicity,spline",2.1080718126205e-05,0.000161649225588294
1640,PH_ForcePotential_dblwell_1_02_01_range,dynamicalSystem,3.0102618480377e-06,3.97612426222187e-05
1642,PH_ForcePotential_dblwell_1_02_01_pcross,dynamicalSystem,3.04637264727127e-05,0.000220264232284354
1643,PH_ForcePotential_dblwell_1_02_01_pcrossup,dynamicalSystem,0.00109242085701232,0.00463706830567826
1645,PH_ForcePotential_dblwell_1_02_01_ac1,dynamicalSystem,1.95865484438265e-06,2.90036300860253e-05
1646,PH_ForcePotential_dblwell_1_02_01_ac10,dynamicalSystem,2.8322842707188e-06,3.83385349851306e-05
1648,PH_ForcePotential_dblwell_1_02_01_tau,dynamicalSystem,7.18988102492802e-05,0.000448135554567789
1650,PH_ForcePotential_dblwell_1_02_01_std,dynamicalSystem,2.18599433306592e-05,0.000166365427086229
1653,PH_ForcePotential_dblwell_1_05_02_range,dynamicalSystem,0.00197040771953243,0.00767074750529282
1655,PH_ForcePotential_dblwell_1_05_02_pcross,dynamicalSystem,0.00353686086757789,0.0128387687480706
1659,PH_ForcePotential_dblwell_1_05_02_ac10,dynamicalSystem,0.000431902709468371,0.00207553246494523
1661,PH_ForcePotential_dblwell_1_05_02_tau,dynamicalSystem,0.000411985081919444,0.0020015138260648
1663,PH_ForcePotential_dblwell_1_05_02_std,dynamicalSystem,8.41011855946992e-05,0.000512923223923647
1666,PH_ForcePotential_dblwell_2_005_02_range,dynamicalSystem,0.00107658530464083,0.00457806928406319
1668,PH_ForcePotential_dblwell_2_005_02_pcross,dynamicalSystem,0.00788327688124583,0.0253587677635722
1671,PH_ForcePotential_dblwell_2_005_02_ac1,dynamicalSystem,0.00323359045900606,0.011838842434849
1673,PH_ForcePotential_dblwell_2_005_02_ac50,dynamicalSystem,0.00263725978627337,0.00987128425542852
1674,PH_ForcePotential_dblwell_2_005_02_tau,dynamicalSystem,0.00427548416137376,0.0151251915993138
1676,PH_ForcePotential_dblwell_2_005_02_std,dynamicalSystem,0.00583240319190966,0.0196528436295559
1679,PH_ForcePotential_dblwell_3_001_01_range,dynamicalSystem,9.32965976131512e-05,0.000562236845259203
1681,PH_ForcePotential_dblwell_3_001_01_pcross,dynamicalSystem,0.00605931502191424,0.0202825490563651
1714,PH_ForcePotential_sine_10_004_10_range,dynamicalSystem,0.0121766025070389,0.0364130533825874
1724,DN_RemovePoints_absclose_01_remove_ac1rat,"correlation,outliers",2.06727974704263e-05,0.00015886473722398
1725,DN_RemovePoints_absclose_01_remove_ac1diff,"correlation,outliers",4.00045227898351e-05,0.000272838538604135
1726,DN_RemovePoints_absclose_01_remove_ac2rat,"correlation,outliers",0.000452716478387203,0.00216091385006758
1727,DN_RemovePoints_absclose_01_remove_ac2diff,"correlation,outliers",0.0027478022249797,0.0102096182198958
1728,DN_RemovePoints_absclose_01_remove_ac3rat,"correlation,outliers",0.000140455025433301,0.000793190681049683
1736,DN_RemovePoints_absclose_05_remove_fzcacrat,"correlation,outliers",0.00540141912727418,0.0184016646828798
1737,DN_RemovePoints_absclose_05_remove_ac1rat,"correlation,outliers",0.000357259343652894,0.00177578172707076
1738,DN_RemovePoints_absclose_05_remove_ac1diff,"correlation,outliers",0.00078726537066868,0.00349879277829132
1739,DN_RemovePoints_absclose_05_remove_ac2rat,"correlation,outliers",0.000901068977688017,0.00394523596218587
1741,DN_RemovePoints_absclose_05_remove_ac3rat,"correlation,outliers",0.00286256220704461,0.010597157481507
1743,DN_RemovePoints_absclose_05_remove_sumabsacfdiff,"correlation,outliers",0.00818056932224017,0.0261490663373815
1750,DN_RemovePoints_absclose_08_remove_ac1rat,"correlation,outliers",0.000147725636058422,0.000824404356067967
1751,DN_RemovePoints_absclose_08_remove_ac1diff,"correlation,outliers",0.000392927991788058,0.00192475016971871
1752,DN_RemovePoints_absclose_08_remove_ac2rat,"correlation,outliers",0.000431902709468371,0.00207553246494523
1753,DN_RemovePoints_absclose_08_remove_ac2diff,"correlation,outliers",0.0166452400339562,0.047568367268675
1754,DN_RemovePoints_absclose_08_remove_ac3rat,"correlation,outliers",0.00122842305321242,0.00513145154089262
1762,DN_RemovePoints_absfar_01_remove_fzcacrat,"correlation,outliers",0.00078726537066868,0.00349879277829132
1763,DN_RemovePoints_absfar_01_remove_ac1rat,"correlation,outliers",3.83548211191478e-06,4.65044010595069e-05
1764,DN_RemovePoints_absfar_01_remove_ac1diff,"correlation,outliers",9.3125620761273e-06,8.58959724394941e-05
1765,DN_RemovePoints_absfar_01_remove_ac2rat,"correlation,outliers",1.95865484438265e-06,2.90036300860253e-05
1766,DN_RemovePoints_absfar_01_remove_ac2diff,"correlation,outliers",8.41011855946992e-05,0.000512923223923647
1767,DN_RemovePoints_absfar_01_remove_ac3rat,"correlation,outliers",6.95480101290475e-06,7.00715960007577e-05
1775,DN_RemovePoints_absfar_08_remove_fzcacrat,"correlation,outliers",0.00310530796992304,0.0114124090314322
1776,DN_RemovePoints_absfar_08_remove_ac1rat,"correlation,outliers",0.00117574116189045,0.00494927718770858
1779,DN_RemovePoints_absfar_08_remove_ac2diff,"correlation,outliers",4.32549215748757e-06,5.02139375991152e-05
1781,DN_RemovePoints_absfar_08_remove_ac3diff,"correlation,outliers",8.7870425947142e-06,8.27709072035961e-05
1788,DN_RemovePoints_absfar_01_saturate_fzcacrat,"correlation,outliers",0.00848785630958759,0.0269491337528669
1793,DN_RemovePoints_absfar_01_saturate_ac3rat,"correlation,outliers",0.00286256220704461,0.010597157481507
1794,DN_RemovePoints_absfar_01_saturate_ac3diff,"correlation,outliers",1.47412616174406e-05,0.000121018250755215
1802,DN_RemovePoints_absfar_08_saturate_ac1rat,"correlation,outliers",9.86802931933148e-06,8.9851003802334e-05
1803,DN_RemovePoints_absfar_08_saturate_ac1diff,"correlation,outliers",5.82159585412248e-05,0.000376413668124802
1804,DN_RemovePoints_absfar_08_saturate_ac2rat,"correlation,outliers",0.00181057379343184,0.00716651781072101
1807,DN_RemovePoints_absfar_08_saturate_ac3diff,"correlation,outliers",1.72998018997263e-06,2.68506553336452e-05
1819,DN_RemovePoints_min_01_saturate_ac3rat,"correlation,outliers",0.00444695290880556,0.0156304444906629
1827,DN_RemovePoints_min_05_saturate_ac1rat,"correlation,outliers",1.26503510150617e-06,2.14662535286681e-05
1828,DN_RemovePoints_min_05_saturate_ac1diff,"correlation,outliers",2.35690423947498e-06,3.30385805743005e-05
1829,DN_RemovePoints_min_05_saturate_ac2rat,"correlation,outliers",0.000147725636058422,0.000824404356067967
1830,DN_RemovePoints_min_05_saturate_ac2diff,"correlation,outliers",0.00788327688124583,0.0253587677635722
1833,DN_RemovePoints_min_05_saturate_sumabsacfdiff,"correlation,outliers",4.45641297611193e-05,0.000298482882337695
1836,DN_RemovePoints_min_05_saturate_skewnessrat,"correlation,outliers,distribution",0.0113416610170194,0.0344376719151192
1839,DN_RemovePoints_min_08_saturate_ac1rat,"correlation,outliers",6.26998872165287e-07,1.58832250009585e-05
1840,DN_RemovePoints_min_08_saturate_ac1diff,"correlation,outliers",1.43441430774462e-06,2.33891969766267e-05
1841,DN_RemovePoints_min_08_saturate_ac2rat,"correlation,outliers",5.2337595654733e-05,0.000343427220476787
1842,DN_RemovePoints_min_08_saturate_ac2diff,"correlation,outliers",0.00704859648267514,0.0230570342499912
1843,DN_RemovePoints_min_08_saturate_ac3rat,"correlation,outliers",0.0130655617316131,0.0386947930531658
1845,DN_RemovePoints_min_08_saturate_sumabsacfdiff,"correlation,outliers",0.000686926233975337,0.00310737740917543
1848,DN_RemovePoints_min_08_saturate_skewnessrat,"correlation,outliers,distribution",0.0113416610170194,0.0344376719151192
1851,DN_RemovePoints_max_01_saturate_ac1rat,"correlation,outliers",0.00336668407320579,0.0122838941004366
1852,DN_RemovePoints_max_01_saturate_ac1diff,"correlation,outliers",0.00759569887611432,0.0245377947700941
1853,DN_RemovePoints_max_01_saturate_ac2rat,"correlation,outliers",0.00788327688124583,0.0253587677635722
1862,DN_RemovePoints_max_08_saturate_fzcacrat,"correlation,outliers",0.00629414882979977,0.0209205237346625
1863,DN_RemovePoints_max_08_saturate_ac1rat,"correlation,outliers",4.24272170812157e-07,1.31989583665378e-05
1864,DN_RemovePoints_max_08_saturate_ac1diff,"correlation,outliers",4.5298014109361e-07,1.3614356528716e-05
1865,DN_RemovePoints_max_08_saturate_ac2rat,"correlation,outliers",3.97323460579137e-07,1.28100695722174e-05
1866,DN_RemovePoints_max_08_saturate_ac2diff,"correlation,outliers",6.55740619856895e-06,6.69232836927331e-05
1867,DN_RemovePoints_max_08_saturate_ac3rat,"correlation,outliers",3.19894145993939e-06,4.16331959180735e-05
1869,DN_RemovePoints_max_08_saturate_sumabsacfdiff,"correlation,outliers",0.000267581120235988,0.00138234004794892
1872,DN_RemovePoints_max_08_saturate_skewnessrat,"correlation,outliers,distribution",0.0121766025070389,0.0364130533825874
1875,CO_TranslateShape_circle_15_pts_std,correlation,2.04420430353178e-07,1.26328189301646e-05
1876,CO_TranslateShape_circle_15_pts_mean,correlation,1.96328113845148e-07,1.26328189301646e-05
1877,CO_TranslateShape_circle_15_pts_npatmode,correlation,2.18616188569126e-07,1.26328189301646e-05
1878,CO_TranslateShape_circle_15_pts_mode,correlation,0.0009765625,0.0042236328125
1879,CO_TranslateShape_circle_15_pts_ones,correlation,1.5582252754385e-07,1.26328189301646e-05
1880,CO_TranslateShape_circle_15_pts_twos,correlation,2.49919961928664e-07,1.26328189301646e-05
1881,CO_TranslateShape_circle_15_pts_threes,correlation,2.18616188569126e-07,1.26328189301646e-05
1889,CO_TranslateShape_circle_25_pts_std,correlation,1.03591204136718e-07,1.26328189301646e-05
1890,CO_TranslateShape_circle_25_pts_mean,correlation,5.54635499935465e-08,1.26328189301646e-05
1891,CO_TranslateShape_circle_25_pts_npatmode,correlation,6.83973843957173e-08,1.26328189301646e-05
1892,CO_TranslateShape_circle_25_pts_mode,correlation,0.0050048828125,0.0172412014517059
1894,CO_TranslateShape_circle_25_pts_twos,correlation,0.01513671875,0.0440741979038383
1895,CO_TranslateShape_circle_25_pts_threes,correlation,1.26503510150617e-06,2.14662535286681e-05
1896,CO_TranslateShape_circle_25_pts_fours,correlation,6.83973843957173e-08,1.26328189301646e-05
1897,CO_TranslateShape_circle_25_pts_fives,correlation,6.83973843957173e-08,1.26328189301646e-05
1905,CO_TranslateShape_circle_35_pts_std,correlation,4.83557438253742e-07,1.40568561866139e-05
1906,CO_TranslateShape_circle_35_pts_mean,correlation,6.26998872165287e-07,1.58832250009585e-05
1907,CO_TranslateShape_circle_35_pts_npatmode,correlation,8.11026050600951e-07,1.78099311978717e-05
1908,CO_TranslateShape_circle_35_pts_mode,correlation,0.00495174710165979,0.0171414066335153
1912,CO_TranslateShape_circle_35_pts_fours,correlation,0.000285461060620735,0.00146404577222189
1913,CO_TranslateShape_circle_35_pts_fives,correlation,1.04653269791364e-06,1.92806660423414e-05
1914,CO_TranslateShape_circle_35_pts_sixes,correlation,1.62549066485909e-06,2.57357260844766e-05
1915,CO_TranslateShape_circle_35_pts_sevens,correlation,8.11026050600951e-07,1.78099311978717e-05
1923,CO_TranslateShape_rectangle_2_pts_std,correlation,3.39893536496135e-06,4.28979511453218e-05
1925,CO_TranslateShape_rectangle_2_pts_npatmode,correlation,9.04433413979333e-06,8.50815146598861e-05
1927,CO_TranslateShape_rectangle_2_pts_ones,correlation,1.84090878581554e-06,2.79605268046886e-05
1928,CO_TranslateShape_rectangle_2_pts_twos,correlation,8.75682397638503e-07,1.83221688685838e-05
1929,CO_TranslateShape_rectangle_2_pts_threes,correlation,2.58231003683401e-05,0.000191995021921002
1930,CO_TranslateShape_rectangle_2_pts_fours,correlation,0.000220031677037124,0.00116036036076157
1931,CO_TranslateShape_rectangle_2_pts_fives,correlation,8.53330114808249e-06,8.12438993870457e-05
1938,CO_StickAngles_y_std_p,correlation,8.64595004250958e-07,1.81437052223433e-05
1941,CO_StickAngles_y_std_n,correlation,1.66976483886586e-07,1.26328189301646e-05
1944,CO_StickAngles_y_std,correlation,2.18616188569126e-07,1.26328189301646e-05
1970,CO_StickAngles_y_statav5_p_m,"correlation,stationarity",0.0160861401361776,0.0461752294560534
1976,CO_StickAngles_y_tau_p,correlation,7.60661190228156e-07,1.75744945351411e-05
1977,CO_StickAngles_y_ac1_p,correlation,1.65101028457949e-05,0.000131876305726603
1978,CO_StickAngles_y_ac2_p,correlation,4.24272170812157e-07,1.31989583665378e-05
1979,CO_StickAngles_y_tau_n,correlation,4.07343157778537e-06,4.83967339719123e-05
1980,CO_StickAngles_y_ac1_n,correlation,0.000108887185280847,0.000637241588446412
1981,CO_StickAngles_y_ac2_n,correlation,2.50614204546602e-06,3.45837850748842e-05
1982,CO_StickAngles_y_tau_all,correlation,1.62549066485909e-06,2.57357260844766e-05
1983,CO_StickAngles_y_ac1_all,correlation,4.45641297611193e-05,0.000298482882337695
1984,CO_StickAngles_y_ac2_all,correlation,7.60661190228156e-07,1.75744945351411e-05
1986,CO_StickAngles_y_q10_p,correlation,0.00253079653773657,0.00953822520837697
1991,CO_StickAngles_y_q90_n,correlation,0.0091335656357516,0.0286529770253809
1993,CO_StickAngles_y_q1_all,correlation,0.0121766025070389,0.0364130533825874
1994,CO_StickAngles_y_q10_all,correlation,0.010943570085506,0.0335013994892076
1995,CO_StickAngles_y_q90_all,correlation,0.00379644200152357,0.0136691183334044
2003,CO_Embed2_tau_theta_ac1,"correlation,embedding",0.00298168202047877,0.0109979566153177
2034,CO_Embed2_AngleTau_50_ac1_thetaac2,"correlation,embedding",0.0113416610170194,0.0344376719151192
2035,CO_Embed2_AngleTau_50_ac1_thetaac3,"correlation,embedding",0.010943570085506,0.0335013994892076
2036,CO_Embed2_AngleTau_50_mean_thetaac1,"correlation,embedding",0.00159305660196512,0.00642019913507876
2037,CO_Embed2_AngleTau_50_max_thetaac1,"correlation,embedding",0.00480871169077813,0.0166706705878247
2038,CO_Embed2_AngleTau_50_min_thetaac1,"correlation,embedding",3.78942790951893e-05,0.000260955457885609
2039,CO_Embed2_AngleTau_50_mean_thetaac2,"correlation,embedding",0.00731756136170696,0.0237871048297835
2041,CO_Embed2_AngleTau_50_min_thetaac2,"correlation,embedding",0.00629414882979977,0.0209205237346625
2047,CO_Embed2_Dist_tau_d_ac1,"correlation,embedding",0.00788327688124583,0.0253587677635722
2050,CO_Embed2_Dist_tau_d_median,"correlation,embedding",4.5298014109361e-07,1.3614356528716e-05
2051,CO_Embed2_Dist_tau_d_max,"correlation,embedding",4.22259746751932e-05,0.000286611328584828
2052,CO_Embed2_Dist_tau_d_iqr,"correlation,embedding",8.42321392028478e-08,1.26328189301646e-05
2054,CO_Embed2_Dist_tau_d_mean,"correlation,embedding",2.18616188569126e-07,1.26328189301646e-05
2055,CO_Embed2_Dist_tau_d_std,"correlation,embedding",1.1095309646974e-07,1.26328189301646e-05
2057,CO_Embed2_Dist_tau_d_expfit_nlogL,"correlation,embedding",2.49919961928664e-07,1.26328189301646e-05
2058,CO_Embed2_Dist_tau_d_expfit_meandiff,"correlation,embedding",3.04637264727127e-05,0.000220264232284354
2059,CO_Embed2_Shapes_tau_circle_01_ac1,"correlation,embedding",0.000431902709468371,0.00207553246494523
2060,CO_Embed2_Shapes_tau_circle_01_ac2,"correlation,embedding",0.00107658530464083,0.00457806928406319
2065,CO_Embed2_Shapes_tau_circle_01_mean,"correlation,embedding",0.0172213319317616,0.0489386648205069
2073,CO_Embed2_Shapes_tau_circle_1_ac1,"correlation,embedding",2.8835208146233e-05,0.000210636592565634
2074,CO_Embed2_Shapes_tau_circle_1_ac2,"correlation,embedding",0.000357259343652894,0.00177578172707076
2089,NW_VisibilityGraph_horiz_meank,"network,visibilityGraph",0.00012193953567187,0.000698640651470578
2091,NW_VisibilityGraph_horiz_stdk,"network,visibilityGraph",0.00395041253231895,0.0141302451294696
2096,NW_VisibilityGraph_horiz_skewnessk,"network,visibilityGraph",0.000452716478387203,0.00216091385006758
2107,NW_VisibilityGraph_horiz_dexpk_resAC1,"network,visibilityGraph",0.0105579451035292,0.0324469257449449
2115,NW_VisibilityGraph_horiz_gaussnlogL,"network,visibilityGraph,lengthDependent",0.00411003277270197,0.0146421207718609
2116,NW_VisibilityGraph_horiz_expnlogL,"network,visibilityGraph,lengthDependent",0.00012193953567187,0.000698640651470578
2117,NW_VisibilityGraph_horiz_evparam1,"network,visibilityGraph",0.00102996237816126,0.00441421338265728
2118,NW_VisibilityGraph_horiz_evparam2,"network,visibilityGraph",0.00653714319617325,0.0216268454712952
2119,NW_VisibilityGraph_horiz_evnlogL,"network,visibilityGraph,lengthDependent",0.00364794442843455,0.0131880070493814
2123,NW_VisibilityGraph_horiz_kac3,"network,visibilityGraph",0.00462463008225427,0.0161270900557667
2126,NW_VisibilityGraph_norm_propmode,"network,visibilityGraph",2.50614204546602e-06,3.45837850748842e-05
2127,NW_VisibilityGraph_norm_meank,"network,visibilityGraph",2.18616188569126e-07,1.26328189301646e-05
2128,NW_VisibilityGraph_norm_mediank,"network,visibilityGraph",6.15960569375044e-05,0.000394314830196497
2129,NW_VisibilityGraph_norm_stdk,"network,visibilityGraph",2.06727974704263e-05,0.00015886473722398
2130,NW_VisibilityGraph_norm_maxk,"network,visibilityGraph",0.011750912979618,0.0354124401942339
2132,NW_VisibilityGraph_norm_rangek,"network,visibilityGraph",0.0145047439086874,0.0424261593419457
2133,NW_VisibilityGraph_norm_iqrk,"network,visibilityGraph",0.000227542951069143,0.00119908035061919
2141,NW_VisibilityGraph_norm_dgaussk_resAC2,"network,visibilityGraph",0.00678854239663417,0.0223231948165629
2144,NW_VisibilityGraph_norm_dexpk_rmse,"network,visibilityGraph",0.00310530796992304,0.0114124090314322
2146,NW_VisibilityGraph_norm_dexpk_resAC2,"network,visibilityGraph",0.000656213856332496,0.00298366979677333
2149,NW_VisibilityGraph_norm_dpowerk_rmse,"network,visibilityGraph",0.000718970297700572,0.00322763058328491
2151,NW_VisibilityGraph_norm_dpowerk_resAC2,"network,visibilityGraph",0.000280890693437725,0.00144164811038624
2152,NW_VisibilityGraph_norm_dpowerk_resruns,"network,visibilityGraph",0.0117517347942307,0.0354124401942339
2153,NW_VisibilityGraph_norm_gaussnlogL,"network,visibilityGraph,lengthDependent",2.44316942629559e-05,0.000182606962494359
2154,NW_VisibilityGraph_norm_expnlogL,"network,visibilityGraph,lengthDependent",2.04420430353178e-07,1.26328189301646e-05
2155,NW_VisibilityGraph_norm_evparam1,"network,visibilityGraph",5.94863830850896e-08,1.26328189301646e-05
2156,NW_VisibilityGraph_norm_evparam2,"network,visibilityGraph",0.00653714319617325,0.0216268454712952
2157,NW_VisibilityGraph_norm_evnlogL,"network,visibilityGraph,lengthDependent",0.00188893854939985,0.00743520595499065
2158,NW_VisibilityGraph_norm_entropy,"network,visibilityGraph",3.97323460579137e-07,1.28100695722174e-05
2159,NW_VisibilityGraph_norm_kac1,"network,visibilityGraph",7.8197737788281e-06,7.55662880289206e-05
2160,NW_VisibilityGraph_norm_kac2,"network,visibilityGraph",8.11026050600951e-07,1.78099311978717e-05
2161,NW_VisibilityGraph_norm_kac3,"network,visibilityGraph",1.36205222978583e-07,1.26328189301646e-05
2162,NW_VisibilityGraph_norm_ktau,"network,visibilityGraph",1.84090878581554e-06,2.79605268046886e-05
2178,SY_SpreadRandomLocal_ac2_100_meansampen1_015,stationarity,0.00078726537066868,0.00349879277829132
2179,SY_SpreadRandomLocal_ac2_100_meanac1,stationarity,3.83548211191478e-06,4.65044010595069e-05
2180,SY_SpreadRandomLocal_ac2_100_meanac2,stationarity,5.82681221138167e-06,6.17781450154413e-05
2181,SY_SpreadRandomLocal_ac2_100_meantaul,stationarity,3.78942790951893e-05,0.000260955457885609
2187,SY_SpreadRandomLocal_ac2_100_stdac1,stationarity,6.1384547346443e-05,0.00039331580336795
2189,SY_SpreadRandomLocal_ac2_100_stdtaul,stationarity,0.00540141912727418,0.0184016646828798
2194,SY_SpreadRandomLocal_ac5_100_meansampen1_015,stationarity,0.0172213319317616,0.0489386648205069
2195,SY_SpreadRandomLocal_ac5_100_meanac1,stationarity,1.26503510150617e-06,2.14662535286681e-05
2196,SY_SpreadRandomLocal_ac5_100_meanac2,stationarity,1.72998018997263e-06,2.68506553336452e-05
2197,SY_SpreadRandomLocal_ac5_100_meantaul,stationarity,0.000199349058622623,0.0010663520911088
2202,SY_SpreadRandomLocal_ac5_100_stdsampen1_015,stationarity,7.18988102492802e-05,0.000448135554567789
2203,SY_SpreadRandomLocal_ac5_100_stdac1,stationarity,0.00029481867962687,0.00149795766088352
2204,SY_SpreadRandomLocal_ac5_100_stdac2,stationarity,0.000520910653425132,0.00244043544567005
2205,SY_SpreadRandomLocal_ac5_100_stdtaul,stationarity,0.00480871169077813,0.0166706705878247
2210,SY_SpreadRandomLocal_50_100_meansampen1_015,stationarity,1.91117503015364e-07,1.26328189301646e-05
2211,SY_SpreadRandomLocal_50_100_meanac1,stationarity,6.26998872165287e-07,1.58832250009585e-05
2212,SY_SpreadRandomLocal_50_100_meanac2,stationarity,1.78653201486373e-07,1.26328189301646e-05
2213,SY_SpreadRandomLocal_50_100_meantaul,stationarity,0.000452716478387203,0.00216091385006758
2214,SY_SpreadRandomLocal_50_100_stdmean,stationarity,0.00947257968258233,0.0295076889277806
2216,SY_SpreadRandomLocal_50_100_stdskew,stationarity,0.0155436158790251,0.044948459678192
2218,SY_SpreadRandomLocal_50_100_stdsampen1_015,stationarity,2.72896655970471e-05,0.000201421017773002
2226,SY_SpreadRandomLocal_100_100_meansampen1_015,stationarity,2.67153931978667e-07,1.26328189301646e-05
2227,SY_SpreadRandomLocal_100_100_meanac1,stationarity,3.05130403710894e-07,1.26566663948618e-05
2228,SY_SpreadRandomLocal_100_100_meanac2,stationarity,1.56039295066102e-07,1.26328189301646e-05
2229,SY_SpreadRandomLocal_100_100_meantaul,stationarity,0.0121766025070389,0.0364130533825874
2230,SY_SpreadRandomLocal_100_100_stdmean,stationarity,0.0172213319317616,0.0489386648205069
2232,SY_SpreadRandomLocal_100_100_stdskew,stationarity,0.0091335656357516,0.0286529770253809
2242,SY_SpreadRandomLocal_200_100_meansampen1_015,stationarity,8.11026050600951e-07,1.78099311978717e-05
2243,SY_SpreadRandomLocal_200_100_meanac1,stationarity,1.18820146520854e-07,1.26328189301646e-05
2244,SY_SpreadRandomLocal_200_100_meanac2,stationarity,1.27225702936697e-07,1.26328189301646e-05
2246,SY_SpreadRandomLocal_200_100_stdmean,stationarity,0.0027478022249797,0.0102096182198958
2254,SY_DriftingMean20_max,stationarity,0.00029481867962687,0.00149795766088352
2255,SY_DriftingMean20_min,stationarity,0.000985214086551646,0.00424294081111768
2258,SY_DriftingMean20_meanabsmaxmin,stationarity,0.000431902709468371,0.00207553246494523
2259,SY_DriftingMean50_max,stationarity,0.00678854239663417,0.0223231948165629
2260,SY_DriftingMean50_min,stationarity,0.0126141510785048,0.0375933502520312
2263,SY_DriftingMean50_meanabsmaxmin,stationarity,0.0105579451035292,0.0324469257449449
2279,SY_StdNthDerChange_a,entropy,0.00102996237816126,0.00441421338265728
2282,SY_StdNthDerChange_rmse,entropy,7.98313205736858e-05,0.000490254161756843
2288,SY_LocalDistributions_3_par_mindiv,stationarity,0.00818056932224017,0.0261490663373815
2310,SY_RangeEvolve_totnuq,stationarity,3.78545697102998e-05,0.000260955457885609
2315,SY_RangeEvolve_nuql10,stationarity,0.000638927325295924,0.00292004608139432
2323,SY_RangeEvolve_l10,stationarity,0.00181057379343184,0.00716651781072101
2329,FC_Surprise_dist_5_2_q_500_mean,"information,symbolic",3.39866324809848e-05,0.000240826357829795
2330,FC_Surprise_dist_5_2_q_500_median,"information,symbolic",0.0045021842591401,0.0158089074010301
2332,FC_Surprise_dist_5_2_q_500_uq,"information,symbolic",0.00200871166575473,0.00781128938881487
2333,FC_Surprise_dist_5_2_q_500_std,"information,symbolic",0.0155436158790251,0.044948459678192
2334,FC_Surprise_dist_5_2_q_500_tstat,"information,symbolic",0.00018970647056619,0.00102403957056772
2341,FC_Surprise_dist_20_2_q_500_std,"information,symbolic",0.00029481867962687,0.00149795766088352
2342,FC_Surprise_dist_20_2_q_500_tstat,"information,symbolic",3.78942790951893e-05,0.000260955457885609
2348,FC_Surprise_dist_50_3_q_500_uq,"information,symbolic",0.00553237396487721,0.0188206851476614
2349,FC_Surprise_dist_50_3_q_500_std,"information,symbolic",0.00395041253231895,0.0141302451294696
2351,FC_Surprise_dist_100_4_q_500_min,"information,symbolic",0.0168109205697744,0.0480031640907448
2359,FC_Surprise_dist_100_5_q_500_min,"information,symbolic",0.00149257330701991,0.00608787950931124
2360,FC_Surprise_dist_100_5_q_500_max,"information,symbolic",0.0160551599231014,0.0461752294560534
2369,FC_Surprise_T1_20_2_q_500_mean,"information,symbolic",0.00011460879331106,0.000663608302820691
2370,FC_Surprise_T1_20_2_q_500_median,"information,symbolic",7.54275408690134e-06,7.42035433264788e-05
2371,FC_Surprise_T1_20_2_q_500_lq,"information,symbolic",3.38263551328133e-05,0.000240826357829795
2372,FC_Surprise_T1_20_2_q_500_uq,"information,symbolic",2.07157333948461e-05,0.000159022399317796
2373,FC_Surprise_T1_20_2_q_500_std,"information,symbolic",0.0027478022249797,0.0102096182198958
2374,FC_Surprise_T1_20_2_q_500_tstat,"information,symbolic",0.000545691962300163,0.00254309664165247
2375,FC_Surprise_T1_50_3_q_500_min,"information,symbolic",2.21621930828942e-06,3.14392871073938e-05
2377,FC_Surprise_T1_50_3_q_500_mean,"information,symbolic",0.00166273463464593,0.00666315071386644
2378,FC_Surprise_T1_50_3_q_500_median,"information,symbolic",4.40598770310539e-06,5.08984866093266e-05
2379,FC_Surprise_T1_50_3_q_500_lq,"information,symbolic",2.03613300529015e-05,0.000158185009929058
2380,FC_Surprise_T1_50_3_q_500_uq,"information,symbolic",0.00199664587053962,0.00776862817319666
2381,FC_Surprise_T1_50_3_q_500_std,"information,symbolic",1.31540392168145e-05,0.000110678054762592
2383,FC_Surprise_T1_100_4_q_500_min,"information,symbolic",9.8610008970171e-05,0.000588754876789077
2385,FC_Surprise_T1_100_4_q_500_mean,"information,symbolic",1.65101028457949e-05,0.000131876305726603
2386,FC_Surprise_T1_100_4_q_500_median,"information,symbolic",7.56592191166047e-06,7.43283713565203e-05
2387,FC_Surprise_T1_100_4_q_500_lq,"information,symbolic",4.21952472293228e-06,5.00486435781917e-05
2389,FC_Surprise_T1_100_4_q_500_std,"information,symbolic",0.00462463008225427,0.0161270900557667
2390,FC_Surprise_T1_100_4_q_500_tstat,"information,symbolic",5.2337595654733e-05,0.000343427220476787
2391,FC_Surprise_T1_100_5_q_500_min,"information,symbolic",7.18988102492802e-05,0.000448135554567789
2393,FC_Surprise_T1_100_5_q_500_mean,"information,symbolic",3.0102618480377e-06,3.97612426222187e-05
2394,FC_Surprise_T1_100_5_q_500_median,"information,symbolic",1.95865484438265e-06,2.90036300860253e-05
2395,FC_Surprise_T1_100_5_q_500_lq,"information,symbolic",6.95193028934787e-06,7.00715960007577e-05
2396,FC_Surprise_T1_100_5_q_500_uq,"information,symbolic",0.000450715908520608,0.00216091385006758
2398,FC_Surprise_T1_100_5_q_500_tstat,"information,symbolic",0.00181057379343184,0.00716651781072101
2401,FC_Surprise_T2_20_2_q_500_mean,"information,symbolic",0.00982277183238884,0.030464766334558
2402,FC_Surprise_T2_20_2_q_500_median,"information,symbolic",0.000161630459155089,0.000893565741844932
2403,FC_Surprise_T2_20_2_q_500_lq,"information,symbolic",0.000960443864158297,0.00416407599540025
2405,FC_Surprise_T2_20_2_q_500_std,"information,symbolic",0.00605931502191424,0.0202825490563651
2409,FC_Surprise_T2_50_3_q_500_mean,"information,symbolic",0.00181057379343184,0.00716651781072101
2410,FC_Surprise_T2_50_3_q_500_median,"information,symbolic",0.00127717646537472,0.00533196743313883
2411,FC_Surprise_T2_50_3_q_500_lq,"information,symbolic",0.000535084766250562,0.00250188282598236
2413,FC_Surprise_T2_50_3_q_500_std,"information,symbolic",0.0027478022249797,0.0102096182198958
2414,FC_Surprise_T2_50_3_q_500_tstat,"information,symbolic",0.00444695290880556,0.0156304444906629
2423,FC_Surprise_T2_100_5_q_500_min,"information,symbolic",0.00415870234569852,0.0148080701496183
2433,FC_Surprise_dist_5_2_udq_500_mean,"information,symbolic",0.00112515380607429,0.00475325547735852
2434,FC_Surprise_dist_5_2_udq_500_median,"information,symbolic",0.013671875,0.0402885788845035
2435,FC_Surprise_dist_5_2_udq_500_lq,"information,symbolic",0.000606759474016156,0.00278920605910343
2438,FC_Surprise_dist_5_2_udq_500_tstat,"information,symbolic",0.00139983011578967,0.00574927331285241
2441,FC_Surprise_dist_20_2_udq_500_mean,"information,symbolic",0.00188893854939985,0.00743520595499065
2444,FC_Surprise_dist_20_2_udq_500_uq,"information,symbolic",0.0028599382084641,0.010597157481507
2445,FC_Surprise_dist_20_2_udq_500_std,"information,symbolic",3.58899897678485e-05,0.000250805613224975
2446,FC_Surprise_dist_20_2_udq_500_tstat,"information,symbolic",7.57669573527021e-05,0.000468131557929195
2471,FC_Surprise_T1_20_2_udq_500_min,"information,symbolic",0.00223945848730713,0.00854923522630219
2472,FC_Surprise_T1_20_2_udq_500_max,"information,symbolic",0.000555298063519354,0.00258446795573673
2473,FC_Surprise_T1_20_2_udq_500_mean,"information,symbolic",0.0135312008308029,0.0399071964627379
2475,FC_Surprise_T1_20_2_udq_500_lq,"information,symbolic",0.00603021776980995,0.0202825490563651
2477,FC_Surprise_T1_20_2_udq_500_std,"information,symbolic",0.0155436158790251,0.044948459678192
2479,FC_Surprise_T1_50_3_udq_500_min,"information,symbolic",0.00191207778889861,0.00752211190053126
2481,FC_Surprise_T1_50_3_udq_500_mean,"information,symbolic",0.0150172581412796,0.0437443170415178
2482,FC_Surprise_T1_50_3_udq_500_median,"information,symbolic",0.0144291224994843,0.0423266194742936
2487,FC_Surprise_T1_100_4_udq_500_min,"information,symbolic",0.000375014975730783,0.00185493809125414
2494,FC_Surprise_T1_100_4_udq_500_tstat,"information,symbolic",0.00848785630958759,0.0269491337528669
2495,FC_Surprise_T1_100_5_udq_500_min,"information,symbolic",0.0112966564196014,0.0344376719151192
2497,FC_Surprise_T1_100_5_udq_500_mean,"information,symbolic",0.00818056932224017,0.0261490663373815
2498,FC_Surprise_T1_100_5_udq_500_median,"information,symbolic",0.00481870901704532,0.0166971680790926
2499,FC_Surprise_T1_100_5_udq_500_lq,"information,symbolic",0.0077460595073959,0.0249967243339214
2500,FC_Surprise_T1_100_5_udq_500_uq,"information,symbolic",0.0103289503469172,0.0318674401090402
2501,FC_Surprise_T1_100_5_udq_500_std,"information,symbolic",0.00605931502191424,0.0202825490563651
2502,FC_Surprise_T1_100_5_udq_500_tstat,"information,symbolic",0.00629414882979977,0.0209205237346625
2503,FC_Surprise_T2_20_2_udq_500_min,"information,symbolic",0.0118538912037847,0.0357026115959426
2504,FC_Surprise_T2_20_2_udq_500_max,"information,symbolic",0.00227171450665701,0.00866304892242912
2507,FC_Surprise_T2_20_2_udq_500_lq,"information,symbolic",0.00118908550896196,0.0049965542150872
2509,FC_Surprise_T2_20_2_udq_500_std,"information,symbolic",2.58231003683401e-05,0.000191995021921002
2510,FC_Surprise_T2_20_2_udq_500_tstat,"information,symbolic",0.00583240319190966,0.0196528436295559
2520,FC_Surprise_T2_100_4_udq_500_max,"information,symbolic",0.00173578573835941,0.00691681361920412
2521,FC_Surprise_T2_100_4_udq_500_mean,"information,symbolic",0.0117525566357291,0.0354124401942339
2537,FC_Surprise_dist_5_1_m2quad_500_mean,"information,symbolic",2.18599433306592e-05,0.000166365427086229
2538,FC_Surprise_dist_5_1_m2quad_500_median,"information,symbolic",0.001953125,0.00767074750529282
2540,FC_Surprise_dist_5_1_m2quad_500_uq,"information,symbolic",0.00010443792608008,0.000617315174738341
2541,FC_Surprise_dist_5_1_m2quad_500_std,"information,symbolic",0.000392927991788058,0.00192475016971871
2542,FC_Surprise_dist_5_1_m2quad_500_tstat,"information,symbolic",5.52026967449372e-05,0.000359552550975059
2545,FC_Surprise_dist_5_tau_m2quad_500_mean,"information,symbolic",3.78942790951893e-05,0.000260955457885609
2546,FC_Surprise_dist_5_tau_m2quad_500_median,"information,symbolic",0.000613426786241206,0.00281620465683422
2548,FC_Surprise_dist_5_tau_m2quad_500_uq,"information,symbolic",0.0009765625,0.0042236328125
2549,FC_Surprise_dist_5_tau_m2quad_500_std,"information,symbolic",0.0166452400339562,0.047568367268675
2550,FC_Surprise_dist_5_tau_m2quad_500_tstat,"information,symbolic",8.41011855946992e-05,0.000512923223923647
2553,FC_Surprise_dist_10_tau_m2quad_500_mean,"information,symbolic",0.000520910653425132,0.00244043544567005
2554,FC_Surprise_dist_10_tau_m2quad_500_median,"information,symbolic",0.000443165657343169,0.00212821530638802
2555,FC_Surprise_dist_10_tau_m2quad_500_lq,"information,symbolic",0.013460764078065,0.0398319564479412
2563,FC_Surprise_dist_20_tau_m2quad_500_lq,"information,symbolic",0.00245831326802473,0.00930956540848873
2565,FC_Surprise_dist_20_tau_m2quad_500_std,"information,symbolic",4.22259746751932e-05,0.000286611328584828
2566,FC_Surprise_dist_20_tau_m2quad_500_tstat,"information,symbolic",0.00759569887611432,0.0245377947700941
2568,FC_Surprise_T1_10_1_m2quad_500_mean,"information,symbolic",4.32549215748757e-06,5.02139375991152e-05
2570,FC_Surprise_T1_10_1_m2quad_500_uq,"information,symbolic",0.0009765625,0.0042236328125
2571,FC_Surprise_T1_10_1_m2quad_500_std,"information,symbolic",2.21621930828942e-06,3.14392871073938e-05
2572,FC_Surprise_T1_10_1_m2quad_500_tstat,"information,symbolic",3.39893536496135e-06,4.28979511453218e-05
2575,FC_Surprise_T1_10_tau_m2quad_500_mean,"information,symbolic",0.0155436158790251,0.044948459678192
2579,FC_Surprise_T1_10_tau_m2quad_500_std,"information,symbolic",0.0155436158790251,0.044948459678192
2583,FC_Surprise_T1_20_tau_m2quad_500_mean,"information,symbolic",1.95865484438265e-06,2.90036300860253e-05
2584,FC_Surprise_T1_20_tau_m2quad_500_median,"information,symbolic",2.65302185490202e-07,1.26328189301646e-05
2585,FC_Surprise_T1_20_tau_m2quad_500_lq,"information,symbolic",9.34810843477943e-05,0.000562870400066982
2586,FC_Surprise_T1_20_tau_m2quad_500_uq,"information,symbolic",9.26502460909142e-06,8.58959724394941e-05
2587,FC_Surprise_T1_20_tau_m2quad_500_std,"information,symbolic",6.82179820007579e-05,0.000428962895683844
2588,FC_Surprise_T1_20_tau_m2quad_500_tstat,"information,symbolic",7.3751706263707e-06,7.2655673962288e-05
2589,FC_Surprise_T1_50_tau_m2quad_500_min,"information,symbolic",0.000176718746314946,0.000963463541592552
2591,FC_Surprise_T1_50_tau_m2quad_500_mean,"information,symbolic",1.74686653178146e-05,0.000138751672003649
2592,FC_Surprise_T1_50_tau_m2quad_500_median,"information,symbolic",3.76387438651534e-06,4.65044010595069e-05
2593,FC_Surprise_T1_50_tau_m2quad_500_lq,"information,symbolic",2.98953682135829e-06,3.97612426222187e-05
2594,FC_Surprise_T1_50_tau_m2quad_500_uq,"information,symbolic",5.82681221138167e-06,6.17781450154413e-05
2596,FC_Surprise_T1_50_tau_m2quad_500_tstat,"information,symbolic",0.000392927991788058,0.00192475016971871
2597,FC_Surprise_T2_50_tau_m2quad_500_min,"information,symbolic",0.00629414882979977,0.0209205237346625
2599,FC_Surprise_T2_50_tau_m2quad_500_mean,"information,symbolic",0.0091335656357516,0.0286529770253809
2600,FC_Surprise_T2_50_tau_m2quad_500_median,"information,symbolic",0.000746567551101998,0.00334728422248197
2602,FC_Surprise_T2_50_tau_m2quad_500_uq,"information,symbolic",0.0159209686179021,0.045980224106995
2607,FC_Surprise_T2_100_tau_m2quad_500_mean,"information,symbolic",0.00561318037248673,0.0190204667726242
2609,FC_Surprise_T2_100_tau_m2quad_500_lq,"information,symbolic",0.00064330529259744,0.00293816126232688
2610,FC_Surprise_T2_100_tau_m2quad_500_uq,"information,symbolic",0.000211918233645833,0.00112848050394136
2611,FC_Surprise_T2_100_tau_m2quad_500_std,"information,symbolic",0.0130655617316131,0.0386947930531658
2612,FC_Surprise_T2_100_tau_m2quad_500_tstat,"information,symbolic",0.00462463008225427,0.0161270900557667
2613,PH_Walker_prop_01_w_mean,trend,0.00049718147462051,0.00234475279220963
2615,PH_Walker_prop_01_w_std,trend,0.000340582796086869,0.00170483681908551
2616,PH_Walker_prop_01_w_ac1,trend,0.000324636730799297,0.00163308392309178
2617,PH_Walker_prop_01_w_ac2,trend,0.000571568005964199,0.00264457395062235
2619,PH_Walker_prop_01_w_min,trend,7.3751706263707e-06,7.2655673962288e-05
2620,PH_Walker_prop_01_w_max,trend,0.000861541430768804,0.00380031925898204
2621,PH_Walker_prop_01_w_propzcross,trend,0.000718970297700572,0.00322763058328491
2622,PH_Walker_prop_01_sw_meanabsdiff,trend,0.00181057379343184,0.00716651781072101
2624,PH_Walker_prop_01_sw_ac1rat,trend,1.72998018997263e-06,2.68506553336452e-05
2625,PH_Walker_prop_01_sw_minrat,trend,1.24229200737778e-05,0.00010552787075845
2626,PH_Walker_prop_01_sw_maxrat,trend,0.00499939877018464,0.017230678074305
2627,PH_Walker_prop_01_sw_propcross,trend,8.64595004250958e-07,1.81437052223433e-05
2629,PH_Walker_prop_01_sw_distdiff,trend,0.00214310157010038,0.0082345717425363
2632,PH_Walker_prop_01_res_ac1,trend,3.2602341299532e-07,1.26865860207478e-05
2635,PH_Walker_prop_05_w_std,trend,3.05130403710894e-07,1.26566663948618e-05
2636,PH_Walker_prop_05_w_ac1,trend,2.67153931978667e-07,1.26328189301646e-05
2637,PH_Walker_prop_05_w_ac2,trend,8.11026050600951e-07,1.78099311978717e-05
2638,PH_Walker_prop_05_w_tau,trend,0.0121766025070389,0.0364130533825874
2641,PH_Walker_prop_05_w_propzcross,trend,2.0836178159175e-06,3.02231107736254e-05
2642,PH_Walker_prop_05_sw_meanabsdiff,trend,5.50793468636543e-07,1.48546694792357e-05
2644,PH_Walker_prop_05_sw_ac1rat,trend,7.8197737788281e-06,7.55662880289206e-05
2645,PH_Walker_prop_05_sw_minrat,trend,1.1095309646974e-07,1.26328189301646e-05
2646,PH_Walker_prop_05_sw_maxrat,trend,1.04550591732956e-05,9.41088004012509e-05
2647,PH_Walker_prop_05_sw_propcross,trend,0.00134038555683954,0.0055404165236963
2648,PH_Walker_prop_05_sw_ansarib_pval,trend,3.21736869716645e-05,0.000230321427119921
2649,PH_Walker_prop_05_sw_distdiff,trend,3.61088889258424e-06,4.47762848166085e-05
2652,PH_Walker_prop_05_res_ac1,trend,0.000340582796086869,0.00170483681908551
2655,PH_Walker_prop_09_w_std,trend,1.36205222978583e-07,1.26328189301646e-05
2656,PH_Walker_prop_09_w_ac1,trend,1.18820146520854e-07,1.26328189301646e-05
2657,PH_Walker_prop_09_w_ac2,trend,2.04420430353178e-07,1.26328189301646e-05
2658,PH_Walker_prop_09_w_tau,trend,0.000209450726687326,0.00111617881622329
2661,PH_Walker_prop_09_w_propzcross,trend,6.68816911061285e-07,1.63021249146312e-05
2662,PH_Walker_prop_09_sw_meanabsdiff,trend,2.04420430353178e-07,1.26328189301646e-05
2664,PH_Walker_prop_09_sw_ac1rat,trend,9.86802931933148e-06,8.9851003802334e-05
2665,PH_Walker_prop_09_sw_minrat,trend,0.00011460879331106,0.000663608302820691
2666,PH_Walker_prop_09_sw_maxrat,trend,0.000126913156158702,0.000725963723091673
2667,PH_Walker_prop_09_sw_propcross,trend,0.00731756136170696,0.0237871048297835
2668,PH_Walker_prop_09_sw_ansarib_pval,trend,3.19894145993939e-06,4.16331959180735e-05
2669,PH_Walker_prop_09_sw_distdiff,trend,2.67153931978667e-07,1.26328189301646e-05
2672,PH_Walker_prop_09_res_ac1,trend,0.00411003277270197,0.0146421207718609
2675,PH_Walker_prop_11_w_std,trend,1.56039295066102e-07,1.26328189301646e-05
2676,PH_Walker_prop_11_w_ac1,trend,1.56039295066102e-07,1.26328189301646e-05
2677,PH_Walker_prop_11_w_ac2,trend,1.18820146520854e-07,1.26328189301646e-05
2678,PH_Walker_prop_11_w_tau,trend,0.00018970647056619,0.00102403957056772
2681,PH_Walker_prop_11_w_propzcross,trend,9.82136182665932e-07,1.85767785163986e-05
2682,PH_Walker_prop_11_sw_meanabsdiff,trend,2.18616188569126e-07,1.26328189301646e-05
2684,PH_Walker_prop_11_sw_ac1rat,trend,3.39866324809848e-05,0.000240826357829795
2685,PH_Walker_prop_11_sw_minrat,trend,0.00223455572247879,0.00853511240686164
2686,PH_Walker_prop_11_sw_maxrat,trend,2.31118018635252e-05,0.000174210425736434
2687,PH_Walker_prop_11_sw_propcross,trend,0.0104890469534131,0.0323332507781656
2688,PH_Walker_prop_11_sw_ansarib_pval,trend,4.59245894147181e-06,5.20356410093603e-05
2689,PH_Walker_prop_11_sw_distdiff,trend,8.42321392028478e-08,1.26328189301646e-05
2692,PH_Walker_prop_11_res_ac1,trend,0.00982277183238884,0.030464766334558
2693,PH_Walker_biasprop_05_01_w_mean,trend,0.00263725978627337,0.00987128425542852
2695,PH_Walker_biasprop_05_01_w_std,trend,1.26503510150617e-06,2.14662535286681e-05
2696,PH_Walker_biasprop_05_01_w_ac1,trend,1.34716678791654e-06,2.23781124746886e-05
2697,PH_Walker_biasprop_05_01_w_ac2,trend,4.07343157778537e-06,4.83967339719123e-05
2699,PH_Walker_biasprop_05_01_w_min,trend,0.00653714319617325,0.0216268454712952
2700,PH_Walker_biasprop_05_01_w_max,trend,0.000108887185280847,0.000637241588446412
2701,PH_Walker_biasprop_05_01_w_propzcross,trend,1.04550591732956e-05,9.41088004012509e-05
2702,PH_Walker_biasprop_05_01_sw_meanabsdiff,trend,4.00045227898351e-05,0.000272838538604135
2704,PH_Walker_biasprop_05_01_sw_ac1rat,trend,0.0091335656357516,0.0286529770253809
2705,PH_Walker_biasprop_05_01_sw_minrat,trend,2.72896655970471e-05,0.000201421017773002
2706,PH_Walker_biasprop_05_01_sw_maxrat,trend,0.000357259343652894,0.00177578172707076
2707,PH_Walker_biasprop_05_01_sw_propcross,trend,0.000545691962300163,0.00254309664165247
2708,PH_Walker_biasprop_05_01_sw_ansarib_pval,trend,6.08585057022804e-05,0.000393141512701525
2709,PH_Walker_biasprop_05_01_sw_distdiff,trend,0.000392927991788058,0.00192475016971871
2712,PH_Walker_biasprop_05_01_res_ac1,trend,5.17450467954947e-06,5.64657872185299e-05
2713,PH_Walker_biasprop_01_05_w_mean,trend,0.00197040771953243,0.00767074750529282
2714,PH_Walker_biasprop_01_05_w_median,trend,0.00411003277270197,0.0146421207718609
2715,PH_Walker_biasprop_01_05_w_std,trend,3.0102618480377e-06,3.97612426222187e-05
2716,PH_Walker_biasprop_01_05_w_ac1,trend,1.72998018997263e-06,2.68506553336452e-05
2717,PH_Walker_biasprop_01_05_w_ac2,trend,4.32549215748757e-06,5.02139375991152e-05
2719,PH_Walker_biasprop_01_05_w_min,trend,1.65101028457949e-05,0.000131876305726603
2720,PH_Walker_biasprop_01_05_w_max,trend,0.00232957338585228,0.00885038244555447
2721,PH_Walker_biasprop_01_05_w_propzcross,trend,1.17283716269082e-05,0.000101346770830277
2722,PH_Walker_biasprop_01_05_sw_meanabsdiff,trend,4.00045227898351e-05,0.000272838538604135
2724,PH_Walker_biasprop_01_05_sw_ac1rat,trend,0.00139983011578967,0.00574927331285241
2725,PH_Walker_biasprop_01_05_sw_minrat,trend,1.04653269791364e-06,1.92806660423414e-05
2726,PH_Walker_biasprop_01_05_sw_maxrat,trend,0.000942271767787704,0.00409530248095477
2727,PH_Walker_biasprop_01_05_sw_propcross,trend,0.000656213856332496,0.00298366979677333
2728,PH_Walker_biasprop_01_05_sw_ansarib_pval,trend,0.000228123388190955,0.00120124661650961
2729,PH_Walker_biasprop_01_05_sw_distdiff,trend,0.000163342672991421,0.000897435770354881
2732,PH_Walker_biasprop_01_05_res_ac1,trend,8.28993397906581e-06,7.90329324106368e-05
2735,PH_Walker_momentum_2_w_std,trend,7.18988102492802e-05,0.000448135554567789
2736,PH_Walker_momentum_2_w_ac1,trend,3.72030155408931e-07,1.26865860207478e-05
2737,PH_Walker_momentum_2_w_ac2,trend,4.24272170812157e-07,1.31989583665378e-05
2738,PH_Walker_momentum_2_w_tau,trend,5.82159585412248e-05,0.000376413668124802
2741,PH_Walker_momentum_2_w_momentumzcross,trend,8.11026050600951e-07,1.78099311978717e-05
2742,PH_Walker_momentum_2_sw_meanabsdiff,trend,2.85533069149158e-07,1.26566663948618e-05
2743,PH_Walker_momentum_2_sw_taudiff,trend,0.00902490444500507,0.0284378708255979
2744,PH_Walker_momentum_2_sw_ac1rat,trend,1.31540392168145e-05,0.000110678054762592
2745,PH_Walker_momentum_2_sw_minrat,trend,0.000901068977688017,0.00394523596218587
2748,PH_Walker_momentum_2_sw_ansarib_pval,trend,0.0155447020429444,0.044948459678192
2749,PH_Walker_momentum_2_sw_distdiff,trend,0.00107658530464083,0.00457806928406319
2755,PH_Walker_momentum_5_w_std,trend,0.00480871169077813,0.0166706705878247
2756,PH_Walker_momentum_5_w_ac1,trend,7.8197737788281e-06,7.55662880289206e-05
2757,PH_Walker_momentum_5_w_ac2,trend,8.28993397906581e-06,7.90329324106368e-05
2758,PH_Walker_momentum_5_w_tau,trend,2.8835208146233e-05,0.000210636592565634
2761,PH_Walker_momentum_5_w_momentumzcross,trend,7.3751706263707e-06,7.2655673962288e-05
2762,PH_Walker_momentum_5_sw_meanabsdiff,trend,7.3751706263707e-06,7.2655673962288e-05
2763,PH_Walker_momentum_5_sw_taudiff,trend,0.000901068977688017,0.00394523596218587
2764,PH_Walker_momentum_5_sw_ac1rat,trend,2.49919961928664e-07,1.26328189301646e-05
2766,PH_Walker_momentum_5_sw_maxrat,trend,0.0140114417696054,0.0411183932444398
2772,PH_Walker_momentum_5_res_ac1,trend,0.00982277183238884,0.030464766334558
2775,PH_Walker_runningvar_15_50_w_std,trend,3.78942790951893e-05,0.000260955457885609
2776,PH_Walker_runningvar_15_50_w_ac1,trend,1.03591204136718e-07,1.26328189301646e-05
2777,PH_Walker_runningvar_15_50_w_ac2,trend,2.18616188569126e-07,1.26328189301646e-05
2778,PH_Walker_runningvar_15_50_w_tau,trend,0.000474463308048828,0.0022495777032021
2781,PH_Walker_runningvar_15_50_w_propzcross,trend,9.82136182665932e-07,1.85767785163986e-05
2782,PH_Walker_runningvar_15_50_sw_meanabsdiff,trend,1.18773136379583e-06,2.0852917236148e-05
2784,PH_Walker_runningvar_15_50_sw_ac1rat,trend,0.00253079653773657,0.00953822520837697
2788,PH_Walker_runningvar_15_50_sw_ansarib_pval,trend,0.00152607557784433,0.00618186983075375
2792,PH_Walker_runningvar_15_50_res_ac1,trend,0.00629414882979977,0.0209205237346625
2794,EN_SampEn_5_005_sampen1,entropy,6.68816911061285e-07,1.63021249146312e-05
2795,EN_SampEn_5_005_sampen2,entropy,1.31540392168145e-05,0.000110678054762592
2796,EN_SampEn_5_005_sampen3,entropy,1.24229200737778e-05,0.00010552787075845
2797,EN_SampEn_5_005_sampen4,entropy,0.00480871169077813,0.0166706705878247
2801,EN_SampEn_5_01_sampen1,entropy,4.83557438253742e-07,1.40568561866139e-05
2802,EN_SampEn_5_01_sampen2,entropy,4.07343157778537e-06,4.83967339719123e-05
2803,EN_SampEn_5_01_sampen3,entropy,5.17450467954947e-06,5.64657872185299e-05
2804,EN_SampEn_5_01_sampen4,entropy,7.3751706263707e-06,7.2655673962288e-05
2805,EN_SampEn_5_01_sampen5,entropy,1.39260980630824e-05,0.000116072636382424
2806,EN_SampEn_5_01_meanchsampen,entropy,9.32965976131512e-05,0.000562236845259203
2808,EN_SampEn_5_015_sampen1,entropy,4.83557438253742e-07,1.40568561866139e-05
2809,EN_SampEn_5_015_sampen2,entropy,4.32549215748757e-06,5.02139375991152e-05
2810,EN_SampEn_5_015_sampen3,entropy,3.61088889258424e-06,4.47762848166085e-05
2811,EN_SampEn_5_015_sampen4,entropy,4.32549215748757e-06,5.02139375991152e-05
2812,EN_SampEn_5_015_sampen5,entropy,3.0102618480377e-06,3.97612426222187e-05
2813,EN_SampEn_5_015_meanchsampen,entropy,2.31118018635252e-05,0.000174210425736434
2815,EN_SampEn_5_02_sampen1,entropy,4.24272170812157e-07,1.31989583665378e-05
2816,EN_SampEn_5_02_sampen2,entropy,3.83548211191478e-06,4.65044010595069e-05
2817,EN_SampEn_5_02_sampen3,entropy,3.61088889258424e-06,4.47762848166085e-05
2818,EN_SampEn_5_02_sampen4,entropy,5.17450467954947e-06,5.64657872185299e-05
2819,EN_SampEn_5_02_sampen5,entropy,5.82681221138167e-06,6.17781450154413e-05
2820,EN_SampEn_5_02_meanchsampen,entropy,4.22259746751932e-05,0.000286611328584828
2822,EN_SampEn_5_03_sampen1,entropy,3.4829427824527e-07,1.26865860207478e-05
2823,EN_SampEn_5_03_sampen2,entropy,2.21621930828942e-06,3.14392871073938e-05
2824,EN_SampEn_5_03_sampen3,entropy,2.8322842707188e-06,3.83385349851306e-05
2825,EN_SampEn_5_03_sampen4,entropy,4.32549215748757e-06,5.02139375991152e-05
2826,EN_SampEn_5_03_sampen5,entropy,5.17450467954947e-06,5.64657872185299e-05
2827,EN_SampEn_5_03_meanchsampen,entropy,5.82159585412248e-05,0.000376413668124802
2828,EN_SampEn_5_01_diff1_sampen0,entropy,2.49919961928664e-07,1.26328189301646e-05
2829,EN_SampEn_5_01_diff1_sampen1,entropy,1.1149831476865e-06,2.01236016960314e-05
2830,EN_SampEn_5_01_diff1_sampen2,entropy,1.95865484438265e-06,2.90036300860253e-05
2831,EN_SampEn_5_01_diff1_sampen3,entropy,1.84090878581554e-06,2.79605268046886e-05
2832,EN_SampEn_5_01_diff1_sampen4,entropy,3.61088889258424e-06,4.47762848166085e-05
2833,EN_SampEn_5_01_diff1_sampen5,entropy,3.58899897678485e-05,0.000250805613224975
2835,EN_SampEn_5_02_diff1_sampen0,entropy,2.33762332210425e-07,1.26328189301646e-05
2836,EN_SampEn_5_02_diff1_sampen1,entropy,9.82136182665932e-07,1.85767785163986e-05
2837,EN_SampEn_5_02_diff1_sampen2,entropy,1.26503510150617e-06,2.14662535286681e-05
2838,EN_SampEn_5_02_diff1_sampen3,entropy,1.34716678791654e-06,2.23781124746886e-05
2839,EN_SampEn_5_02_diff1_sampen4,entropy,1.26503510150617e-06,2.14662535286681e-05
2840,EN_SampEn_5_02_diff1_sampen5,entropy,1.34716678791654e-06,2.23781124746886e-05
2842,EN_mse_1-10_2_015_sampen_s2,entropy,1.95865484438265e-06,2.90036300860253e-05
2843,EN_mse_1-10_2_015_sampen_s3,entropy,0.000392927991788058,0.00192475016971871
2847,EN_mse_1-10_2_015_sampen_s7,entropy,0.00427548416137376,0.0151251915993138
2848,EN_mse_1-10_2_015_sampen_s8,entropy,0.000861541430768804,0.00380031925898204
2849,EN_mse_1-10_2_015_sampen_s9,entropy,0.000752398562734347,0.00336068199337199
2850,EN_mse_1-10_2_015_sampen_s10,entropy,0.00880542419332382,0.0277956714745197
2852,EN_mse_1-10_2_015_maxScale,entropy,0.00119412742608945,0.00501476958747927
2853,EN_mse_1-10_2_015_minSampEn,entropy,4.32549215748757e-06,5.02139375991152e-05
2856,EN_mse_1-10_2_015_stdSampEn,entropy,3.39893536496135e-06,4.28979511453218e-05
2857,EN_mse_1-10_2_015_cvSampEn,entropy,3.61088889258424e-06,4.47762848166085e-05
2858,EN_mse_1-10_2_015_meanch,entropy,2.0836178159175e-06,3.02231107736254e-05
2862,EN_mse_1-10_2_015_diff1_sampen_s4,entropy,8.64595004250958e-07,1.81437052223433e-05
2863,EN_mse_1-10_2_015_diff1_sampen_s5,entropy,1.18820146520854e-07,1.26328189301646e-05
2864,EN_mse_1-10_2_015_diff1_sampen_s6,entropy,7.33249101920975e-08,1.26328189301646e-05
2865,EN_mse_1-10_2_015_diff1_sampen_s7,entropy,1.1095309646974e-07,1.26328189301646e-05
2866,EN_mse_1-10_2_015_diff1_sampen_s8,entropy,9.67031093838127e-08,1.26328189301646e-05
2867,EN_mse_1-10_2_015_diff1_sampen_s9,entropy,5.16120692670543e-07,1.43562512671065e-05
2868,EN_mse_1-10_2_015_diff1_sampen_s10,entropy,6.83973843957173e-08,1.26328189301646e-05
2871,EN_mse_1-10_2_015_diff1_minSampEn,entropy,8.42321392028478e-08,1.26328189301646e-05
2873,EN_mse_1-10_2_015_diff1_meanSampEn,entropy,4.4914041254264e-08,1.26328189301646e-05
2874,EN_mse_1-10_2_015_diff1_stdSampEn,entropy,2.67153931978667e-07,1.26328189301646e-05
2875,EN_mse_1-10_2_015_diff1_cvSampEn,entropy,9.67031093838127e-08,1.26328189301646e-05
2876,EN_mse_1-10_2_015_diff1_meanch,entropy,1.34716678791654e-06,2.23781124746886e-05
2895,EN_Randomize_statdist_xcn1fexpa,"entropy,slow",7.3751706263707e-06,7.2655673962288e-05
2901,EN_Randomize_statdist_xc1fexpa,"entropy,slow",1.10753480969413e-05,9.75868870206269e-05
2913,EN_Randomize_statdist_ac1fexpa,"entropy,slow",1.95865484438265e-06,2.90036300860253e-05
2919,EN_Randomize_statdist_ac2fexpa,"entropy,slow",1.52708182821975e-06,2.46172531990061e-05
2921,EN_Randomize_statdist_ac2fexpr2,"entropy,slow",0.00197040771953243,0.00767074750529282
2925,EN_Randomize_statdist_ac3fexpa,"entropy,slow",1.18773136379583e-06,2.0852917236148e-05
2927,EN_Randomize_statdist_ac3fexpr2,"entropy,slow",0.00848785630958759,0.0269491337528669
2931,EN_Randomize_statdist_ac4fexpa,"entropy,slow",3.61088889258424e-06,4.47762848166085e-05
2933,EN_Randomize_statdist_ac4fexpr2,"entropy,slow",0.000392927991788058,0.00192475016971871
2937,EN_Randomize_statdist_sampen2_015fexpa,"entropy,slow",4.70247342896548e-05,0.000312602099640601
2938,EN_Randomize_statdist_sampen2_015fexpb,"entropy,slow",0.000103435837958387,0.000611901917129974
2940,EN_Randomize_statdist_sampen2_015fexpr2,"entropy,slow",0.0166452400339562,0.047568367268675
2941,EN_Randomize_statdist_sampen2_015fexprmse,"entropy,slow",4.22259746751932e-05,0.000286611328584828
2943,EN_Randomize_statdist_sampen2_015hp,"entropy,slow",0.0103759765625,0.0319986094599185
2958,EN_Randomize_dyndist_xcn1fexpa,"entropy,slow",8.7870425947142e-06,8.27709072035961e-05
2964,EN_Randomize_dyndist_xc1fexpa,"entropy,slow",6.95480101290475e-06,7.00715960007577e-05
2976,EN_Randomize_dyndist_ac1fexpa,"entropy,slow",3.58899897678485e-05,0.000250805613224975
2982,EN_Randomize_dyndist_ac2fexpa,"entropy,slow",8.64595004250958e-07,1.81437052223433e-05
2984,EN_Randomize_dyndist_ac2fexpr2,"entropy,slow",0.00286256220704461,0.010597157481507
2988,EN_Randomize_dyndist_ac3fexpa,"entropy,slow",8.64595004250958e-07,1.81437052223433e-05
2990,EN_Randomize_dyndist_ac3fexpr2,"entropy,slow",6.47159490551713e-05,0.000410949173364664
2994,EN_Randomize_dyndist_ac4fexpa,"entropy,slow",3.19894145993939e-06,4.16331959180735e-05
2996,EN_Randomize_dyndist_ac4fexpr2,"entropy,slow",0.00049718147462051,0.00234475279220963
3000,EN_Randomize_dyndist_sampen2_015fexpa,"entropy,slow",5.82159585412248e-05,0.000376413668124802
3001,EN_Randomize_dyndist_sampen2_015fexpb,"entropy,slow",0.000242716287295376,0.00126773683783955
3004,EN_Randomize_dyndist_sampen2_015fexprmse,"entropy,slow",0.000140455025433301,0.000793190681049683
3021,EN_Randomize_permute_xcn1fexpa,"entropy,slow",1.43441430774462e-06,2.33891969766267e-05
3027,EN_Randomize_permute_xc1fexpa,"entropy,slow",7.3751706263707e-06,7.2655673962288e-05
3039,EN_Randomize_permute_ac1fexpa,"entropy,slow",0.000280890693437725,0.00144164811038624
3045,EN_Randomize_permute_ac2fexpa,"entropy,slow",3.72030155408931e-07,1.26865860207478e-05
3047,EN_Randomize_permute_ac2fexpr2,"entropy,slow",0.0027478022249797,0.0102096182198958
3051,EN_Randomize_permute_ac3fexpa,"entropy,slow",3.61088889258424e-06,4.47762848166085e-05
3053,EN_Randomize_permute_ac3fexpr2,"entropy,slow",0.000411985081919444,0.0020015138260648
3057,EN_Randomize_permute_ac4fexpa,"entropy,slow",6.55740619856895e-06,6.69232836927331e-05
3059,EN_Randomize_permute_ac4fexpr2,"entropy,slow",0.00029481867962687,0.00149795766088352
3063,EN_Randomize_permute_sampen2_015fexpa,"entropy,slow",0.000108887185280847,0.000637241588446412
3064,EN_Randomize_permute_sampen2_015fexpb,"entropy,slow",0.00205509104458358,0.00793941218912382
3066,EN_Randomize_permute_sampen2_015fexpr2,"entropy,slow",0.0117525566357291,0.0354124401942339
3067,EN_Randomize_permute_sampen2_015fexprmse,"entropy,slow",8.41011855946992e-05,0.000512923223923647
3069,EN_Randomize_permute_sampen2_015hp,"entropy,slow",0.001953125,0.00767074750529282
3085,FC_LocalSimple_mean1_meanabserr,forecasting,2.04420430353178e-07,1.26328189301646e-05
3087,FC_LocalSimple_mean1_swm,forecasting,0.0145066650137748,0.0424261593419457
3089,FC_LocalSimple_mean1_ac1,forecasting,0.00704859648267514,0.0230570342499912
3090,FC_LocalSimple_mean1_ac2,forecasting,0.000431902709468371,0.00207553246494523
3091,FC_LocalSimple_mean1_taures,forecasting,1.24229200737778e-05,0.00010552787075845
3094,FC_LocalSimple_mean2_meanabserr,forecasting,2.67153931978667e-07,1.26328189301646e-05
3095,FC_LocalSimple_mean2_stderr,forecasting,1.36205222978583e-07,1.26328189301646e-05
3099,FC_LocalSimple_mean2_ac1,forecasting,0.00139983011578967,0.00574927331285241
3100,FC_LocalSimple_mean2_ac2,forecasting,0.000108887185280847,0.000637241588446412
3101,FC_LocalSimple_mean2_taures,forecasting,6.68816911061285e-07,1.63021249146312e-05
3104,FC_LocalSimple_mean3_meanabserr,forecasting,7.13316180766304e-07,1.69215774922254e-05
3105,FC_LocalSimple_mean3_stderr,forecasting,4.83557438253742e-07,1.40568561866139e-05
3109,FC_LocalSimple_mean3_ac1,forecasting,0.000163342672991421,0.000897435770354881
3110,FC_LocalSimple_mean3_ac2,forecasting,1.65101028457949e-05,0.000131876305726603
3111,FC_LocalSimple_mean3_taures,forecasting,6.26998872165287e-07,1.58832250009585e-05
3112,FC_LocalSimple_mean3_tauresrat,forecasting,0.0150172581412796,0.0437443170415178
3114,FC_LocalSimple_mean4_meanabserr,forecasting,3.0102618480377e-06,3.97612426222187e-05
3115,FC_LocalSimple_mean4_stderr,forecasting,1.34716678791654e-06,2.23781124746886e-05
3119,FC_LocalSimple_mean4_ac1,forecasting,4.45641297611193e-05,0.000298482882337695
3120,FC_LocalSimple_mean4_ac2,forecasting,4.07343157778537e-06,4.83967339719123e-05
3121,FC_LocalSimple_mean4_taures,forecasting,8.64595004250958e-07,1.81437052223433e-05
3122,FC_LocalSimple_mean4_tauresrat,forecasting,0.00605931502191424,0.0202825490563651
3124,FC_LocalSimple_meantau_meanabserr,forecasting,0.000280890693437725,0.00144164811038624
3125,FC_LocalSimple_meantau_stderr,forecasting,0.000374697110145117,0.00185465917812932
3129,FC_LocalSimple_meantau_ac1,forecasting,2.67153931978667e-07,1.26328189301646e-05
3130,FC_LocalSimple_meantau_ac2,forecasting,4.83557438253742e-07,1.40568561866139e-05
3131,FC_LocalSimple_meantau_taures,forecasting,0.000103435837958387,0.000611901917129974
3132,FC_LocalSimple_meantau_tauresrat,forecasting,0.00947257968258233,0.0295076889277806
3133,FC_LoopLocalSimple_mean_stderr_chn,forecasting,0.0109718955602649,0.0335736217467468
3134,FC_LoopLocalSimple_mean_stderr_meansgndiff,forecasting,0.00390625,0.0140146844967122
3135,FC_LoopLocalSimple_mean_stderr_peakpos,forecasting,0.00390625,0.0140146844967122
3136,FC_LoopLocalSimple_mean_stderr_peaksize,forecasting,6.68816911061285e-07,1.63021249146312e-05
3150,FC_LoopLocalSimple_mean_ac1_stdn,forecasting,0.000254864490291098,0.00132242416213223
3153,FC_LoopLocalSimple_mean_ac2_stdn,forecasting,3.0102618480377e-06,3.97612426222187e-05
3155,FC_LocalSimple_median3_meanabserr,forecasting,5.87706654304219e-07,1.54392714777031e-05
3156,FC_LocalSimple_median3_stderr,forecasting,3.05130403710894e-07,1.26566663948618e-05
3160,FC_LocalSimple_median3_ac1,forecasting,0.000309391534112162,0.00156082087585887
3161,FC_LocalSimple_median3_ac2,forecasting,2.8835208146233e-05,0.000210636592565634
3162,FC_LocalSimple_median3_taures,forecasting,7.13316180766304e-07,1.69215774922254e-05
3163,FC_LocalSimple_median3_tauresrat,forecasting,0.0160861401361776,0.0461752294560534
3164,FC_LocalSimple_median5_meanerr,forecasting,0.00947257968258233,0.0295076889277806
3165,FC_LocalSimple_median5_meanabserr,forecasting,1.04550591732956e-05,9.41088004012509e-05
3166,FC_LocalSimple_median5_stderr,forecasting,4.59245894147181e-06,5.20356410093603e-05
3170,FC_LocalSimple_median5_ac1,forecasting,1.10753480969413e-05,9.75868870206269e-05
3171,FC_LocalSimple_median5_ac2,forecasting,1.72998018997263e-06,2.68506553336452e-05
3172,FC_LocalSimple_median5_taures,forecasting,1.26503510150617e-06,2.14662535286681e-05
3173,FC_LocalSimple_median5_tauresrat,forecasting,0.00427548416137376,0.0151251915993138
3174,FC_LocalSimple_median7_meanerr,forecasting,0.0172213319317616,0.0489386648205069
3175,FC_LocalSimple_median7_meanabserr,forecasting,0.000254864490291098,0.00132242416213223
3176,FC_LocalSimple_median7_stderr,forecasting,7.18988102492802e-05,0.000448135554567789
3180,FC_LocalSimple_median7_ac1,forecasting,3.19894145993939e-06,4.16331959180735e-05
3181,FC_LocalSimple_median7_ac2,forecasting,9.21562980967866e-07,1.85700176818326e-05
3182,FC_LocalSimple_median7_taures,forecasting,1.84090878581554e-06,2.79605268046886e-05
3183,FC_LocalSimple_median7_tauresrat,forecasting,0.00173520694047121,0.00691681361920412
3185,FC_LocalSimple_lfit2_meanabserr,forecasting,2.21621930828942e-06,3.14392871073938e-05
3192,FC_LocalSimple_lfit2_tauresrat,forecasting,0.00364794442843455,0.0131880070493814
3194,FC_LocalSimple_lfit3_meanabserr,forecasting,6.68816911061285e-07,1.63021249146312e-05
3195,FC_LocalSimple_lfit3_stderr,forecasting,6.68816911061285e-07,1.63021249146312e-05
3197,FC_LocalSimple_lfit3_swm,forecasting,0.00263725978627337,0.00987128425542852
3198,FC_LocalSimple_lfit3_gofr2,forecasting,0.00462463008225427,0.0161270900557667
3202,FC_LocalSimple_lfit3_tauresrat,forecasting,0.00411003277270197,0.0146421207718609
3204,FC_LocalSimple_lfit4_meanabserr,forecasting,2.49919961928664e-07,1.26328189301646e-05
3205,FC_LocalSimple_lfit4_stderr,forecasting,1.66976483886586e-07,1.26328189301646e-05
3207,FC_LocalSimple_lfit4_swm,forecasting,0.000942271767787704,0.00409530248095477
3212,FC_LocalSimple_lfit4_tauresrat,forecasting,0.0126141510785048,0.0375933502520312
3214,FC_LocalSimple_lfit5_meanabserr,forecasting,2.49919961928664e-07,1.26328189301646e-05
3215,FC_LocalSimple_lfit5_stderr,forecasting,1.66976483886586e-07,1.26328189301646e-05
3220,FC_LocalSimple_lfit5_ac2,forecasting,0.00336668407320579,0.0122838941004366
3221,FC_LocalSimple_lfit5_taures,forecasting,0.00152607557784433,0.00618186983075375
3222,FC_LocalSimple_lfit5_tauresrat,forecasting,0.0121766025070389,0.0364130533825874
3227,FC_LocalSimple_lfittau_swm,forecasting,0.000431902709468371,0.00207553246494523
3229,FC_LocalSimple_lfittau_ac1,forecasting,3.83548211191478e-06,4.65044010595069e-05
3230,FC_LocalSimple_lfittau_ac2,forecasting,3.39893536496135e-06,4.28979511453218e-05
3231,FC_LocalSimple_lfittau_taures,forecasting,3.78942790951893e-05,0.000260955457885609
3279,DN_CompareKSFit_uni_psy,"distribution,ksdensity,raw,locationDependent",0.0130655617316131,0.0386947930531658
3287,DN_CompareKSFit_beta_relent,"distribution,ksdensity,raw",0.0172213319317616,0.0489386648205069
3419,ST_LocalExtrema_l50_meanmax,"distribution,stationarity",0.00173520694047121,0.00691681361920412
3420,ST_LocalExtrema_l50_meanabsmin,"distribution,stationarity",0.000147725636058422,0.000824404356067967
3422,ST_LocalExtrema_l50_medianmax,"distribution,stationarity",0.00379644200152357,0.0136691183334044
3423,ST_LocalExtrema_l50_medianabsmin,"distribution,stationarity",0.000718970297700572,0.00322763058328491
3429,ST_LocalExtrema_l50_meanabsext,"distribution,stationarity",0.000985214086551646,0.00424294081111768
3430,ST_LocalExtrema_l50_medianabsext,"distribution,stationarity",0.00128327762626588,0.00533545615656736
3441,ST_LocalExtrema_l100_meanmax,"distribution,stationarity",0.00146169723557975,0.00596537312541265
3442,ST_LocalExtrema_l100_meanabsmin,"distribution,stationarity",0.00286256220704461,0.010597157481507
3444,ST_LocalExtrema_l100_medianmax,"distribution,stationarity",0.0027478022249797,0.0102096182198958
3445,ST_LocalExtrema_l100_medianabsmin,"distribution,stationarity",0.00188893854939985,0.00743520595499065
3451,ST_LocalExtrema_l100_meanabsext,"distribution,stationarity",0.00205509104458358,0.00793941218912382
3452,ST_LocalExtrema_l100_medianabsext,"distribution,stationarity",0.00336668407320579,0.0122838941004366
3460,ST_LocalExtrema_n25_minmax,"distribution,stationarity",0.00253079653773657,0.00953822520837697
3463,ST_LocalExtrema_n25_meanmax,"distribution,stationarity",0.00411003277270197,0.0146421207718609
3466,ST_LocalExtrema_n25_medianmax,"distribution,stationarity",0.00444695290880556,0.0156304444906629
3473,ST_LocalExtrema_n25_meanabsext,"distribution,stationarity",0.00880542419332382,0.0277956714745197
3474,ST_LocalExtrema_n25_medianabsext,"distribution,stationarity",0.00232957338585228,0.00885038244555447
3485,ST_LocalExtrema_n50_meanmax,"distribution,stationarity",0.00122842305321242,0.00513145154089262
3495,ST_LocalExtrema_n50_meanabsext,"distribution,stationarity",0.00731756136170696,0.0237871048297835
3507,ST_LocalExtrema_n100_meanmax,"distribution,stationarity",0.000901068977688017,0.00394523596218587
3508,ST_LocalExtrema_n100_meanabsmin,"distribution,stationarity",0.000120613121939985,0.000693281097180156
3510,ST_LocalExtrema_n100_medianmax,"distribution,stationarity",0.000752398562734347,0.00336068199337199
3511,ST_LocalExtrema_n100_medianabsmin,"distribution,stationarity",0.000656213856332496,0.00298366979677333
3512,ST_LocalExtrema_n100_medianext,"distribution,stationarity",0.0130655617316131,0.0386947930531658
3515,ST_LocalExtrema_n100_stdext,"distribution,stationarity",0.00480871169077813,0.0166706705878247
3517,ST_LocalExtrema_n100_meanabsext,"distribution,stationarity",0.000452716478387203,0.00216091385006758
3518,ST_LocalExtrema_n100_medianabsext,"distribution,stationarity",0.00323359045900606,0.011838842434849
3524,EX_MovingThreshold_01_01_meanq,outliers,3.97323460579137e-07,1.28100695722174e-05
3525,EX_MovingThreshold_01_01_medianq,outliers,3.83548211191478e-06,4.65044010595069e-05
3528,EX_MovingThreshold_01_01_minq,outliers,0.00880542419332382,0.0277956714745197
3530,EX_MovingThreshold_01_01_meanqover,outliers,3.2602341299532e-07,1.26865860207478e-05
3531,EX_MovingThreshold_01_01_pkick,outliers,2.67153931978667e-07,1.26328189301646e-05
3532,EX_MovingThreshold_01_01_stdkickf,outliers,0.00205509104458358,0.00793941218912382
3533,EX_MovingThreshold_01_01_meankickf,outliers,7.8197737788281e-06,7.55662880289206e-05
3534,EX_MovingThreshold_01_01_mediankickf,outliers,3.94413721412208e-05,0.000271082996703177
3535,EX_MovingThreshold_01_002_meanq,outliers,1.74686653178146e-05,0.000138751672003649
3536,EX_MovingThreshold_01_002_medianq,outliers,6.47159490551713e-05,0.000410949173364664
3539,EX_MovingThreshold_01_002_minq,outliers,0.00540141912727418,0.0184016646828798
3541,EX_MovingThreshold_01_002_meanqover,outliers,4.70247342896548e-05,0.000312602099640601
3542,EX_MovingThreshold_01_002_pkick,outliers,9.86802931933148e-06,8.9851003802334e-05
3544,EX_MovingThreshold_01_002_meankickf,outliers,8.28993397906581e-06,7.90329324106368e-05
3545,EX_MovingThreshold_01_002_mediankickf,outliers,8.56069578308693e-06,8.1395462720423e-05
3546,EX_MovingThreshold_1_01_meanq,outliers,8.11026050600951e-07,1.78099311978717e-05
3547,EX_MovingThreshold_1_01_medianq,outliers,1.10753480969413e-05,9.75868870206269e-05
3548,EX_MovingThreshold_1_01_iqrq,outliers,7.3751706263707e-06,7.2655673962288e-05
3552,EX_MovingThreshold_1_01_meanqover,outliers,3.4829427824527e-07,1.26865860207478e-05
3553,EX_MovingThreshold_1_01_pkick,outliers,7.13316180766304e-07,1.69215774922254e-05
3554,EX_MovingThreshold_1_01_stdkickf,outliers,2.06727974704263e-05,0.00015886473722398
3555,EX_MovingThreshold_1_01_meankickf,outliers,0.000199349058622623,0.0010663520911088
3556,EX_MovingThreshold_1_01_mediankickf,outliers,0.00653076171875,0.0216268454712952
3557,EX_MovingThreshold_1_002_meanq,outliers,1.84801124407888e-05,0.000145643819491684
3558,EX_MovingThreshold_1_002_medianq,outliers,1.65101028457949e-05,0.000131876305726603
3559,EX_MovingThreshold_1_002_iqrq,outliers,0.000163342672991421,0.000897435770354881
3561,EX_MovingThreshold_1_002_minq,outliers,0.00519689746784096,0.0178247551931315
3563,EX_MovingThreshold_1_002_meanqover,outliers,1.56018019057256e-05,0.000126907776281321
3564,EX_MovingThreshold_1_002_pkick,outliers,1.39260980630824e-05,0.000116072636382424
3565,EX_MovingThreshold_1_002_stdkickf,outliers,0.0091335656357516,0.0286529770253809
3566,EX_MovingThreshold_1_002_meankickf,outliers,0.000267581120235988,0.00138234004794892
3567,EX_MovingThreshold_1_002_mediankickf,outliers,0.00548327131788594,0.0186715523080965
3569,SB_BinaryStats_mean_pstretch1,"symbolic,distribution,stationarity",6.26998872165287e-07,1.58832250009585e-05
3571,SB_BinaryStats_mean_meanstretch1,"symbolic,distribution,correlation",2.35690423947498e-06,3.30385805743005e-05
3572,SB_BinaryStats_mean_stdstretch1,"symbolic,distribution,correlation",7.57669573527021e-05,0.000468131557929195
3573,SB_BinaryStats_mean_longstretch0,"symbolic,distribution,correlation",0.00902273497377375,0.0284378708255979
3574,SB_BinaryStats_mean_meanstretch0,"symbolic,distribution,correlation",5.50793468636543e-07,1.48546694792357e-05
3575,SB_BinaryStats_mean_stdstretch0,"symbolic,distribution,correlation",0.000254864490291098,0.00132242416213223
3581,SB_BinaryStats_diff_pstretch1,"symbolic,distribution,correlation",0.00818056932224017,0.0261490663373815
3582,SB_BinaryStats_diff_longstretch1,"symbolic,distribution,correlation",3.44634913531028e-05,0.000243961620925707
3583,SB_BinaryStats_diff_longstretch0,"symbolic,distribution,correlation",5.23396059968148e-05,0.000343427220476787
3584,SB_BinaryStats_diff_meanstretch1,"symbolic,distribution,correlation",0.00653714319617325,0.0216268454712952
3585,SB_BinaryStats_diff_meanstretch0,"symbolic,distribution,correlation",0.00848785630958759,0.0269491337528669
3587,SB_BinaryStats_diff_stdstretch1,"symbolic,distribution,correlation",4.45641297611193e-05,0.000298482882337695
3588,SB_BinaryStats_diff_stdstretch0,"symbolic,distribution,correlation",6.1384547346443e-05,0.00039331580336795
3591,SB_BinaryStats_diff_diff21stretch0,"symbolic,distribution,correlation",0.0140114417696054,0.0411183932444398
3593,SB_BinaryStats_iqr_pstretch1,"symbolic,distribution,correlation",1.04653269791364e-06,1.92806660423414e-05
3594,SB_BinaryStats_iqr_longstretch1,"symbolic,distribution,correlation",0.0158107856515852,0.0456806120678996
3595,SB_BinaryStats_iqr_longstretch0,"symbolic,distribution,correlation",0.00184880293998489,0.00731375306933231
3596,SB_BinaryStats_iqr_meanstretch1,"symbolic,distribution,correlation",1.43441430774462e-06,2.33891969766267e-05
3597,SB_BinaryStats_iqr_meanstretch0,"symbolic,distribution,correlation",1.52708182821975e-06,2.46172531990061e-05
3599,SB_BinaryStats_iqr_stdstretch1,"symbolic,distribution,correlation",0.00018970647056619,0.00102403957056772
3600,SB_BinaryStats_iqr_stdstretch0,"symbolic,distribution,correlation",1.65101028457949e-05,0.000131876305726603
3606,SB_MotifTwo_diff_dd,"symbolic,motifs",0.0155436158790251,0.044948459678192
3607,SB_MotifTwo_diff_du,"symbolic,motifs",0.00880542419332382,0.0277956714745197
3608,SB_MotifTwo_diff_ud,"symbolic,motifs",0.00848785630958759,0.0269491337528669
3609,SB_MotifTwo_diff_uu,"symbolic,motifs",0.00678854239663417,0.0223231948165629
3610,SB_MotifTwo_diff_hh,"symbolic,motifs",0.00880542419332382,0.0277956714745197
3611,SB_MotifTwo_diff_ddd,"symbolic,motifs",0.00629414882979977,0.0209205237346625
3612,SB_MotifTwo_diff_ddu,"symbolic,motifs",0.000431902709468371,0.00207553246494523
3614,SB_MotifTwo_diff_duu,"symbolic,motifs",0.00122842305321242,0.00513145154089262
3615,SB_MotifTwo_diff_udd,"symbolic,motifs",0.000431902709468371,0.00207553246494523
3617,SB_MotifTwo_diff_uud,"symbolic,motifs",0.00122842305321242,0.00513145154089262
3618,SB_MotifTwo_diff_uuu,"symbolic,motifs",0.00353686086757789,0.0128387687480706
3619,SB_MotifTwo_diff_hhh,"symbolic,motifs",0.0117525566357291,0.0354124401942339
3620,SB_MotifTwo_diff_dddd,"symbolic,motifs",0.00173520694047121,0.00691681361920412
3621,SB_MotifTwo_diff_dddu,"symbolic,motifs",0.0041916478544252,0.0149178917367978
3623,SB_MotifTwo_diff_dduu,"symbolic,motifs",3.04637264727127e-05,0.000220264232284354
3627,SB_MotifTwo_diff_duuu,"symbolic,motifs",0.00293999350888196,0.0108781293471569
3628,SB_MotifTwo_diff_uddd,"symbolic,motifs",0.00540141912727418,0.0184016646828798
3632,SB_MotifTwo_diff_uudd,"symbolic,motifs",3.04637264727127e-05,0.000220264232284354
3634,SB_MotifTwo_diff_uuud,"symbolic,motifs",0.00350474766316831,0.0127352331838385
3635,SB_MotifTwo_diff_uuuu,"symbolic,motifs",0.000985214086551646,0.00424294081111768
3636,SB_MotifTwo_diff_hhhh,"symbolic,motifs",0.0145066650137748,0.0424261593419457
3639,SB_MotifTwo_mean_dd,"symbolic,motifs",8.28993397906581e-06,7.90329324106368e-05
3640,SB_MotifTwo_mean_du,"symbolic,motifs",7.60661190228156e-07,1.75744945351411e-05
3641,SB_MotifTwo_mean_ud,"symbolic,motifs",7.66875169359407e-07,1.76605375852801e-05
3642,SB_MotifTwo_mean_uu,"symbolic,motifs",0.000254864490291098,0.00132242416213223
3643,SB_MotifTwo_mean_hh,"symbolic,motifs",8.64595004250958e-07,1.81437052223433e-05
3644,SB_MotifTwo_mean_ddd,"symbolic,motifs",4.5298014109361e-07,1.3614356528716e-05
3645,SB_MotifTwo_mean_ddu,"symbolic,motifs",9.82136182665932e-07,1.85767785163986e-05
3646,SB_MotifTwo_mean_dud,"symbolic,motifs",0.00445007709439016,0.0156336784697917
3647,SB_MotifTwo_mean_duu,"symbolic,motifs",1.43441430774462e-06,2.33891969766267e-05
3648,SB_MotifTwo_mean_udd,"symbolic,motifs",9.21562980967866e-07,1.85700176818326e-05
3649,SB_MotifTwo_mean_udu,"symbolic,motifs",0.00099082937210574,0.00426453442739443
3650,SB_MotifTwo_mean_uud,"symbolic,motifs",1.18773136379583e-06,2.0852917236148e-05
3651,SB_MotifTwo_mean_uuu,"symbolic,motifs",2.18599433306592e-05,0.000166365427086229
3652,SB_MotifTwo_mean_hhh,"symbolic,motifs",1.1149831476865e-06,2.01236016960314e-05
3653,SB_MotifTwo_mean_dddd,"symbolic,motifs",3.4829427824527e-07,1.26865860207478e-05
3654,SB_MotifTwo_mean_dddu,"symbolic,motifs",5.92785317889066e-06,6.25688431515944e-05
3655,SB_MotifTwo_mean_ddud,"symbolic,motifs",0.00864468539013518,0.0274225194419628
3656,SB_MotifTwo_mean_dduu,"symbolic,motifs",6.55740619856895e-06,6.69232836927331e-05
3657,SB_MotifTwo_mean_dudd,"symbolic,motifs",0.00114347777555255,0.00482549803245233
3659,SB_MotifTwo_mean_duud,"symbolic,motifs",0.00242803963348068,0.0092007348881477
3660,SB_MotifTwo_mean_duuu,"symbolic,motifs",4.92819476841461e-06,5.5135150618872e-05
3661,SB_MotifTwo_mean_uddd,"symbolic,motifs",5.24197003886364e-06,5.71141220977877e-05
3662,SB_MotifTwo_mean_uddu,"symbolic,motifs",0.00227554327591342,0.00867298681142068
3663,SB_MotifTwo_mean_udud,"symbolic,motifs",0.00213238595355185,0.00823354032038284
3664,SB_MotifTwo_mean_uduu,"symbolic,motifs",0.00175118081512797,0.00697424229180389
3665,SB_MotifTwo_mean_uudd,"symbolic,motifs",6.55740619856895e-06,6.69232836927331e-05
3666,SB_MotifTwo_mean_uudu,"symbolic,motifs",0.000269906914769587,0.00139334042682728
3667,SB_MotifTwo_mean_uuud,"symbolic,motifs",4.3537553414689e-06,5.03771397015316e-05
3668,SB_MotifTwo_mean_uuuu,"symbolic,motifs",6.18178925154075e-06,6.41982886693683e-05
3669,SB_MotifTwo_mean_hhhh,"symbolic,motifs",1.1149831476865e-06,2.01236016960314e-05
3672,SB_MotifTwo_median_dd,"symbolic,motifs",9.82136182665932e-07,1.85767785163986e-05
3673,SB_MotifTwo_median_du,"symbolic,motifs",9.82136182665932e-07,1.85767785163986e-05
3674,SB_MotifTwo_median_ud,"symbolic,motifs",9.82136182665932e-07,1.85767785163986e-05
3675,SB_MotifTwo_median_uu,"symbolic,motifs",8.11026050600951e-07,1.78099311978717e-05
3676,SB_MotifTwo_median_hh,"symbolic,motifs",9.82136182665932e-07,1.85767785163986e-05
3677,SB_MotifTwo_median_ddd,"symbolic,motifs",8.64595004250958e-07,1.81437052223433e-05
3678,SB_MotifTwo_median_ddu,"symbolic,motifs",1.18773136379583e-06,2.0852917236148e-05
3679,SB_MotifTwo_median_dud,"symbolic,motifs",0.00566324525732178,0.0191739372840971
3680,SB_MotifTwo_median_duu,"symbolic,motifs",1.38577771936461e-06,2.29657041202178e-05
3681,SB_MotifTwo_median_udd,"symbolic,motifs",9.82136182665932e-07,1.85767785163986e-05
3682,SB_MotifTwo_median_udu,"symbolic,motifs",0.00111781455429913,0.00473975768221314
3683,SB_MotifTwo_median_uud,"symbolic,motifs",1.298737499443e-06,2.19855491254157e-05
3684,SB_MotifTwo_median_uuu,"symbolic,motifs",8.64595004250958e-07,1.81437052223433e-05
3685,SB_MotifTwo_median_hhh,"symbolic,motifs",1.04653269791364e-06,1.92806660423414e-05
3686,SB_MotifTwo_median_dddd,"symbolic,motifs",7.60661190228156e-07,1.75744945351411e-05
3687,SB_MotifTwo_median_dddu,"symbolic,motifs",3.83548211191478e-06,4.65044010595069e-05
3689,SB_MotifTwo_median_dduu,"symbolic,motifs",5.17450467954947e-06,5.64657872185299e-05
3690,SB_MotifTwo_median_dudd,"symbolic,motifs",0.0051773054948617,0.0178005951890713
3692,SB_MotifTwo_median_duud,"symbolic,motifs",0.000944494113540262,0.00410244748765528
3693,SB_MotifTwo_median_duuu,"symbolic,motifs",5.92785317889066e-06,6.25688431515944e-05
3694,SB_MotifTwo_median_uddd,"symbolic,motifs",3.83548211191478e-06,4.65044010595069e-05
3695,SB_MotifTwo_median_uddu,"symbolic,motifs",0.002954674370762,0.0109210553995908
3696,SB_MotifTwo_median_udud,"symbolic,motifs",0.00703978176645191,0.0230570342499912
3697,SB_MotifTwo_median_uduu,"symbolic,motifs",0.00218795295437227,0.00840235533587575
3698,SB_MotifTwo_median_uudd,"symbolic,motifs",7.8197737788281e-06,7.55662880289206e-05
3699,SB_MotifTwo_median_uudu,"symbolic,motifs",0.000620293739274454,0.00284588841699463
3700,SB_MotifTwo_median_uuud,"symbolic,motifs",5.17450467954947e-06,5.64657872185299e-05
3701,SB_MotifTwo_median_uuuu,"symbolic,motifs",1.26503510150617e-06,2.14662535286681e-05
3702,SB_MotifTwo_median_hhhh,"symbolic,motifs",1.1149831476865e-06,2.01236016960314e-05
3703,SB_MotifThree_quantile_aa,"symbolic,motifs",1.26503510150617e-06,2.14662535286681e-05
3704,SB_MotifThree_quantile_ab,"symbolic,motifs",4.3537553414689e-06,5.03771397015316e-05
3705,SB_MotifThree_quantile_ac,"symbolic,motifs",5.12495252257453e-07,1.43562512671065e-05
3706,SB_MotifThree_quantile_ba,"symbolic,motifs",2.21571426888698e-06,3.14392871073938e-05
3707,SB_MotifThree_quantile_bb,"symbolic,motifs",5.87706654304219e-07,1.54392714777031e-05
3708,SB_MotifThree_quantile_bc,"symbolic,motifs",7.1747696791623e-07,1.69635471114327e-05
3709,SB_MotifThree_quantile_ca,"symbolic,motifs",1.5018979309431e-05,0.000123155630337334
3710,SB_MotifThree_quantile_cb,"symbolic,motifs",2.85533069149158e-07,1.26566663948618e-05
3711,SB_MotifThree_quantile_cc,"symbolic,motifs",2.67153931978667e-07,1.26328189301646e-05
3712,SB_MotifThree_quantile_hh,"symbolic,motifs",2.85533069149158e-07,1.26566663948618e-05
3713,SB_MotifThree_quantile_aaa,"symbolic,motifs",1.62549066485909e-06,2.57357260844766e-05
3714,SB_MotifThree_quantile_aab,"symbolic,motifs",1.10731586775373e-05,9.75868870206269e-05
3715,SB_MotifThree_quantile_aac,"symbolic,motifs",6.13589011397305e-07,1.58832250009585e-05
3718,SB_MotifThree_quantile_abc,"symbolic,motifs",2.33762332210425e-07,1.26328189301646e-05
3720,SB_MotifThree_quantile_acb,"symbolic,motifs",0.0074462890625,0.0241833920880552
3721,SB_MotifThree_quantile_acc,"symbolic,motifs",9.27866366977466e-07,1.85767785163986e-05
3722,SB_MotifThree_quantile_baa,"symbolic,motifs",1.10753480969413e-05,9.75868870206269e-05
3723,SB_MotifThree_quantile_bab,"symbolic,motifs",0.000638843280342396,0.00292004608139432
3726,SB_MotifThree_quantile_bbb,"symbolic,motifs",3.18475412626265e-06,4.16331959180735e-05
3728,SB_MotifThree_quantile_bca,"symbolic,motifs",0.000983812939416588,0.00424294081111768
3729,SB_MotifThree_quantile_bcb,"symbolic,motifs",2.92646230707446e-05,0.000213553468560485
3730,SB_MotifThree_quantile_bcc,"symbolic,motifs",9.1804215039058e-06,8.58959724394941e-05
3731,SB_MotifThree_quantile_caa,"symbolic,motifs",2.42762239155719e-05,0.000182599423364954
3732,SB_MotifThree_quantile_cab,"symbolic,motifs",0.0073964659024208,0.0240325848125839
3734,SB_MotifThree_quantile_cba,"symbolic,motifs",1.26503510150617e-06,2.14662535286681e-05
3735,SB_MotifThree_quantile_cbb,"symbolic,motifs",0.00788327688124583,0.0253587677635722
3737,SB_MotifThree_quantile_cca,"symbolic,motifs",2.36224040468584e-05,0.000177870182488712
3738,SB_MotifThree_quantile_ccb,"symbolic,motifs",3.61088889258424e-06,4.47762848166085e-05
3739,SB_MotifThree_quantile_ccc,"symbolic,motifs",3.91186172638508e-07,1.28100695722174e-05
3740,SB_MotifThree_quantile_hhh,"symbolic,motifs",3.2602341299532e-07,1.26865860207478e-05
3741,SB_MotifThree_quantile_aaaa,"symbolic,motifs",2.50614204546602e-06,3.45837850748842e-05
3742,SB_MotifThree_quantile_aaab,"symbolic,motifs",0.000900964290031639,0.00394523596218587
3743,SB_MotifThree_quantile_aaac,"symbolic,motifs",9.65628405021986e-07,1.85767785163986e-05
3744,SB_MotifThree_quantile_aaba,"symbolic,motifs",0.0045797737149395,0.0160733968134913
3746,SB_MotifThree_quantile_aabc,"symbolic,motifs",1.84090878581554e-06,2.79605268046886e-05
3748,SB_MotifThree_quantile_aacb,"symbolic,motifs",0.00152587890625,0.00618186983075375
3749,SB_MotifThree_quantile_aacc,"symbolic,motifs",1.13752175968836e-06,2.04782787854557e-05
3750,SB_MotifThree_quantile_abaa,"symbolic,motifs",0.00964484260483589,0.030031110007068
3754,SB_MotifThree_quantile_abbb,"symbolic,motifs",0.000750986366500052,0.00336068199337199
3756,SB_MotifThree_quantile_abca,"symbolic,motifs",0.0013427734375,0.00554705415968987
3757,SB_MotifThree_quantile_abcb,"symbolic,motifs",3.83544146506428e-05,0.000263867956466547
3758,SB_MotifThree_quantile_abcc,"symbolic,motifs",1.62549066485909e-06,2.57357260844766e-05
3762,SB_MotifThree_quantile_acba,"symbolic,motifs",0.00390625,0.0140146844967122
3766,SB_MotifThree_quantile_accb,"symbolic,motifs",0.00528767811293801,0.0181185994468934
3767,SB_MotifThree_quantile_accc,"symbolic,motifs",4.6730612760259e-07,1.39856639792623e-05
3768,SB_MotifThree_quantile_baaa,"symbolic,motifs",0.000752308667258857,0.00336068199337199
3769,SB_MotifThree_quantile_baab,"symbolic,motifs",0.000167509336666086,0.000919615886201662
3770,SB_MotifThree_quantile_baac,"symbolic,motifs",0.011655484008457,0.0353754163765449
3772,SB_MotifThree_quantile_babb,"symbolic,motifs",0.00393500451147934,0.0141107113245313
3773,SB_MotifThree_quantile_babc,"symbolic,motifs",3.00143831714401e-05,0.000218799609285739
3778,SB_MotifThree_quantile_bbab,"symbolic,motifs",0.00896480444808538,0.0282861912590167
3780,SB_MotifThree_quantile_bbba,"symbolic,motifs",0.00759692616877579,0.0245377947700941
3781,SB_MotifThree_quantile_bbbb,"symbolic,motifs",5.49139337197368e-06,5.91952176100446e-05
3784,SB_MotifThree_quantile_bbcb,"symbolic,motifs",0.000196617374106832,0.00106053766885153
3786,SB_MotifThree_quantile_bcaa,"symbolic,motifs",0.0011772525171364,0.00495269994308925
3789,SB_MotifThree_quantile_bcba,"symbolic,motifs",3.55621763544402e-06,4.47762848166085e-05
3790,SB_MotifThree_quantile_bcbb,"symbolic,motifs",0.00177722320288689,0.00707398663191735
3791,SB_MotifThree_quantile_bcbc,"symbolic,motifs",0.00637979500500864,0.021195262749661
3792,SB_MotifThree_quantile_bcca,"symbolic,motifs",0.000717680017731966,0.00322763058328491
3793,SB_MotifThree_quantile_bccb,"symbolic,motifs",0.00114361514063899,0.00482549803245233
3794,SB_MotifThree_quantile_bccc,"symbolic,motifs",0.000374647549020274,0.00185465917812932
3795,SB_MotifThree_quantile_caaa,"symbolic,motifs",1.94681162895484e-05,0.000152026594932567
3796,SB_MotifThree_quantile_caab,"symbolic,motifs",0.00692447069247437,0.022749083196721
3800,SB_MotifThree_quantile_cabc,"symbolic,motifs",0.00927734375,0.0290911579216401
3804,SB_MotifThree_quantile_cbaa,"symbolic,motifs",4.87516924146122e-06,5.47145180849437e-05
3805,SB_MotifThree_quantile_cbab,"symbolic,motifs",8.52993182563864e-05,0.000519783560474698
3809,SB_MotifThree_quantile_cbbc,"symbolic,motifs",0.00820390579027923,0.026211848545248
3813,SB_MotifThree_quantile_ccaa,"symbolic,motifs",3.78582499704733e-05,0.000260955457885609
3814,SB_MotifThree_quantile_ccab,"symbolic,motifs",0.0070507129970719,0.0230570342499912
3816,SB_MotifThree_quantile_ccba,"symbolic,motifs",1.17306779714729e-05,0.000101346770830277
3819,SB_MotifThree_quantile_ccca,"symbolic,motifs",4.73719113263029e-05,0.00031461513767553
3820,SB_MotifThree_quantile_cccb,"symbolic,motifs",7.95272569386859e-05,0.000490254161756843
3821,SB_MotifThree_quantile_cccc,"symbolic,motifs",3.72030155408931e-07,1.26865860207478e-05
3822,SB_MotifThree_quantile_hhhh,"symbolic,motifs",5.16120692670543e-07,1.43562512671065e-05
3823,SB_MotifThree_diffquant_aa,"symbolic,motifs",0.00678854239663417,0.0223231948165629
3825,SB_MotifThree_diffquant_ac,"symbolic,motifs",0.00678854239663417,0.0223231948165629
3826,SB_MotifThree_diffquant_ba,"symbolic,motifs",0.00197040771953243,0.00767074750529282
3827,SB_MotifThree_diffquant_bb,"symbolic,motifs",0.0117525566357291,0.0354124401942339
3832,SB_MotifThree_diffquant_hh,"symbolic,motifs",0.0091335656357516,0.0286529770253809
3833,SB_MotifThree_diffquant_aaa,"symbolic,motifs",0.00214310157010038,0.0082345717425363
3835,SB_MotifThree_diffquant_aac,"symbolic,motifs",0.000901068977688017,0.00394523596218587
3838,SB_MotifThree_diffquant_abc,"symbolic,motifs",0.00049718147462051,0.00234475279220963
3841,SB_MotifThree_diffquant_acc,"symbolic,motifs",0.000452716478387203,0.00216091385006758
3847,SB_MotifThree_diffquant_bbc,"symbolic,motifs",0.00146138338376803,0.00596537312541265
3851,SB_MotifThree_diffquant_caa,"symbolic,motifs",0.00731756136170696,0.0237871048297835
3854,SB_MotifThree_diffquant_cba,"symbolic,motifs",0.00427548416137376,0.0151251915993138
3857,SB_MotifThree_diffquant_cca,"symbolic,motifs",0.00502409693032753,0.0172905965680801
3859,SB_MotifThree_diffquant_ccc,"symbolic,motifs",0.00480871169077813,0.0166706705878247
3861,SB_MotifThree_diffquant_aaaa,"symbolic,motifs",0.000686926233975337,0.00310737740917543
3863,SB_MotifThree_diffquant_aaac,"symbolic,motifs",0.00011460879331106,0.000663608302820691
3865,SB_MotifThree_diffquant_aabb,"symbolic,motifs",0.0117221278150111,0.0354124401942339
3866,SB_MotifThree_diffquant_aabc,"symbolic,motifs",0.00214310157010038,0.0082345717425363
3869,SB_MotifThree_diffquant_aacc,"symbolic,motifs",7.3751706263707e-06,7.2655673962288e-05
3870,SB_MotifThree_diffquant_abaa,"symbolic,motifs",0.00809777958133766,0.0260133834105199
3878,SB_MotifThree_diffquant_abcc,"symbolic,motifs",0.00111794933065594,0.00473975768221314
3886,SB_MotifThree_diffquant_accb,"symbolic,motifs",0.0123837672066962,0.0370000256095602
3887,SB_MotifThree_diffquant_accc,"symbolic,motifs",0.00117010524312938,0.00493433798425486
3890,SB_MotifThree_diffquant_baac,"symbolic,motifs",0.00605782983744516,0.0202825490563651
3902,SB_MotifThree_diffquant_bbbc,"symbolic,motifs",0.0129831362906865,0.0386443078933443
3905,SB_MotifThree_diffquant_bbcc,"symbolic,motifs",0.00555021413307328,0.0188723244707041
3916,SB_MotifThree_diffquant_caab,"symbolic,motifs",0.00156758058210859,0.00634275474551982
3932,SB_MotifThree_diffquant_cbcc,"symbolic,motifs",0.00804954931861372,0.0258818918027775
3933,SB_MotifThree_diffquant_ccaa,"symbolic,motifs",0.000900052202416032,0.00394523596218587
3938,SB_MotifThree_diffquant_ccbc,"symbolic,motifs",0.00156758058210859,0.00634275474551982
3939,SB_MotifThree_diffquant_ccca,"symbolic,motifs",0.00629363883567955,0.0209205237346625
3941,SB_MotifThree_diffquant_cccc,"symbolic,motifs",0.00146169723557975,0.00596537312541265
3944,MF_AR_arcov_1_res_std,"model,gof",1.45796399486326e-07,1.26328189301646e-05
3945,MF_AR_arcov_1_res_AC1,"model,gof",0.0113416610170194,0.0344376719151192
3946,MF_AR_arcov_1_res_AC2,"model,gof",0.000598582921400376,0.00275340380122754
3947,MF_AR_arcov_2_a2,"model,fit",0.000411985081919444,0.0020015138260648
3949,MF_AR_arcov_2_var,"model,fit",9.3125620761273e-06,8.58959724394941e-05
3951,MF_AR_arcov_2_res_std,"model,gof",5.17450467954947e-06,5.64657872185299e-05
3954,MF_AR_arcov_3_a2,"model,fit",0.00336668407320579,0.0122838941004366
3957,MF_AR_arcov_3_var,"model,fit",9.86802931933148e-06,8.9851003802334e-05
3959,MF_AR_arcov_3_res_std,"model,gof",6.95480101290475e-06,7.00715960007577e-05
3962,MF_AR_arcov_4_a2,"model,fit",0.0113416610170194,0.0344376719151192
3966,MF_AR_arcov_4_var,"model,fit",1.39260980630824e-05,0.000116072636382424
3968,MF_AR_arcov_4_res_std,"model,gof",9.3125620761273e-06,8.58959724394941e-05
3969,MF_AR_arcov_4_res_AC1,"model,gof",0.0105579451035292,0.0324469257449449
3971,MF_AR_arcov_5_a2,"model,fit",0.00731756136170696,0.0237871048297835
3974,MF_AR_arcov_5_a5,"model,fit",0.000163342672991421,0.000897435770354881
3975,MF_AR_arcov_5_a6,"model,fit",0.00152607557784433,0.00618186983075375
3976,MF_AR_arcov_5_var,"model,fit",9.3125620761273e-06,8.58959724394941e-05
3978,MF_AR_arcov_5_res_std,"model,gof",7.8197737788281e-06,7.55662880289206e-05
3980,MF_AR_arcov_5_res_AC2,"model,gof",0.0166452400339562,0.047568367268675
3982,DN_SimpleFit_sin1_resAC1,model,1.27225702936697e-07,1.26328189301646e-05
3983,DN_SimpleFit_sin1_resAC2,model,1.36205222978583e-07,1.26328189301646e-05
3985,DN_SimpleFit_sin2_rmse,"model,gof",0.00788327688124583,0.0253587677635722
3986,DN_SimpleFit_sin2_resAC1,model,9.67031093838127e-08,1.26328189301646e-05
3987,DN_SimpleFit_sin2_resAC2,model,9.67031093838127e-08,1.26328189301646e-05
3989,DN_SimpleFit_sin3_rmse,"model,gof",0.00411003277270197,0.0146421207718609
3990,DN_SimpleFit_sin3_resAC1,model,8.42321392028478e-08,1.26328189301646e-05
3991,DN_SimpleFit_sin3_resAC2,model,8.42321392028478e-08,1.26328189301646e-05
4017,SC_FluctAnal_2_endptdiff_50_logi_linfitint,scaling,0.00947257968258233,0.0295076889277806
4021,SC_FluctAnal_2_endptdiff_50_logi_ssr,scaling,0.00181057379343184,0.00716651781072101
4026,SC_FluctAnal_2_endptdiff_50_logi_meanssr,scaling,0.000309391534112162,0.00156082087585887
4041,SC_FluctAnal_2_range_50_logi_linfitint,scaling,0.000242716287295376,0.00126773683783955
4045,SC_FluctAnal_2_range_50_logi_ssr,scaling,0.0121766025070389,0.0364130533825874
4050,SC_FluctAnal_2_range_50_logi_meanssr,scaling,0.000861541430768804,0.00380031925898204
4054,SC_FluctAnal_2_range_50_logi_r1_se1,scaling,0.000231112917058414,0.00121518452238349
4055,SC_FluctAnal_2_range_50_logi_r1_se2,scaling,0.000309391534112162,0.00156082087585887
4056,SC_FluctAnal_2_range_50_logi_r1_ssr,scaling,0.000140455025433301,0.000793190681049683
4057,SC_FluctAnal_2_range_50_logi_r1_resac1,scaling,0.00848785630958759,0.0269491337528669
4065,SC_FluctAnal_2_std_50_logi_linfitint,scaling,0.000357259343652894,0.00177578172707076
4067,SC_FluctAnal_2_std_50_logi_se1,scaling,0.0117525566357291,0.0354124401942339
4068,SC_FluctAnal_2_std_50_logi_se2,scaling,0.0117525566357291,0.0354124401942339
4069,SC_FluctAnal_2_std_50_logi_ssr,scaling,0.00848785630958759,0.0269491337528669
4074,SC_FluctAnal_2_std_50_logi_meanssr,scaling,0.000571568005964199,0.00264457395062235
4089,SC_FluctAnal_2_iqr_50_logi_linfitint,scaling,0.000718970297700572,0.00322763058328491
4093,SC_FluctAnal_2_iqr_50_logi_ssr,scaling,0.0160861401361776,0.0461752294560534
4095,SC_FluctAnal_2_iqr_50_logi_logtausplit,scaling,0.0139150296223719,0.0409880835180582
4096,SC_FluctAnal_2_iqr_50_logi_prop_r1,scaling,0.0145109068889836,0.0424261593419457
4113,SC_FluctAnal_2_rsrange_50_logi_linfitint,scaling,0.0145066650137748,0.0424261593419457
4114,SC_FluctAnal_2_rsrange_50_logi_alpha,scaling,0.00880542419332382,0.0277956714745197
4115,SC_FluctAnal_2_rsrange_50_logi_se1,scaling,0.000220031677037124,0.00116036036076157
4116,SC_FluctAnal_2_rsrange_50_logi_se2,scaling,0.000220031677037124,0.00116036036076157
4117,SC_FluctAnal_2_rsrange_50_logi_ssr,scaling,6.82179820007579e-05,0.000428962895683844
4118,SC_FluctAnal_2_rsrange_50_logi_resac1,scaling,0.00082362694217216,0.00365124118801696
4122,SC_FluctAnal_2_rsrange_50_logi_meanssr,scaling,3.04637264727127e-05,0.000220264232284354
4128,SC_FluctAnal_2_rsrange_50_logi_r1_ssr,scaling,0.00128327762626588,0.00533545615656736
4129,SC_FluctAnal_2_rsrange_50_logi_r1_resac1,scaling,0.00499939877018464,0.017230678074305
4132,SC_FluctAnal_2_rsrange_50_logi_r2_se1,scaling,0.00102996237816126,0.00441421338265728
4133,SC_FluctAnal_2_rsrange_50_logi_r2_se2,scaling,0.00253079653773657,0.00953822520837697
4139,SC_FluctAnal_2_rsrangefit_50_1_logi_se1,scaling,0.00122842305321242,0.00513145154089262
4140,SC_FluctAnal_2_rsrangefit_50_1_logi_se2,scaling,0.00122842305321242,0.00513145154089262
4141,SC_FluctAnal_2_rsrangefit_50_1_logi_ssr,scaling,6.18178925154075e-06,6.41982886693683e-05
4142,SC_FluctAnal_2_rsrangefit_50_1_logi_resac1,scaling,0.00427548416137376,0.0151251915993138
4146,SC_FluctAnal_2_rsrangefit_50_1_logi_meanssr,scaling,7.3751706263707e-06,7.2655673962288e-05
4147,SC_FluctAnal_2_rsrangefit_50_1_logi_stdssr,scaling,0.0121766025070389,0.0364130533825874
4156,SC_FluctAnal_2_rsrangefit_50_1_logi_r2_se1,scaling,0.0113416610170194,0.0344376719151192
4157,SC_FluctAnal_2_rsrangefit_50_1_logi_r2_se2,scaling,0.0155436158790251,0.044948459678192
4161,SC_FluctAnal_2_dfa_50_0_logi_linfitint,scaling,0.000474463308048828,0.0022495777032021
4163,SC_FluctAnal_2_dfa_50_0_logi_se1,scaling,0.0101844541042579,0.0314353059014366
4164,SC_FluctAnal_2_dfa_50_0_logi_se2,scaling,0.0101844541042579,0.0314353059014366
4165,SC_FluctAnal_2_dfa_50_0_logi_ssr,scaling,0.00759569887611432,0.0245377947700941
4170,SC_FluctAnal_2_dfa_50_0_logi_meanssr,scaling,0.000411985081919444,0.0020015138260648
4187,SC_FluctAnal_2_dfa_50_1_logi_se1,scaling,0.000120613121939985,0.000693281097180156
4188,SC_FluctAnal_2_dfa_50_1_logi_se2,scaling,0.000120613121939985,0.000693281097180156
4189,SC_FluctAnal_2_dfa_50_1_logi_ssr,scaling,4.45641297611193e-05,0.000298482882337695
4190,SC_FluctAnal_2_dfa_50_1_logi_resac1,scaling,0.0091335656357516,0.0286529770253809
4194,SC_FluctAnal_2_dfa_50_1_logi_meanssr,scaling,1.56018019057256e-05,0.000126907776281321
4204,SC_FluctAnal_2_dfa_50_1_logi_r2_se1,scaling,0.00223455572247879,0.00853511240686164
4205,SC_FluctAnal_2_dfa_50_1_logi_r2_se2,scaling,0.00653714319617325,0.0216268454712952
4209,SC_FluctAnal_2_dfa_50_2_logi_linfitint,scaling,0.00583240319190966,0.0196528436295559
4210,SC_FluctAnal_2_dfa_50_2_logi_alpha,scaling,0.00462463008225427,0.0161270900557667
4211,SC_FluctAnal_2_dfa_50_2_logi_se1,scaling,0.000147725636058422,0.000824404356067967
4212,SC_FluctAnal_2_dfa_50_2_logi_se2,scaling,0.000147725636058422,0.000824404356067967
4213,SC_FluctAnal_2_dfa_50_2_logi_ssr,scaling,0.0126141510785048,0.0375933502520312
4214,SC_FluctAnal_2_dfa_50_2_logi_resac1,scaling,0.000163342672991421,0.000897435770354881
4218,SC_FluctAnal_2_dfa_50_2_logi_meanssr,scaling,0.000140455025433301,0.000793190681049683
4220,SC_FluctAnal_2_dfa_50_2_logi_r1_linfitint,scaling,0.00139983011578967,0.00574927331285241
4228,SC_FluctAnal_2_dfa_50_2_logi_r2_se1,scaling,0.000267581120235988,0.00138234004794892
4229,SC_FluctAnal_2_dfa_50_2_logi_r2_se2,scaling,0.000147725636058422,0.000824404356067967
4230,SC_FluctAnal_2_dfa_50_2_logi_r2_ssr,scaling,0.00188893854939985,0.00743520595499065
4233,SC_FluctAnal_2_dfa_50_3_logi_linfitint,scaling,0.000199349058622623,0.0010663520911088
4234,SC_FluctAnal_2_dfa_50_3_logi_alpha,scaling,0.000357259343652894,0.00177578172707076
4235,SC_FluctAnal_2_dfa_50_3_logi_se1,scaling,1.10753480969413e-05,9.75868870206269e-05
4236,SC_FluctAnal_2_dfa_50_3_logi_se2,scaling,1.10753480969413e-05,9.75868870206269e-05
4238,SC_FluctAnal_2_dfa_50_3_logi_resac1,scaling,6.18178925154075e-06,6.41982886693683e-05
4239,SC_FluctAnal_2_dfa_50_3_logi_logtausplit,scaling,0.00170303310897733,0.00681693783407233
4240,SC_FluctAnal_2_dfa_50_3_logi_prop_r1,scaling,0.00168717643676784,0.00675727976623056
4242,SC_FluctAnal_2_dfa_50_3_logi_meanssr,scaling,0.0135312008308029,0.0399071964627379
4252,SC_FluctAnal_2_dfa_50_3_logi_r2_se1,scaling,0.00188893854939985,0.00743520595499065
4253,SC_FluctAnal_2_dfa_50_3_logi_r2_se2,scaling,0.00146169723557975,0.00596537312541265
4254,SC_FluctAnal_2_dfa_50_3_logi_r2_ssr,scaling,0.00818056932224017,0.0261490663373815
4259,SC_FluctAnal_2_dfa_50_1_2_logi_se1,scaling,0.0160861401361776,0.0461752294560534
4260,SC_FluctAnal_2_dfa_50_1_2_logi_se2,scaling,0.0160861401361776,0.0461752294560534
4261,SC_FluctAnal_2_dfa_50_1_2_logi_ssr,scaling,0.00242827797978465,0.0092007348881477
4266,SC_FluctAnal_2_dfa_50_1_2_logi_meanssr,scaling,0.00029481867962687,0.00149795766088352
4281,SC_FluctAnal_2_dfa_50_1_3_logi_linfitint,scaling,0.00011460879331106,0.000663608302820691
4285,SC_FluctAnal_2_dfa_50_1_3_logi_ssr,scaling,0.0121766025070389,0.0364130533825874
4307,SC_FluctAnal_mag_2_dfa_50_2_logi_se1,scaling,0.0101844541042579,0.0314353059014366
4308,SC_FluctAnal_mag_2_dfa_50_2_logi_se2,scaling,0.0101844541042579,0.0314353059014366
4309,SC_FluctAnal_mag_2_dfa_50_2_logi_ssr,scaling,1.17306779714729e-05,0.000101346770830277
4310,SC_FluctAnal_mag_2_dfa_50_2_logi_resac1,scaling,0.00232957338585228,0.00885038244555447
4313,SC_FluctAnal_mag_2_dfa_50_2_logi_ratsplitminerr,scaling,0.000147725636058422,0.000824404356067967
4314,SC_FluctAnal_mag_2_dfa_50_2_logi_meanssr,scaling,6.82179820007579e-05,0.000428962895683844
4315,SC_FluctAnal_mag_2_dfa_50_2_logi_stdssr,scaling,7.18988102492802e-05,0.000448135554567789
4329,SC_FluctAnal_sign_2_dfa_50_2_logi_linfitint,scaling,0.00152607557784433,0.00618186983075375
4330,SC_FluctAnal_sign_2_dfa_50_2_logi_alpha,scaling,0.00232957338585228,0.00885038244555447
4331,SC_FluctAnal_sign_2_dfa_50_2_logi_se1,scaling,2.44316942629559e-05,0.000182606962494359
4332,SC_FluctAnal_sign_2_dfa_50_2_logi_se2,scaling,2.44316942629559e-05,0.000182606962494359
4334,SC_FluctAnal_sign_2_dfa_50_2_logi_resac1,scaling,0.000171721588064445,0.000936939403185466
4338,SC_FluctAnal_sign_2_dfa_50_2_logi_meanssr,scaling,0.0155436158790251,0.044948459678192
4348,SC_FluctAnal_sign_2_dfa_50_2_logi_r2_se1,scaling,0.0105579451035292,0.0324469257449449
4349,SC_FluctAnal_sign_2_dfa_50_2_logi_r2_se2,scaling,0.00499939877018464,0.017230678074305
4353,SC_MMA_0__n5_5_meanHurstExponent,"scaling,fractal",2.8322842707188e-06,3.83385349851306e-05
4355,SC_MMA_0__n5_5_minHurstExponent,"scaling,fractal",0.00122842305321242,0.00513145154089262
4356,SC_MMA_0__n5_5_maxHurstExponent,"scaling,fractal",1.17306779714729e-05,0.000101346770830277
4358,SC_MMA_0__n5_5_scaleHurstTrend,"scaling,fractal",0.0117525566357291,0.0354124401942339
4363,SC_MMA_0__n5_5_minHurstQ,"scaling,fractal",0.009765625,0.0303938473562966
4364,SC_MMA_0__n5_5_minHurstScale,"scaling,fractal",0.00023774664271657,0.00124913847169528
4367,SP_Summaries_pgram_hamm_maxS,FourierSpectrum,0.00653714319617325,0.0216268454712952
4373,SP_Summaries_pgram_hamm_numPromPeaks_5,FourierSpectrum,0.000860093007684051,0.00380031925898204
4375,SP_Summaries_pgram_hamm_maxProm,FourierSpectrum,0.00653714319617325,0.0216268454712952
4379,SP_Summaries_pgram_hamm_peakPower_2,FourierSpectrum,0.00848785630958759,0.0269491337528669
4382,SP_Summaries_pgram_hamm_w_weighted_peak_prom,FourierSpectrum,4.59245894147181e-06,5.20356410093603e-05
4383,SP_Summaries_pgram_hamm_w_weighted_peak_height,FourierSpectrum,4.59245894147181e-06,5.20356410093603e-05
4385,SP_Summaries_pgram_hamm_peakpower_1,FourierSpectrum,0.00205509104458358,0.00793941218912382
4386,SP_Summaries_pgram_hamm_iqr,FourierSpectrum,2.31118018635252e-05,0.000174210425736434
4388,SP_Summaries_pgram_hamm_q25,FourierSpectrum,0.000103435837958387,0.000611901917129974
4389,SP_Summaries_pgram_hamm_median,FourierSpectrum,1.10753480969413e-05,9.75868870206269e-05
4390,SP_Summaries_pgram_hamm_q75,FourierSpectrum,2.44316942629559e-05,0.000182606962494359
4393,SP_Summaries_pgram_hamm_logstd,FourierSpectrum,0.00188893854939985,0.00743520595499065
4395,SP_Summaries_pgram_hamm_logmean,FourierSpectrum,1.84801124407888e-05,0.000145643819491684
4396,SP_Summaries_pgram_hamm_mom3,FourierSpectrum,0.0150172581412796,0.0437443170415178
4397,SP_Summaries_pgram_hamm_mom4,FourierSpectrum,0.0135312008308029,0.0399071964627379
4398,SP_Summaries_pgram_hamm_mom5,FourierSpectrum,0.0121766025070389,0.0364130533825874
4404,SP_Summaries_pgram_hamm_wmax_25,FourierSpectrum,0.000571568005964199,0.00264457395062235
4405,SP_Summaries_pgram_hamm_centroid,FourierSpectrum,0.000155349545893666,0.00086085494454982
4406,SP_Summaries_pgram_hamm_wmax_75,FourierSpectrum,6.47159490551713e-05,0.000410949173364664
4407,SP_Summaries_pgram_hamm_wmax_90,FourierSpectrum,5.16120692670543e-07,1.43562512671065e-05
4408,SP_Summaries_pgram_hamm_wmax_95,FourierSpectrum,5.17450467954947e-06,5.64657872185299e-05
4409,SP_Summaries_pgram_hamm_wmax_99,FourierSpectrum,3.78942790951893e-05,0.000260955457885609
4410,SP_Summaries_pgram_hamm_w10_90,FourierSpectrum,0.000431902709468371,0.00207553246494523
4414,SP_Summaries_pgram_hamm_fpoly2csS_p3,FourierSpectrum,5.82159585412248e-05,0.000376413668124802
4416,SP_Summaries_pgram_hamm_fpoly2_r2,FourierSpectrum,9.3125620761273e-06,8.58959724394941e-05
4419,SP_Summaries_pgram_hamm_fpolysat_b,FourierSpectrum,1.10753480969413e-05,9.75868870206269e-05
4420,SP_Summaries_pgram_hamm_fpolysat_r2,FourierSpectrum,0.00188893854939985,0.00743520595499065
4421,SP_Summaries_pgram_hamm_fpolysat_rmse,FourierSpectrum,0.00197040771953243,0.00767074750529282
4424,SP_Summaries_pgram_hamm_sfm,FourierSpectrum,2.31118018635252e-05,0.000174210425736434
4426,SP_Summaries_pgram_hamm_ylogareatopeak,FourierSpectrum,9.32965976131512e-05,0.000562236845259203
4427,SP_Summaries_pgram_hamm_linfitloglog_all_a1,FourierSpectrum,0.000474463308048828,0.0022495777032021
4428,SP_Summaries_pgram_hamm_linfitloglog_all_a2,FourierSpectrum,1.95471950625266e-05,0.000152026594932567
4430,SP_Summaries_pgram_hamm_linfitloglog_all_sigma,FourierSpectrum,0.00152607557784433,0.00618186983075375
4431,SP_Summaries_pgram_hamm_linfitloglog_all_sea1,FourierSpectrum,0.00152607557784433,0.00618186983075375
4432,SP_Summaries_pgram_hamm_linfitloglog_lf_a1,FourierSpectrum,3.39893536496135e-06,4.28979511453218e-05
4433,SP_Summaries_pgram_hamm_linfitloglog_lf_a2,FourierSpectrum,1.45796399486326e-07,1.26328189301646e-05
4437,SP_Summaries_pgram_hamm_linfitloglog_hf_a1,FourierSpectrum,0.00013352242572232,0.000759482410303461
4442,SP_Summaries_pgram_hamm_linfitloglog_mf_a1,FourierSpectrum,1.34716678791654e-06,2.23781124746886e-05
4448,SP_Summaries_pgram_hamm_linfitsemilog_all_a2,FourierSpectrum,8.41011855946992e-05,0.000512923223923647
4453,SP_Summaries_pgram_hamm_logarea_2_1,FourierSpectrum,0.000309391534112162,0.00156082087585887
4454,SP_Summaries_pgram_hamm_area_2_2,FourierSpectrum,0.000120613121939985,0.000693281097180156
4455,SP_Summaries_pgram_hamm_logarea_2_2,FourierSpectrum,3.04637264727127e-05,0.000220264232284354
4460,SP_Summaries_pgram_hamm_area_3_2,FourierSpectrum,3.0102618480377e-06,3.97612426222187e-05
4461,SP_Summaries_pgram_hamm_logarea_3_2,FourierSpectrum,5.49139337197368e-06,5.91952176100446e-05
4462,SP_Summaries_pgram_hamm_area_3_3,FourierSpectrum,0.000163342672991421,0.000897435770354881
4463,SP_Summaries_pgram_hamm_logarea_3_3,FourierSpectrum,3.58899897678485e-05,0.000250805613224975
4464,SP_Summaries_pgram_hamm_statav3_m,FourierSpectrum,0.0150172581412796,0.0437443170415178
4468,SP_Summaries_pgram_hamm_area_4_2,FourierSpectrum,1.95865484438265e-06,2.90036300860253e-05
4469,SP_Summaries_pgram_hamm_logarea_4_2,FourierSpectrum,1.72998018997263e-06,2.68506553336452e-05
4470,SP_Summaries_pgram_hamm_area_4_3,FourierSpectrum,0.000103435837958387,0.000611901917129974
4471,SP_Summaries_pgram_hamm_logarea_4_3,FourierSpectrum,2.44316942629559e-05,0.000182606962494359
4472,SP_Summaries_pgram_hamm_area_4_4,FourierSpectrum,0.000254864490291098,0.00132242416213223
4473,SP_Summaries_pgram_hamm_logarea_4_4,FourierSpectrum,7.98313205736858e-05,0.000490254161756843
4474,SP_Summaries_pgram_hamm_statav4_m,FourierSpectrum,0.00499939877018464,0.017230678074305
4478,SP_Summaries_pgram_hamm_area_5_2,FourierSpectrum,8.7870425947142e-06,8.27709072035961e-05
4479,SP_Summaries_pgram_hamm_logarea_5_2,FourierSpectrum,1.72998018997263e-06,2.68506553336452e-05
4480,SP_Summaries_pgram_hamm_area_5_3,FourierSpectrum,1.56018019057256e-05,0.000126907776281321
4481,SP_Summaries_pgram_hamm_logarea_5_3,FourierSpectrum,1.39260980630824e-05,0.000116072636382424
4482,SP_Summaries_pgram_hamm_area_5_4,FourierSpectrum,9.82427974942328e-05,0.000587056581825268
4483,SP_Summaries_pgram_hamm_logarea_5_4,FourierSpectrum,3.58899897678485e-05,0.000250805613224975
4484,SP_Summaries_pgram_hamm_area_5_5,FourierSpectrum,0.000431902709468371,0.00207553246494523
4485,SP_Summaries_pgram_hamm_logarea_5_5,FourierSpectrum,0.000309391534112162,0.00156082087585887
4486,SP_Summaries_pgram_hamm_statav5_m,FourierSpectrum,0.000718970297700572,0.00322763058328491
4488,SP_Summaries_pgram_hamm_ncross_f05,FourierSpectrum,0.0160337081038595,0.0461752294560534
4489,SP_Summaries_pgram_hamm_ncross_f01,FourierSpectrum,0.00818056932224017,0.0261490663373815
4490,SP_Summaries_pgram_hamm_ncross_f02,FourierSpectrum,0.00550899148001836,0.0187501327100625
4491,SP_Summaries_welch_rect_maxS,FourierSpectrum,0.00499939877018464,0.017230678074305
4495,SP_Summaries_welch_rect_numPromPeaks_1,FourierSpectrum,0.0121770425241079,0.0364130533825874
4497,SP_Summaries_welch_rect_numPromPeaks_5,FourierSpectrum,0.00130266090296134,0.00540970362102153
4499,SP_Summaries_welch_rect_maxProm,FourierSpectrum,0.00499939877018464,0.017230678074305
4506,SP_Summaries_welch_rect_w_weighted_peak_prom,FourierSpectrum,1.04653269791364e-06,1.92806660423414e-05
4507,SP_Summaries_welch_rect_w_weighted_peak_height,FourierSpectrum,9.82136182665932e-07,1.85767785163986e-05
4510,SP_Summaries_welch_rect_iqr,FourierSpectrum,9.3125620761273e-06,8.58959724394941e-05
4512,SP_Summaries_welch_rect_q25,FourierSpectrum,7.18988102492802e-05,0.000448135554567789
4513,SP_Summaries_welch_rect_median,FourierSpectrum,7.8197737788281e-06,7.55662880289206e-05
4514,SP_Summaries_welch_rect_q75,FourierSpectrum,1.24229200737778e-05,0.00010552787075845
4519,SP_Summaries_welch_rect_logmean,FourierSpectrum,1.17306779714729e-05,0.000101346770830277
4520,SP_Summaries_welch_rect_mom3,FourierSpectrum,0.00364794442843455,0.0131880070493814
4521,SP_Summaries_welch_rect_mom4,FourierSpectrum,0.00253079653773657,0.00953822520837697
4522,SP_Summaries_welch_rect_mom5,FourierSpectrum,0.00197040771953243,0.00767074750529282
4524,SP_Summaries_welch_rect_ac2,FourierSpectrum,0.00947257968258233,0.0295076889277806
4527,SP_Summaries_welch_rect_wmax_10,FourierSpectrum,0.0150172581412796,0.0437443170415178
4528,SP_Summaries_welch_rect_wmax_25,FourierSpectrum,7.53340247239457e-05,0.000467902134296801
4529,SP_Summaries_welch_rect_centroid,FourierSpectrum,6.82179820007579e-05,0.000428962895683844
4530,SP_Summaries_welch_rect_wmax_75,FourierSpectrum,2.8835208146233e-05,0.000210636592565634
4531,SP_Summaries_welch_rect_wmax_90,FourierSpectrum,2.49919961928664e-07,1.26328189301646e-05
4532,SP_Summaries_welch_rect_wmax_95,FourierSpectrum,2.21621930828942e-06,3.14392871073938e-05
4533,SP_Summaries_welch_rect_wmax_99,FourierSpectrum,3.58899897678485e-05,0.000250805613224975
4534,SP_Summaries_welch_rect_w10_90,FourierSpectrum,0.00029481867962687,0.00149795766088352
4536,SP_Summaries_welch_rect_fpoly2csS_p1,FourierSpectrum,0.000254864490291098,0.00132242416213223
4537,SP_Summaries_welch_rect_fpoly2csS_p2,FourierSpectrum,5.82159585412248e-05,0.000376413668124802
4538,SP_Summaries_welch_rect_fpoly2csS_p3,FourierSpectrum,4.59245894147181e-06,5.20356410093603e-05
4540,SP_Summaries_welch_rect_fpoly2_r2,FourierSpectrum,2.50614204546602e-06,3.45837850748842e-05
4542,SP_Summaries_welch_rect_fpolysat_a,FourierSpectrum,0.00159305660196512,0.00642019913507876
4543,SP_Summaries_welch_rect_fpolysat_b,FourierSpectrum,2.0836178159175e-06,3.02231107736254e-05
4544,SP_Summaries_welch_rect_fpolysat_r2,FourierSpectrum,0.000598582921400376,0.00275340380122754
4545,SP_Summaries_welch_rect_fpolysat_rmse,FourierSpectrum,0.000171721588064445,0.000936939403185466
4548,SP_Summaries_welch_rect_sfm,FourierSpectrum,1.17306779714729e-05,0.000101346770830277
4550,SP_Summaries_welch_rect_ylogareatopeak,FourierSpectrum,1.10753480969413e-05,9.75868870206269e-05
4551,SP_Summaries_welch_rect_linfitloglog_all_a1,FourierSpectrum,3.21794070598959e-05,0.000230321427119921
4552,SP_Summaries_welch_rect_linfitloglog_all_a2,FourierSpectrum,1.39260980630824e-05,0.000116072636382424
4554,SP_Summaries_welch_rect_linfitloglog_all_sigma,FourierSpectrum,0.00427548416137376,0.0151251915993138
4555,SP_Summaries_welch_rect_linfitloglog_all_sea1,FourierSpectrum,0.00427548416137376,0.0151251915993138
4556,SP_Summaries_welch_rect_linfitloglog_lf_a1,FourierSpectrum,9.21562980967866e-07,1.85700176818326e-05
4557,SP_Summaries_welch_rect_linfitloglog_lf_a2,FourierSpectrum,7.85954942322219e-08,1.26328189301646e-05
4558,SP_Summaries_welch_rect_linfitloglog_lf_sigrat,FourierSpectrum,0.00350474766316831,0.0127352331838385
4561,SP_Summaries_welch_rect_linfitloglog_hf_a1,FourierSpectrum,0.00197040771953243,0.00767074750529282
4566,SP_Summaries_welch_rect_linfitloglog_mf_a1,FourierSpectrum,5.50793468636543e-07,1.48546694792357e-05
4572,SP_Summaries_welch_rect_linfitsemilog_all_a2,FourierSpectrum,0.00263725978627337,0.00987128425542852
4576,SP_Summaries_welch_rect_area_2_1,FourierSpectrum,6.47159490551713e-05,0.000410949173364664
4577,SP_Summaries_welch_rect_logarea_2_1,FourierSpectrum,8.85862417242377e-05,0.000537044626111126
4578,SP_Summaries_welch_rect_area_2_2,FourierSpectrum,6.47159490551713e-05,0.000410949173364664
4579,SP_Summaries_welch_rect_logarea_2_2,FourierSpectrum,7.98313205736858e-05,0.000490254161756843
4580,SP_Summaries_welch_rect_statav2_m,FourierSpectrum,0.0135312008308029,0.0399071964627379
4582,SP_Summaries_welch_rect_area_3_1,FourierSpectrum,4.07343157778537e-06,4.83967339719123e-05
4583,SP_Summaries_welch_rect_logarea_3_1,FourierSpectrum,0.0101844541042579,0.0314353059014366
4584,SP_Summaries_welch_rect_area_3_2,FourierSpectrum,3.0102618480377e-06,3.97612426222187e-05
4585,SP_Summaries_welch_rect_logarea_3_2,FourierSpectrum,6.55740619856895e-06,6.69232836927331e-05
4586,SP_Summaries_welch_rect_area_3_3,FourierSpectrum,0.000220031677037124,0.00116036036076157
4587,SP_Summaries_welch_rect_logarea_3_3,FourierSpectrum,0.00029481867962687,0.00149795766088352
4588,SP_Summaries_welch_rect_statav3_m,FourierSpectrum,0.00540141912727418,0.0184016646828798
4590,SP_Summaries_welch_rect_area_4_1,FourierSpectrum,3.72030155408931e-07,1.26865860207478e-05
4592,SP_Summaries_welch_rect_area_4_2,FourierSpectrum,2.67153931978667e-07,1.26328189301646e-05
4593,SP_Summaries_welch_rect_logarea_4_2,FourierSpectrum,1.18773136379583e-06,2.0852917236148e-05
4594,SP_Summaries_welch_rect_area_4_3,FourierSpectrum,6.1384547346443e-05,0.00039331580336795
4595,SP_Summaries_welch_rect_logarea_4_3,FourierSpectrum,3.21794070598959e-05,0.000230321427119921
4596,SP_Summaries_welch_rect_area_4_4,FourierSpectrum,0.000209450726687326,0.00111617881622329
4597,SP_Summaries_welch_rect_logarea_4_4,FourierSpectrum,0.000718970297700572,0.00322763058328491
4598,SP_Summaries_welch_rect_statav4_m,FourierSpectrum,0.00139983011578967,0.00574927331285241
4600,SP_Summaries_welch_rect_area_5_1,FourierSpectrum,3.72030155408931e-07,1.26865860207478e-05
4601,SP_Summaries_welch_rect_logarea_5_1,FourierSpectrum,0.00759569887611432,0.0245377947700941
4602,SP_Summaries_welch_rect_area_5_2,FourierSpectrum,8.11026050600951e-07,1.78099311978717e-05
4603,SP_Summaries_welch_rect_logarea_5_2,FourierSpectrum,3.05130403710894e-07,1.26566663948618e-05
4604,SP_Summaries_welch_rect_area_5_3,FourierSpectrum,1.65101028457949e-05,0.000131876305726603
4605,SP_Summaries_welch_rect_logarea_5_3,FourierSpectrum,1.47412616174406e-05,0.000121018250755215
4606,SP_Summaries_welch_rect_area_5_4,FourierSpectrum,4.70247342896548e-05,0.000312602099640601
4607,SP_Summaries_welch_rect_logarea_5_4,FourierSpectrum,6.1384547346443e-05,0.00039331580336795
4608,SP_Summaries_welch_rect_area_5_5,FourierSpectrum,0.000280890693437725,0.00144164811038624
4609,SP_Summaries_welch_rect_logarea_5_5,FourierSpectrum,0.000474463308048828,0.0022495777032021
4610,SP_Summaries_welch_rect_statav5_m,FourierSpectrum,0.000199349058622623,0.0010663520911088
4611,SP_Summaries_welch_rect_statav5_s,FourierSpectrum,0.0166452400339562,0.047568367268675
4613,SP_Summaries_welch_rect_ncross_f01,FourierSpectrum,0.00678854239663417,0.0223231948165629
4614,SP_Summaries_welch_rect_ncross_f02,FourierSpectrum,0.00377719785115791,0.0136344347879201
4615,SP_Summaries_fft_maxS,FourierSpectrum,0.00499939877018464,0.017230678074305
4619,SP_Summaries_fft_numPromPeaks_1,FourierSpectrum,0.0121770425241079,0.0364130533825874
4621,SP_Summaries_fft_numPromPeaks_5,FourierSpectrum,0.00130266090296134,0.00540970362102153
4623,SP_Summaries_fft_maxProm,FourierSpectrum,0.00499939877018464,0.017230678074305
4630,SP_Summaries_fft_w_weighted_peak_prom,FourierSpectrum,1.04653269791364e-06,1.92806660423414e-05
4631,SP_Summaries_fft_w_weighted_peak_height,FourierSpectrum,9.82136182665932e-07,1.85767785163986e-05
4634,SP_Summaries_fft_iqr,FourierSpectrum,9.3125620761273e-06,8.58959724394941e-05
4636,SP_Summaries_fft_q25,FourierSpectrum,7.18988102492802e-05,0.000448135554567789
4637,SP_Summaries_fft_median,FourierSpectrum,7.8197737788281e-06,7.55662880289206e-05
4638,SP_Summaries_fft_q75,FourierSpectrum,1.24229200737778e-05,0.00010552787075845
4643,SP_Summaries_fft_logmean,FourierSpectrum,1.17306779714729e-05,0.000101346770830277
4644,SP_Summaries_fft_mom3,FourierSpectrum,0.00364794442843455,0.0131880070493814
4645,SP_Summaries_fft_mom4,FourierSpectrum,0.00253079653773657,0.00953822520837697
4646,SP_Summaries_fft_mom5,FourierSpectrum,0.00197040771953243,0.00767074750529282
4648,SP_Summaries_fft_ac2,FourierSpectrum,0.00947257968258233,0.0295076889277806
4651,SP_Summaries_fft_wmax_10,FourierSpectrum,0.0150172581412796,0.0437443170415178
4652,SP_Summaries_fft_wmax_25,FourierSpectrum,7.53340247239457e-05,0.000467902134296801
4653,SP_Summaries_fft_centroid,FourierSpectrum,6.82179820007579e-05,0.000428962895683844
4654,SP_Summaries_fft_wmax_75,FourierSpectrum,2.8835208146233e-05,0.000210636592565634
4655,SP_Summaries_fft_wmax_90,FourierSpectrum,2.49919961928664e-07,1.26328189301646e-05
4656,SP_Summaries_fft_wmax_95,FourierSpectrum,2.21621930828942e-06,3.14392871073938e-05
4657,SP_Summaries_fft_wmax_99,FourierSpectrum,3.58899897678485e-05,0.000250805613224975
4658,SP_Summaries_fft_w10_90,FourierSpectrum,0.00029481867962687,0.00149795766088352
4660,SP_Summaries_fft_fpoly2csS_p1,FourierSpectrum,0.000254864490291098,0.00132242416213223
4661,SP_Summaries_fft_fpoly2csS_p2,FourierSpectrum,5.82159585412248e-05,0.000376413668124802
4662,SP_Summaries_fft_fpoly2csS_p3,FourierSpectrum,4.59245894147181e-06,5.20356410093603e-05
4664,SP_Summaries_fft_fpoly2_r2,FourierSpectrum,2.50614204546602e-06,3.45837850748842e-05
4666,SP_Summaries_fft_fpolysat_a,FourierSpectrum,0.00159305660196512,0.00642019913507876
4667,SP_Summaries_fft_fpolysat_b,FourierSpectrum,2.0836178159175e-06,3.02231107736254e-05
4668,SP_Summaries_fft_fpolysat_r2,FourierSpectrum,0.000598582921400376,0.00275340380122754
4669,SP_Summaries_fft_fpolysat_rmse,FourierSpectrum,0.000171721588064445,0.000936939403185466
4672,SP_Summaries_fft_sfm,FourierSpectrum,1.17306779714729e-05,0.000101346770830277
4674,SP_Summaries_fft_ylogareatopeak,FourierSpectrum,1.10753480969413e-05,9.75868870206269e-05
4675,SP_Summaries_fft_linfitloglog_all_a1,FourierSpectrum,3.21794070598959e-05,0.000230321427119921
4676,SP_Summaries_fft_linfitloglog_all_a2,FourierSpectrum,1.39260980630824e-05,0.000116072636382424
4678,SP_Summaries_fft_linfitloglog_all_sigma,FourierSpectrum,0.00444695290880556,0.0156304444906629
4679,SP_Summaries_fft_linfitloglog_all_sea1,FourierSpectrum,0.00444695290880556,0.0156304444906629
4680,SP_Summaries_fft_linfitloglog_lf_a1,FourierSpectrum,9.21562980967866e-07,1.85700176818326e-05
4681,SP_Summaries_fft_linfitloglog_lf_a2,FourierSpectrum,7.85954942322219e-08,1.26328189301646e-05
4682,SP_Summaries_fft_linfitloglog_lf_sigrat,FourierSpectrum,0.00350474766316831,0.0127352331838385
4685,SP_Summaries_fft_linfitloglog_hf_a1,FourierSpectrum,0.00197040771953243,0.00767074750529282
4690,SP_Summaries_fft_linfitloglog_mf_a1,FourierSpectrum,5.50793468636543e-07,1.48546694792357e-05
4696,SP_Summaries_fft_linfitsemilog_all_a2,FourierSpectrum,0.00263725978627337,0.00987128425542852
4700,SP_Summaries_fft_area_2_1,FourierSpectrum,6.47159490551713e-05,0.000410949173364664
4701,SP_Summaries_fft_logarea_2_1,FourierSpectrum,8.85862417242377e-05,0.000537044626111126
4702,SP_Summaries_fft_area_2_2,FourierSpectrum,6.47159490551713e-05,0.000410949173364664
4703,SP_Summaries_fft_logarea_2_2,FourierSpectrum,7.98313205736858e-05,0.000490254161756843
4704,SP_Summaries_fft_statav2_m,FourierSpectrum,0.0135312008308029,0.0399071964627379
4706,SP_Summaries_fft_area_3_1,FourierSpectrum,4.07343157778537e-06,4.83967339719123e-05
4707,SP_Summaries_fft_logarea_3_1,FourierSpectrum,0.0101844541042579,0.0314353059014366
4708,SP_Summaries_fft_area_3_2,FourierSpectrum,3.0102618480377e-06,3.97612426222187e-05
4709,SP_Summaries_fft_logarea_3_2,FourierSpectrum,6.55740619856895e-06,6.69232836927331e-05
4710,SP_Summaries_fft_area_3_3,FourierSpectrum,0.000220031677037124,0.00116036036076157
4711,SP_Summaries_fft_logarea_3_3,FourierSpectrum,0.00029481867962687,0.00149795766088352
4712,SP_Summaries_fft_statav3_m,FourierSpectrum,0.00540141912727418,0.0184016646828798
4714,SP_Summaries_fft_area_4_1,FourierSpectrum,3.72030155408931e-07,1.26865860207478e-05
4716,SP_Summaries_fft_area_4_2,FourierSpectrum,2.67153931978667e-07,1.26328189301646e-05
4717,SP_Summaries_fft_logarea_4_2,FourierSpectrum,1.18773136379583e-06,2.0852917236148e-05
4718,SP_Summaries_fft_area_4_3,FourierSpectrum,6.1384547346443e-05,0.00039331580336795
4719,SP_Summaries_fft_logarea_4_3,FourierSpectrum,3.21794070598959e-05,0.000230321427119921
4720,SP_Summaries_fft_area_4_4,FourierSpectrum,0.000209450726687326,0.00111617881622329
4721,SP_Summaries_fft_logarea_4_4,FourierSpectrum,0.000718970297700572,0.00322763058328491
4722,SP_Summaries_fft_statav4_m,FourierSpectrum,0.00139983011578967,0.00574927331285241
4724,SP_Summaries_fft_area_5_1,FourierSpectrum,3.72030155408931e-07,1.26865860207478e-05
4725,SP_Summaries_fft_logarea_5_1,FourierSpectrum,0.00759569887611432,0.0245377947700941
4726,SP_Summaries_fft_area_5_2,FourierSpectrum,8.11026050600951e-07,1.78099311978717e-05
4727,SP_Summaries_fft_logarea_5_2,FourierSpectrum,3.05130403710894e-07,1.26566663948618e-05
4728,SP_Summaries_fft_area_5_3,FourierSpectrum,1.65101028457949e-05,0.000131876305726603
4729,SP_Summaries_fft_logarea_5_3,FourierSpectrum,1.47412616174406e-05,0.000121018250755215
4730,SP_Summaries_fft_area_5_4,FourierSpectrum,4.70247342896548e-05,0.000312602099640601
4731,SP_Summaries_fft_logarea_5_4,FourierSpectrum,6.1384547346443e-05,0.00039331580336795
4732,SP_Summaries_fft_area_5_5,FourierSpectrum,0.000280890693437725,0.00144164811038624
4733,SP_Summaries_fft_logarea_5_5,FourierSpectrum,0.000474463308048828,0.0022495777032021
4734,SP_Summaries_fft_statav5_m,FourierSpectrum,0.000199349058622623,0.0010663520911088
4735,SP_Summaries_fft_statav5_s,FourierSpectrum,0.0166452400339562,0.047568367268675
4737,SP_Summaries_fft_ncross_f01,FourierSpectrum,0.00678854239663417,0.0223231948165629
4738,SP_Summaries_fft_ncross_f02,FourierSpectrum,0.00377719785115791,0.0136344347879201
4743,NL_crptool_fnn_10_2_mi_fnn5,"nonlinear,dimension,crptool",0.00134038555683954,0.0055404165236963
4744,NL_crptool_fnn_10_2_mi_fnn6,"nonlinear,dimension,crptool",0.000239032247273317,0.0012540353031876
4745,NL_crptool_fnn_10_2_mi_fnn7,"nonlinear,dimension,crptool",1.95865484438265e-06,2.90036300860253e-05
4746,NL_crptool_fnn_10_2_mi_fnn8,"nonlinear,dimension,crptool",2.72896655970471e-05,0.000201421017773002
4747,NL_crptool_fnn_10_2_mi_fnn9,"nonlinear,dimension,crptool",9.32965976131512e-05,0.000562236845259203
4748,NL_crptool_fnn_10_2_mi_fnn10,"nonlinear,dimension,crptool",8.7870425947142e-06,8.27709072035961e-05
4749,NL_crptool_fnn_10_2_mi_firstunder005,"nonlinear,dimension,crptool",0.00390625,0.0140146844967122
4750,NL_crptool_fnn_10_2_mi_firstunder01,"nonlinear,dimension,crptool",0.0003430464653032,0.00171595809477828
4751,NL_crptool_fnn_10_2_mi_firstunder02,"nonlinear,dimension,crptool",6.28213662376093e-05,0.000401796168370931
4756,NL_crptool_fnn_10_2_ac_fnn2,"nonlinear,dimension,crptool",0.000771266551155495,0.00344279021230077
4759,NL_crptool_fnn_10_2_ac_fnn5,"nonlinear,dimension,crptool",0.000527554470359281,0.00246992993944447
4760,NL_crptool_fnn_10_2_ac_fnn6,"nonlinear,dimension,crptool",5.13206806006343e-05,0.000338621011628185
4761,NL_crptool_fnn_10_2_ac_fnn7,"nonlinear,dimension,crptool",0.00010885341191531,0.000637241588446412
4762,NL_crptool_fnn_10_2_ac_fnn8,"nonlinear,dimension,crptool",2.65419394691212e-05,0.00019713295984762
4763,NL_crptool_fnn_10_2_ac_fnn9,"nonlinear,dimension,crptool",7.57546966264793e-05,0.000468131557929195
4764,NL_crptool_fnn_10_2_ac_fnn10,"nonlinear,dimension,crptool",2.24651433822284e-05,0.000170788062175934
4765,NL_crptool_fnn_10_2_ac_firstunder005,"nonlinear,dimension,crptool",0.00390625,0.0140146844967122
4766,NL_crptool_fnn_10_2_ac_firstunder01,"nonlinear,dimension,crptool",0.000391101325610768,0.00192475016971871
4767,NL_crptool_fnn_10_2_ac_firstunder02,"nonlinear,dimension,crptool",1.44562480002429e-05,0.000120349961344745
4777,NL_crptool_fnn_10_2_1_fnn7,"nonlinear,dimension,crptool",0.0169300605477604,0.0483239112536275
5140,NL_BoxCorrDim_50_ac_5_minr18,"nonlinear,correlation,tstool,dimension",0.00689615385827214,0.0226665520466748
5145,NL_BoxCorrDim_50_ac_5_minstretch,"nonlinear,correlation,tstool,dimension",0.00902490444500507,0.0284378708255979
5147,NL_TSTL_GPCorrSum2_n1_05_40_20_ac_fnnmar_robfit_a1,"nonlinear,correlation,tstool,stochastic",0.00298168202047877,0.0109979566153177
5148,NL_TSTL_GPCorrSum2_n1_05_40_20_ac_fnnmar_robfit_a2,"nonlinear,correlation,tstool,stochastic",0.00139983011578967,0.00574927331285241
5156,NL_TSTL_GPCorrSum2_n1_05_40_20_ac_fnnmar_minlnr,"nonlinear,correlation,tstool,stochastic",0.00629414882979977,0.0209205237346625
5161,NL_TSTL_GPCorrSum2_n1_05_100_20_ac_fnnmar_robfit_a1,"nonlinear,correlation,tstool,stochastic",0.00519689746784096,0.0178247551931315
5162,NL_TSTL_GPCorrSum2_n1_05_100_20_ac_fnnmar_robfit_a2,"nonlinear,correlation,tstool,stochastic",0.00197040771953243,0.00767074750529282
5170,NL_TSTL_GPCorrSum2_n1_05_100_20_ac_fnnmar_minlnr,"nonlinear,correlation,tstool,stochastic",0.000280890693437725,0.00144164811038624
5175,NL_TSTL_GPCorrSum2_n1_01_40_20_ac_fnnmar_robfit_a1,"nonlinear,correlation,tstool,stochastic",0.00583240319190966,0.0196528436295559
5176,NL_TSTL_GPCorrSum2_n1_01_40_20_ac_fnnmar_robfit_a2,"nonlinear,correlation,tstool,stochastic",0.00173520694047121,0.00691681361920412
5184,NL_TSTL_GPCorrSum2_n1_01_40_20_ac_fnnmar_minlnr,"nonlinear,correlation,tstool,stochastic",0.000147725636058422,0.000824404356067967
5186,NL_TSTL_GPCorrSum2_n1_01_40_20_ac_fnnmar_rangelnCr,"nonlinear,correlation,tstool,stochastic",0.00411003277270197,0.0146421207718609
5188,NL_TSTL_GPCorrSum2_n1_01_40_40_ac_fnnmar_robfit_a1,"nonlinear,correlation,tstool,stochastic",0.00146169723557975,0.00596537312541265
5189,NL_TSTL_GPCorrSum2_n1_01_40_40_ac_fnnmar_robfit_a2,"nonlinear,correlation,tstool,stochastic",0.00605931502191424,0.0202825490563651
5197,NL_TSTL_GPCorrSum2_n1_01_40_40_ac_fnnmar_minlnr,"nonlinear,correlation,tstool,stochastic",0.00134038555683954,0.0055404165236963
5199,NL_TSTL_GPCorrSum2_n1_01_40_40_ac_fnnmar_maxlnCr,"nonlinear,correlation,tstool,stochastic",0.00561318037248673,0.0190204667726242
5200,NL_TSTL_GPCorrSum2_n1_01_40_40_ac_fnnmar_rangelnCr,"nonlinear,correlation,tstool,stochastic",0.00181057379343184,0.00716651781072101
5203,TSTL_delaytime_01_1_tau2,"nonlinear,correlation,tstool,tau",0.000901068977688017,0.00394523596218587
5204,TSTL_delaytime_01_1_tau3,"nonlinear,correlation,tstool,tau",0.00947257968258233,0.0295076889277806
5205,TSTL_delaytime_01_1_difftau12,"nonlinear,correlation,tstool,tau",0.00982277183238884,0.030464766334558
5209,TSTL_delaytime_01_1_mintau,"nonlinear,correlation,tstool,tau",0.00731756136170696,0.0237871048297835
5214,NL_TSTL_dimensions_50_ac_fnnmar_bc_meanmmax,"nonlinear,tstool,scaling,dimension",0.000901068977688017,0.00394523596218587
5218,NL_TSTL_dimensions_50_ac_fnnmar_bc_minmmax,"nonlinear,tstool,scaling,dimension",0.00300023989350397,0.0110606556988689
5224,NL_TSTL_dimensions_50_ac_fnnmar_bc_lfitmmax,"nonlinear,tstool,scaling,dimension",0.000861541430768804,0.00380031925898204
5228,NL_TSTL_dimensions_50_ac_fnnmar_bc_lfitbmax,"nonlinear,tstool,scaling,dimension",0.000942271767787704,0.00409530248095477
5232,NL_TSTL_dimensions_50_ac_fnnmar_bc_lfitmeansqdevmax,"nonlinear,tstool,scaling,dimension",0.00152607557784433,0.00618186983075375
5236,NL_TSTL_dimensions_50_ac_fnnmar_co_meanmmax,"nonlinear,tstool,scaling,dimension",0.00629414882979977,0.0209205237346625
5240,NL_TSTL_dimensions_50_ac_fnnmar_co_minmmax,"nonlinear,tstool,scaling,dimension",0.00222524285572087,0.00853511240686164
5250,NL_TSTL_dimensions_50_ac_fnnmar_co_lfitbmax,"nonlinear,tstool,scaling,dimension",0.0117525566357291,0.0354124401942339
5254,NL_TSTL_dimensions_50_ac_fnnmar_co_lfitmeansqdevmax,"nonlinear,tstool,scaling,dimension",0.00166273463464593,0.00666315071386644
5280,NL_TSTL_dimensions_50_ac_fnnmar_scr_bc_m3_scaling_exp,"nonlinear,tstool,scaling,dimension",0.0135312008308029,0.0399071964627379
5282,NL_TSTL_dimensions_50_ac_fnnmar_scr_bc_mopt_minbad,"nonlinear,tstool,scaling,dimension",0.00134038555683954,0.0055404165236963
5285,NL_TSTL_dimensions_50_ac_fnnmar_scr_bc_mopt_logrrange,"nonlinear,tstool,scaling,dimension",0.0120112625549419,0.0361458995766665
5289,NL_TSTL_dimensions_50_ac_fnnmar_scr_bc_mopt_scaling_exp,"nonlinear,tstool,scaling,dimension",0.00214310157010038,0.0082345717425363
5290,NL_TSTL_dimensions_50_ac_fnnmar_scr_bc_mopt_scaling_int,"nonlinear,tstool,scaling,dimension",0.00205509104458358,0.00793941218912382
5320,NL_TSTL_dimensions_50_ac_fnnmar_scr_co_mopt_logrmax,"nonlinear,tstool,scaling,dimension",0.00107629945755312,0.00457806928406319
5321,NL_TSTL_dimensions_50_ac_fnnmar_scr_co_mopt_logrrange,"nonlinear,tstool,scaling,dimension",0.00118108251603849,0.00496586738960346
5322,NL_TSTL_dimensions_50_ac_fnnmar_scr_co_mopt_pgone,"nonlinear,tstool,scaling,dimension",0.00095786078703035,0.00415541685774084
5323,NL_TSTL_dimensions_50_ac_fnnmar_scr_co_mopt_meanabsres,"nonlinear,tstool,scaling,dimension",0.0130655617316131,0.0386947930531658
5324,NL_TSTL_dimensions_50_ac_fnnmar_scr_co_mopt_meansqres,"nonlinear,tstool,scaling,dimension",0.00759569887611432,0.0245377947700941
5325,NL_TSTL_dimensions_50_ac_fnnmar_scr_co_mopt_scaling_exp,"nonlinear,tstool,scaling,dimension",0.0121766025070389,0.0364130533825874
5326,NL_TSTL_dimensions_50_ac_fnnmar_scr_co_mopt_scaling_int,"nonlinear,tstool,scaling,dimension",0.00982277183238884,0.030464766334558
5327,NL_TSTL_dimensions_50_ac_fnnmar_bc_minscalingexp,"nonlinear,tstool,scaling,dimension",0.00197040771953243,0.00767074750529282
5331,NL_TSTL_dimensions_50_ac_fnnmar_co_minscalingexp,"nonlinear,tstool,scaling,dimension",0.00310530796992304,0.0114124090314322
5336,NL_TSTL_FractalDimensions_5_20_02_1_10_0_32_ac_fnnmar_maxDq,"nonlinear,tstool,dimension,correlation,stochastic",0.000598582921400376,0.00275340380122754
5337,NL_TSTL_FractalDimensions_5_20_02_1_10_0_32_ac_fnnmar_meanDq,"nonlinear,tstool,dimension,correlation,stochastic",1.95471950625266e-05,0.000152026594932567
5338,NL_TSTL_FractalDimensions_5_20_02_1_10_0_32_ac_fnnmar_maxq,"nonlinear,tstool,dimension,correlation,stochastic",2.35690423947498e-06,3.30385805743005e-05
5339,NL_TSTL_FractalDimensions_5_20_02_1_10_0_32_ac_fnnmar_rangeq,"nonlinear,tstool,dimension,correlation,stochastic",0.00011460879331106,0.000663608302820691
5340,NL_TSTL_FractalDimensions_5_20_02_1_10_0_32_ac_fnnmar_meanq,"nonlinear,tstool,dimension,correlation,stochastic",3.39866324809848e-05,0.000240826357829795
5342,NL_TSTL_FractalDimensions_5_20_02_1_10_0_32_ac_fnnmar_linfit_b,"nonlinear,tstool,dimension,correlation,stochastic",7.18988102492802e-05,0.000448135554567789
5355,NL_TSTL_FractalDimensions_2_100_02_1_5_10_32_ac_5_meanDq,"nonlinear,tstool,dimension,correlation,stochastic",0.00704859648267514,0.0230570342499912
5356,NL_TSTL_FractalDimensions_2_100_02_1_5_10_32_ac_5_maxq,"nonlinear,tstool,dimension,correlation,stochastic",0.000231112917058414,0.00121518452238349
5358,NL_TSTL_FractalDimensions_2_100_02_1_5_10_32_ac_5_meanq,"nonlinear,tstool,dimension,correlation,stochastic",0.0117525566357291,0.0354124401942339
5365,NL_TSTL_FractalDimensions_2_100_02_1_5_10_32_1_5_maxq,"nonlinear,tstool,dimension,correlation,stochastic",0.00049718147462051,0.00234475279220963
5374,NL_TSTL_FractalDimensions_2_10_n1_1_5_10_32_1_5_maxq,"nonlinear,tstool,dimension,correlation",0.000171721588064445,0.000936939403185466
5380,TSTL_localdensity_5_40_ac_fnnmar_minden,"nonlinear,tstool",0.00159305660196512,0.00642019913507876
5384,TSTL_localdensity_5_40_ac_fnnmar_stdden,"nonlinear,tstool",0.0117525566357291,0.0354124401942339
5385,TSTL_localdensity_5_40_ac_fnnmar_meanden,"nonlinear,tstool",0.0160861401361776,0.0461752294560534
5386,TSTL_localdensity_5_40_ac_fnnmar_medianden,"nonlinear,tstool",0.00444695290880556,0.0156304444906629
5387,TSTL_localdensity_5_40_ac_fnnmar_ac1den,"nonlinear,tstool",3.97323460579137e-07,1.28100695722174e-05
5388,TSTL_localdensity_5_40_ac_fnnmar_ac2den,"nonlinear,tstool",3.61088889258424e-06,4.47762848166085e-05
5393,TSTL_localdensity_5_40_ac_fnnmar_taumiden,"nonlinear,tstool",1.12884016430457e-05,9.93407355510209e-05
5398,TSTL_localdensity_5_40_ac_2_stdden,"nonlinear,tstool",0.00323359045900606,0.011838842434849
5399,TSTL_localdensity_5_40_ac_2_meanden,"nonlinear,tstool",0.00112515380607429,0.00475325547735852
5401,TSTL_localdensity_5_40_ac_2_ac1den,"nonlinear,tstool",3.05130403710894e-07,1.26566663948618e-05
5402,TSTL_localdensity_5_40_ac_2_ac2den,"nonlinear,tstool",5.87706654304219e-07,1.54392714777031e-05
5403,TSTL_localdensity_5_40_ac_2_ac3den,"nonlinear,tstool",0.000147725636058422,0.000824404356067967
5408,TSTL_localdensity_5_40_1_3_minden,"nonlinear,tstool",0.00018970647056619,0.00102403957056772
5410,TSTL_localdensity_5_40_1_3_iqrden,"nonlinear,tstool",2.8835208146233e-05,0.000210636592565634
5413,TSTL_localdensity_5_40_1_3_meanden,"nonlinear,tstool",1.47412616174406e-05,0.000121018250755215
5414,TSTL_localdensity_5_40_1_3_medianden,"nonlinear,tstool",1.04653269791364e-06,1.92806660423414e-05
5415,TSTL_localdensity_5_40_1_3_ac1den,"nonlinear,tstool",0.000626782424265422,0.00286823724859009
5416,TSTL_localdensity_5_40_1_3_ac2den,"nonlinear,tstool",0.000357259343652894,0.00177578172707076
5417,TSTL_localdensity_5_40_1_3_ac3den,"nonlinear,tstool",5.52026967449372e-05,0.000359552550975059
5418,TSTL_localdensity_5_40_1_3_ac4den,"nonlinear,tstool",1.04550591732956e-05,9.41088004012509e-05
5419,TSTL_localdensity_5_40_1_3_ac5den,"nonlinear,tstool",1.04550591732956e-05,9.41088004012509e-05
5421,TSTL_localdensity_5_40_1_3_taumiden,"nonlinear,tstool",8.2208497117928e-05,0.000503544792795737
5439,NL_TSTL_PoincareSection_max_mi_boxarea,"nonlinear,tstool",0.00759569887611432,0.0245377947700941
5449,NL_TSTL_PoincareSection_max_mi_iqrds,"nonlinear,tstool",0.00818056932224017,0.0261490663373815
5501,NL_TSTL_PoincareSection_max_ac_iqrD,"nonlinear,tstool",0.00540141912727418,0.0184016646828798
5521,NL_TSTL_PoincareSection_max_1_stdx,"nonlinear,tstool",0.00678854239663417,0.0223231948165629
5522,NL_TSTL_PoincareSection_max_1_iqrx,"nonlinear,tstool",0.00947257968258233,0.0295076889277806
5540,NL_TSTL_PoincareSection_max_1_pwithin1,"nonlinear,tstool",0.00462463008225427,0.0161270900557667
5541,NL_TSTL_PoincareSection_max_1_pwithin2,"nonlinear,tstool",0.000752398562734347,0.00336068199337199
5542,NL_TSTL_PoincareSection_max_1_meands,"nonlinear,tstool",0.00395041253231895,0.0141302451294696
5543,NL_TSTL_PoincareSection_max_1_maxds,"nonlinear,tstool",0.0113416610170194,0.0344376719151192
5545,NL_TSTL_PoincareSection_max_1_iqrds,"nonlinear,tstool",0.00159305660196512,0.00642019913507876
5546,NL_TSTL_PoincareSection_max_1_maxD,"nonlinear,tstool",0.010943570085506,0.0335013994892076
5548,NL_TSTL_PoincareSection_max_1_stdD,"nonlinear,tstool",0.00310530796992304,0.0114124090314322
5549,NL_TSTL_PoincareSection_max_1_iqrD,"nonlinear,tstool",0.00364794442843455,0.0131880070493814
5550,NL_TSTL_PoincareSection_max_1_meanD,"nonlinear,tstool",0.00173520694047121,0.00691681361920412
5551,NL_TSTL_PoincareSection_max_1_ac1D,"nonlinear,tstool",0.000656213856332496,0.00298366979677333
5566,NL_TSTL_LargestLyap_n1_01_001_3_mi_fnnmar_p2,"nonlinear,tstool",0.0166452400339562,0.047568367268675
5569,NL_TSTL_LargestLyap_n1_01_001_3_mi_fnnmar_p5,"nonlinear,tstool",0.000431902709468371,0.00207553246494523
5570,NL_TSTL_LargestLyap_n1_01_001_3_mi_fnnmar_maxp,"nonlinear,tstool",0.00480871169077813,0.0166706705878247
5583,NL_TSTL_LargestLyap_n1_01_001_3_mi_fnnmar_vse_intercept,"nonlinear,tstool",0.0135312008308029,0.0399071964627379
5585,NL_TSTL_LargestLyap_n1_01_001_3_mi_fnnmar_ve_meanabsres,"nonlinear,tstool",0.00173520694047121,0.00691681361920412
5586,NL_TSTL_LargestLyap_n1_01_001_3_mi_fnnmar_ve_rmsres,"nonlinear,tstool",0.00214310157010038,0.0082345717425363
5590,NL_TSTL_LargestLyap_n1_01_001_3_mi_fnnmar_expfit_a,"nonlinear,tstool",0.00411003277270197,0.0146421207718609
5594,NL_TSTL_LargestLyap_n1_01_001_3_1_4_p2,"nonlinear,tstool",0.00112515380607429,0.00475325547735852
5595,NL_TSTL_LargestLyap_n1_01_001_3_1_4_p3,"nonlinear,tstool",0.00263725978627337,0.00987128425542852
5598,NL_TSTL_LargestLyap_n1_01_001_3_1_4_maxp,"nonlinear,tstool",1.17306779714729e-05,0.000101346770830277
5605,NL_TSTL_LargestLyap_n1_01_001_3_1_4_to08max,"nonlinear,tstool",0.00809507870578183,0.0260133834105199
5606,NL_TSTL_LargestLyap_n1_01_001_3_1_4_to07max,"nonlinear,tstool",0.00106311491715861,0.00454805434704825
5618,NL_TSTL_LargestLyap_n1_01_001_3_1_4_expfit_a,"nonlinear,tstool",6.18178925154075e-06,6.41982886693683e-05
5619,NL_TSTL_LargestLyap_n1_01_001_3_1_4_expfit_b,"nonlinear,tstool",0.00253079653773657,0.00953822520837697
5622,NL_TSTL_ReturnTime_10_1_1_n1_ac_8_max,"nonlinear,tstool",4.07343157778537e-06,4.83967339719123e-05
5623,NL_TSTL_ReturnTime_10_1_1_n1_ac_8_std,"nonlinear,tstool",6.26998872165287e-07,1.58832250009585e-05
5624,NL_TSTL_ReturnTime_10_1_1_n1_ac_8_pzeros,"nonlinear,tstool",0.00818056932224017,0.0261490663373815
5625,NL_TSTL_ReturnTime_10_1_1_n1_ac_8_pg05,"nonlinear,tstool",0.0110615142895495,0.033833256082697
5632,NL_TSTL_ReturnTime_10_1_1_n1_ac_8_statrtys,"nonlinear,tstool",0.000571568005964199,0.00264457395062235
5636,NL_TSTL_ReturnTime_10_1_1_n1_ac_8_rangecgdist,"nonlinear,tstool",0.000985214086551646,0.00424294081111768
5638,NL_TSTL_ReturnTime_10_1_1_n1_ac_8_phisthistmin,"nonlinear,tstool",4.07343157778537e-06,4.83967339719123e-05
5639,NL_TSTL_ReturnTime_10_1_1_n1_ac_8_hhisthist,"nonlinear,tstool",3.58899897678485e-05,0.000250805613224975
5643,NL_TSTL_ReturnTime_5_1_40_n1_1_8_pg05,"nonlinear,tstool",0.0160593334291857,0.0461752294560534
5678,SD_TSTL_surrogates_1_100_1_tc3_stdsurr,"nonlinear,tstool,correlation,surrogate",0.000103435837958387,0.000611901917129974
5685,SD_TSTL_surrogates_mi_100_1_tc3_stdsurr,"nonlinear,tstool,correlation,surrogate",0.00350474766316831,0.0127352331838385
5699,SD_TSTL_surrogates_mi_100_2_tc3_stdsurr,"nonlinear,tstool,correlation,surrogate",0.0077460595073959,0.0249967243339214
5700,SD_TSTL_surrogates_mi_100_2_tc3_meansurr,"nonlinear,tstool,correlation,surrogate",0.0130821271890022,0.0387276828679436
5742,SD_TSTL_surrogates_mi_100_2_trev_meansurr,"nonlinear,tstool,correlation,surrogate",0.0113416610170194,0.0344376719151192
5777,PP_Compare_poly1_gauss1_kd_resAC1,"preprocessing,raw",0.0126141510785048,0.0375933502520312
5778,PP_Compare_poly1_gauss1_kd_resAC2,"preprocessing,raw",0.0160861401361776,0.0461752294560534
5903,PP_Compare_spline24_gauss1_kd_resruns,"preprocessing,raw",0.00368201546679734,0.0133043992389167
5958,PP_Compare_spline64_swss5_2,"preprocessing,raw,stationarity",0.0160861401361776,0.0461752294560534
5967,PP_Compare_spline64_kscn_peaksepy,"preprocessing,raw",0.00731756136170696,0.0237871048297835
5989,PP_Compare_diff1_swss5_2,"preprocessing,raw,stationarity",0.0155436158790251,0.044948459678192
5991,PP_Compare_diff1_swss10_2,"preprocessing,raw,stationarity",0.0126141510785048,0.0375933502520312
6001,PP_Compare_diff1_kscn_relent,"preprocessing,raw",0.00947257968258233,0.0295076889277806
6043,PP_Compare_medianf3_statav10,"preprocessing,raw,stationarity",0.00540141912727418,0.0184016646828798
6052,PP_Compare_medianf3_swss10_1,"preprocessing,raw,stationarity",0.0160861401361776,0.0461752294560534
6053,PP_Compare_medianf3_swss10_2,"preprocessing,raw,stationarity",0.0172213319317616,0.0489386648205069
6074,PP_Compare_medianf4_statav10,"preprocessing,raw,stationarity",0.000120613121939985,0.000693281097180156
6078,PP_Compare_medianf4_swms10_1,"preprocessing,raw,stationarity",9.82427974942328e-05,0.000587056581825268
6093,PP_Compare_medianf4_kscn_olapint,"preprocessing,raw",0.00205509104458358,0.00793941218912382
6099,PP_Compare_medianf4_olbt_s2,"preprocessing,raw",0.00102996237816126,0.00441421338265728
6100,PP_Compare_medianf4_olbt_s5,"preprocessing,raw",0.00128327762626588,0.00533545615656736
6102,PP_Compare_medianf10_statav4,"preprocessing,raw,stationarity",0.00731756136170696,0.0237871048297835
6104,PP_Compare_medianf10_statav8,"preprocessing,raw,stationarity",0.00197040771953243,0.00767074750529282
6105,PP_Compare_medianf10_statav10,"preprocessing,raw,stationarity",9.82427974942328e-05,0.000587056581825268
6107,PP_Compare_medianf10_swms5_1,"preprocessing,raw,stationarity",0.000155349545893666,0.00086085494454982
6108,PP_Compare_medianf10_swms5_2,"preprocessing,raw,stationarity",0.000280890693437725,0.00144164811038624
6109,PP_Compare_medianf10_swms10_1,"preprocessing,raw,stationarity",8.7870425947142e-06,8.27709072035961e-05
6124,PP_Compare_medianf10_kscn_olapint,"preprocessing,raw",0.000171721588064445,0.000936939403185466
6127,PP_Compare_medianf10_htdt_ksn,"preprocessing,raw",0.00128122570575976,0.00533545615656736
6130,PP_Compare_medianf10_olbt_s2,"preprocessing,raw",0.000474463308048828,0.0022495777032021
6131,PP_Compare_medianf10_olbt_s5,"preprocessing,raw",0.00011460879331106,0.000663608302820691
6135,PP_Compare_rav2_statav8,"preprocessing,raw,stationarity",0.00205509104458358,0.00793941218912382
6136,PP_Compare_rav2_statav10,"preprocessing,raw,stationarity",0.010943570085506,0.0335013994892076
6139,PP_Compare_rav2_swms5_2,"preprocessing,raw,stationarity",0.0160861401361776,0.0461752294560534
6140,PP_Compare_rav2_swms10_1,"preprocessing,raw,stationarity",0.0027478022249797,0.0102096182198958
6155,PP_Compare_rav2_kscn_olapint,"preprocessing,raw",0.0113416610170194,0.0344376719151192
6161,PP_Compare_rav2_olbt_s2,"preprocessing,raw",0.00519689746784096,0.0178247551931315
6162,PP_Compare_rav2_olbt_s5,"preprocessing,raw",0.00731756136170696,0.0237871048297835
6166,PP_Compare_rav3_statav8,"preprocessing,raw,stationarity",0.00197040771953243,0.00767074750529282
6167,PP_Compare_rav3_statav10,"preprocessing,raw,stationarity",0.00350474766316831,0.0127352331838385
6170,PP_Compare_rav3_swms5_2,"preprocessing,raw,stationarity",0.0121766025070389,0.0364130533825874
6171,PP_Compare_rav3_swms10_1,"preprocessing,raw,stationarity",0.00078726537066868,0.00349879277829132
6186,PP_Compare_rav3_kscn_olapint,"preprocessing,raw",0.00395041253231895,0.0141302451294696
6187,PP_Compare_rav3_kscn_relent,"preprocessing,raw",0.00848785630958759,0.0269491337528669
6192,PP_Compare_rav3_olbt_s2,"preprocessing,raw",0.00364794442843455,0.0131880070493814
6193,PP_Compare_rav3_olbt_s5,"preprocessing,raw",0.000520910653425132,0.00244043544567005
6197,PP_Compare_rav4_statav8,"preprocessing,raw,stationarity",0.00214310157010038,0.0082345717425363
6198,PP_Compare_rav4_statav10,"preprocessing,raw,stationarity",0.00134038555683954,0.0055404165236963
6201,PP_Compare_rav4_swms5_2,"preprocessing,raw,stationarity",0.0140114417696054,0.0411183932444398
6202,PP_Compare_rav4_swms10_1,"preprocessing,raw,stationarity",0.000411985081919444,0.0020015138260648
6217,PP_Compare_rav4_kscn_olapint,"preprocessing,raw",0.00232957338585228,0.00885038244555447
6218,PP_Compare_rav4_kscn_relent,"preprocessing,raw",0.00444695290880556,0.0156304444906629
6219,PP_Compare_rav4_htdt_chi2n,"preprocessing,raw",0.00599268731485861,0.0201833481121995
6223,PP_Compare_rav4_olbt_s2,"preprocessing,raw",0.00223455572247879,0.00853511240686164
6224,PP_Compare_rav4_olbt_s5,"preprocessing,raw",0.000942271767787704,0.00409530248095477
6226,PP_Compare_rav10_statav4,"preprocessing,raw,stationarity",0.0117525566357291,0.0354124401942339
6228,PP_Compare_rav10_statav8,"preprocessing,raw,stationarity",0.00128327762626588,0.00533545615656736
6229,PP_Compare_rav10_statav10,"preprocessing,raw,stationarity",0.000280890693437725,0.00144164811038624
6232,PP_Compare_rav10_swms5_2,"preprocessing,raw,stationarity",0.00444695290880556,0.0156304444906629
6233,PP_Compare_rav10_swms10_1,"preprocessing,raw,stationarity",0.00018970647056619,0.00102403957056772
6237,PP_Compare_rav10_swss5_2,"preprocessing,raw,stationarity",0.0117525566357291,0.0354124401942339
6238,PP_Compare_rav10_swss10_1,"preprocessing,raw,stationarity",0.0155436158790251,0.044948459678192
6239,PP_Compare_rav10_swss10_2,"preprocessing,raw,stationarity",0.0140114417696054,0.0411183932444398
6248,PP_Compare_rav10_kscn_olapint,"preprocessing,raw",0.00117574116189045,0.00494927718770858
6249,PP_Compare_rav10_kscn_relent,"preprocessing,raw",0.0172213319317616,0.0489386648205069
6254,PP_Compare_rav10_olbt_s2,"preprocessing,raw",0.000861541430768804,0.00380031925898204
6255,PP_Compare_rav10_olbt_s5,"preprocessing,raw",0.00159305660196512,0.00642019913507876
6259,PP_Compare_resample_1_2_statav8,"preprocessing,raw,stationarity",0.0101844541042579,0.0314353059014366
6280,PP_Compare_resample_1_2_kscn_relent,"preprocessing,raw",0.00223455572247879,0.00853511240686164
6311,PP_Compare_resample_2_1_kscn_relent,"preprocessing,raw",0.000571568005964199,0.00264457395062235
6366,MF_GP_hyperparameters_covSEiso_covNoise_1_200_first_mlikelihood,"model,GaussianProcess",0.000656213856332496,0.00298366979677333
6368,MF_GP_hyperparameters_covSEiso_covNoise_1_200_first_mabserr_std,"model,GaussianProcess",0.0105579451035292,0.0324469257449449
6374,MF_GP_hyperparameters_covSEiso_covPeriodic_covNoise_1_200_first_logh1,"model,GaussianProcess",0.00263725978627337,0.00987128425542852
6379,MF_GP_hyperparameters_covSEiso_covPeriodic_covNoise_1_200_first_mlikelihood,"model,GaussianProcess",0.000180503538081067,0.000980330471369838
6381,MF_GP_hyperparameters_covSEiso_covPeriodic_covNoise_1_200_first_mabserr_std,"model,GaussianProcess",0.00880542419332382,0.0277956714745197
6410,MF_GP_LocalPrediction_covSEiso_covNoise_5_3_10_beforeafter_meanlogh1,"model,GaussianProcess",0.00678854239663417,0.0223231948165629
6416,MF_GP_LocalPrediction_covSEiso_covNoise_5_3_10_beforeafter_maxmlik,"model,GaussianProcess",0.0140114417696054,0.0411183932444398
6418,MF_GP_LocalPrediction_covSEiso_covNoise_5_3_10_beforeafter_stdmlik,"model,GaussianProcess",0.0126141510785048,0.0375933502520312
6428,MF_GP_LocalPrediction_covSEiso_covNoise_10_3_20_frombefore_meanlogh1,"model,GaussianProcess",0.00444695290880556,0.0156304444906629
6430,MF_GP_LocalPrediction_covSEiso_covNoise_10_3_20_frombefore_meanlogh2,"model,GaussianProcess",0.00146169723557975,0.00596537312541265
6446,MF_GP_LocalPrediction_covSEiso_covNoise_10_3_20_randomgap_meanlogh1,"model,GaussianProcess",0.00166273463464593,0.00666315071386644
6454,MF_GP_LocalPrediction_covSEiso_covNoise_10_3_20_randomgap_stdmlik,"model,GaussianProcess",0.010943570085506,0.0335013994892076
6466,WL_cwt_db3_32_meanabsC,"wavelet,cwt",3.39893536496135e-06,4.28979511453218e-05
6467,WL_cwt_db3_32_medianabsC,"wavelet,cwt",0.00128327762626588,0.00533545615656736
6468,WL_cwt_db3_32_maxabsC,"wavelet,cwt",9.82427974942328e-05,0.000587056581825268
6476,WL_cwt_db3_32_gam1,"wavelet,cwt",0.00011460879331106,0.000663608302820691
6477,WL_cwt_db3_32_gam2,"wavelet,cwt",0.000120613121939985,0.000693281097180156
6480,WL_cwt_db3_32_max_ssc,"wavelet,cwt",0.00583240319190966,0.0196528436295559
6481,WL_cwt_db3_32_min_ssc,"wavelet,cwt",0.000452716478387203,0.00216091385006758
6482,WL_cwt_db3_32_maxonmed_ssc,"wavelet,cwt",0.00146169723557975,0.00596537312541265
6484,WL_cwt_db3_32_std_ssc,"wavelet,cwt",0.000752398562734347,0.00336068199337199
6492,WL_cwt_sym2_32_meanabsC,"wavelet,cwt",3.39893536496135e-06,4.28979511453218e-05
6493,WL_cwt_sym2_32_medianabsC,"wavelet,cwt",0.00112515380607429,0.00475325547735852
6494,WL_cwt_sym2_32_maxabsC,"wavelet,cwt",5.52026967449372e-05,0.000359552550975059
6495,WL_cwt_sym2_32_maxonmeanC,"wavelet,cwt",0.0172213319317616,0.0489386648205069
6497,WL_cwt_sym2_32_pover99,"wavelet,cwt",0.0172213319317616,0.0489386648205069
6500,WL_cwt_sym2_32_pover90,"wavelet,cwt",0.0113416610170194,0.0344376719151192
6502,WL_cwt_sym2_32_gam1,"wavelet,cwt",5.2337595654733e-05,0.000343427220476787
6503,WL_cwt_sym2_32_gam2,"wavelet,cwt",5.52026967449372e-05,0.000359552550975059
6504,WL_cwt_sym2_32_SC_h,"wavelet,cwt",0.0113416610170194,0.0344376719151192
6505,WL_cwt_sym2_32_dd_SC_h,"wavelet,cwt",0.00759569887611432,0.0245377947700941
6506,WL_cwt_sym2_32_max_ssc,"wavelet,cwt",0.00480871169077813,0.0166706705878247
6507,WL_cwt_sym2_32_min_ssc,"wavelet,cwt",2.8835208146233e-05,0.000210636592565634
6508,WL_cwt_sym2_32_maxonmed_ssc,"wavelet,cwt",0.00197040771953243,0.00767074750529282
6510,WL_cwt_sym2_32_std_ssc,"wavelet,cwt",0.00049718147462051,0.00234475279220963
6511,WL_cwt_sym2_32_stat_2_m_s,"wavelet,cwt",0.0166452400339562,0.047568367268675
6514,WL_cwt_sym2_32_stat_5_m_s,"wavelet,cwt",0.0130655617316131,0.0386947930531658
6528,WL_DetailCoeffs_db3_max_wheremax_max,wavelet,0.000711294210027493,0.0032135094469586
6534,WL_DetailCoeffs_db3_max_wslesr_max,wavelet,0.000663630550324806,0.00301545899644705
6536,WL_coeffs_db3_1_mean_coeff,wavelet,2.21621930828942e-06,3.14392871073938e-05
6537,WL_coeffs_db3_1_max_coeff,wavelet,9.82427974942328e-05,0.000587056581825268
6538,WL_coeffs_db3_1_med_coeff,wavelet,2.35690423947498e-06,3.30385805743005e-05
6546,WL_coeffs_db3_2_mean_coeff,wavelet,2.18616188569126e-07,1.26328189301646e-05
6547,WL_coeffs_db3_2_max_coeff,wavelet,7.3751706263707e-06,7.2655673962288e-05
6548,WL_coeffs_db3_2_med_coeff,wavelet,4.24272170812157e-07,1.31989583665378e-05
6556,WL_coeffs_db3_3_mean_coeff,wavelet,5.2337595654733e-05,0.000343427220476787
6557,WL_coeffs_db3_3_max_coeff,wavelet,0.000324636730799297,0.00163308392309178
6558,WL_coeffs_db3_3_med_coeff,wavelet,0.000520910653425132,0.00244043544567005
6567,WL_coeffs_db3_4_max_coeff,wavelet,0.0130655617316131,0.0386947930531658
6571,WL_coeffs_db3_4_wb75m,wavelet,0.00866450444859578,0.0274731023933348
6572,WL_coeffs_db3_4_wb50m,wavelet,0.00462463008225427,0.0161270900557667
6576,WL_coeffs_db3_5_mean_coeff,wavelet,3.83548211191478e-06,4.65044010595069e-05
6577,WL_coeffs_db3_5_max_coeff,wavelet,0.000520910653425132,0.00244043544567005
6578,WL_coeffs_db3_5_med_coeff,wavelet,7.3751706263707e-06,7.2655673962288e-05
6598,WL_fBM_p3,wavelet,8.7870425947142e-06,8.27709072035961e-05
6599,WL_dwtcoeff_db3_5_maxd_l1,"wavelet,dwt",0.000140455025433301,0.000793190681049683
6600,WL_dwtcoeff_db3_5_mind_l1,"wavelet,dwt",0.000254864490291098,0.00132242416213223
6601,WL_dwtcoeff_db3_5_stdd_l1,"wavelet,dwt",3.0102618480377e-06,3.97612426222187e-05
6602,WL_dwtcoeff_db3_5_noisestd_l1,"wavelet,dwt",2.0836178159175e-06,3.02231107736254e-05
6603,WL_dwtcoeff_db3_5_maxd_l2,"wavelet,dwt",4.32549215748757e-06,5.02139375991152e-05
6604,WL_dwtcoeff_db3_5_mind_l2,"wavelet,dwt",5.49139337197368e-06,5.91952176100446e-05
6605,WL_dwtcoeff_db3_5_stdd_l2,"wavelet,dwt",1.66976483886586e-07,1.26328189301646e-05
6606,WL_dwtcoeff_db3_5_noisestd_l2,"wavelet,dwt",9.21562980967866e-07,1.85700176818326e-05
6607,WL_dwtcoeff_db3_5_maxd_l3,"wavelet,dwt",0.00286256220704461,0.010597157481507
6608,WL_dwtcoeff_db3_5_mind_l3,"wavelet,dwt",0.00146169723557975,0.00596537312541265
6609,WL_dwtcoeff_db3_5_stdd_l3,"wavelet,dwt",3.58899897678485e-05,0.000250805613224975
6610,WL_dwtcoeff_db3_5_noisestd_l3,"wavelet,dwt",0.00263725978627337,0.00987128425542852
6615,WL_dwtcoeff_db3_5_maxd_l5,"wavelet,dwt",0.000163342672991421,0.000897435770354881
6616,WL_dwtcoeff_db3_5_mind_l5,"wavelet,dwt",4.45641297611193e-05,0.000298482882337695
6617,WL_dwtcoeff_db3_5_stdd_l5,"wavelet,dwt",3.39893536496135e-06,4.28979511453218e-05
6618,WL_dwtcoeff_db3_5_noisestd_l5,"wavelet,dwt",9.3125620761273e-06,8.58959724394941e-05
6619,WL_dwtcoeff_sym2_5_maxd_l1,"wavelet,dwt",0.000120613121939985,0.000693281097180156
6620,WL_dwtcoeff_sym2_5_mind_l1,"wavelet,dwt",0.000686926233975337,0.00310737740917543
6621,WL_dwtcoeff_sym2_5_stdd_l1,"wavelet,dwt",8.64595004250958e-07,1.81437052223433e-05
6622,WL_dwtcoeff_sym2_5_noisestd_l1,"wavelet,dwt",6.68816911061285e-07,1.63021249146312e-05
6623,WL_dwtcoeff_sym2_5_maxd_l2,"wavelet,dwt",0.000171721588064445,0.000936939403185466
6624,WL_dwtcoeff_sym2_5_mind_l2,"wavelet,dwt",1.56018019057256e-05,0.000126907776281321
6625,WL_dwtcoeff_sym2_5_stdd_l2,"wavelet,dwt",2.49919961928664e-07,1.26328189301646e-05
6626,WL_dwtcoeff_sym2_5_noisestd_l2,"wavelet,dwt",3.05130403710894e-07,1.26566663948618e-05
6627,WL_dwtcoeff_sym2_5_maxd_l3,"wavelet,dwt",0.00298168202047877,0.0109979566153177
6628,WL_dwtcoeff_sym2_5_mind_l3,"wavelet,dwt",0.000180503538081067,0.000980330471369838
6629,WL_dwtcoeff_sym2_5_stdd_l3,"wavelet,dwt",3.21794070598959e-05,0.000230321427119921
6630,WL_dwtcoeff_sym2_5_noisestd_l3,"wavelet,dwt",0.000474463308048828,0.0022495777032021
6635,WL_dwtcoeff_sym2_5_maxd_l5,"wavelet,dwt",1.74686653178146e-05,0.000138751672003649
6636,WL_dwtcoeff_sym2_5_mind_l5,"wavelet,dwt",3.21794070598959e-05,0.000230321427119921
6637,WL_dwtcoeff_sym2_5_stdd_l5,"wavelet,dwt",2.35690423947498e-06,3.30385805743005e-05
6638,WL_dwtcoeff_sym2_5_noisestd_l5,"wavelet,dwt",0.000180503538081067,0.000980330471369838
6639,MF_arfit_1_8_sbc_A1,"modelfit,arfit",0.00561318037248673,0.0190204667726242
6645,MF_arfit_1_8_sbc_maxA,"modelfit,arfit",0.00561318037248673,0.0190204667726242
6647,MF_arfit_1_8_sbc_meanA,"modelfit,arfit",0.00444695290880556,0.0156304444906629
6649,MF_arfit_1_8_sbc_sumA,"modelfit,arfit",1.62549066485909e-06,2.57357260844766e-05
6652,MF_arfit_1_8_sbc_C,"modelfit,arfit",2.06727974704263e-05,0.00015886473722398
6653,MF_arfit_1_8_sbc_fpe_1,"modelfit,arfit",1.66976483886586e-07,1.26328189301646e-05
6654,MF_arfit_1_8_sbc_fpe_2,"modelfit,arfit",8.28993397906581e-06,7.90329324106368e-05
6655,MF_arfit_1_8_sbc_fpe_3,"modelfit,arfit",9.3125620761273e-06,8.58959724394941e-05
6656,MF_arfit_1_8_sbc_fpe_4,"modelfit,arfit",1.39260980630824e-05,0.000116072636382424
6657,MF_arfit_1_8_sbc_fpe_5,"modelfit,arfit",9.3125620761273e-06,8.58959724394941e-05
6658,MF_arfit_1_8_sbc_fpe_6,"modelfit,arfit",1.95471950625266e-05,0.000152026594932567
6659,MF_arfit_1_8_sbc_fpe_7,"modelfit,arfit",1.95471950625266e-05,0.000152026594932567
6660,MF_arfit_1_8_sbc_fpe_8,"modelfit,arfit",1.95471950625266e-05,0.000152026594932567
6661,MF_arfit_1_8_sbc_minfpe,"modelfit,arfit",1.95471950625266e-05,0.000152026594932567
6671,MF_arfit_1_8_sbc_maxReS,"modelfit,arfit",0.00540141912727418,0.0184016646828798
6676,MF_arfit_1_8_sbc_meanper,"modelfit,arfit",9.3125620761273e-06,8.58959724394941e-05
6677,MF_arfit_1_8_sbc_stdper,"modelfit,arfit",5.82159585412248e-05,0.000376413668124802
6678,MF_arfit_1_8_sbc_maxper,"modelfit,arfit",3.39866324809848e-05,0.000240826357829795
6680,MF_arfit_1_8_sbc_meanpererr,"modelfit,arfit",0.000686926233975337,0.00310737740917543
6683,MF_arfit_1_8_sbc_mintau,"modelfit,arfit",0.0172213319317616,0.0489386648205069
6687,MF_arfit_1_8_sbc_minexctn,"modelfit,arfit",4.45641297611193e-05,0.000298482882337695
6690,NL_MS_fnn_1_10_mi_5_1_pfnn_1,"nonlinear,fnn,slow",2.88196564292504e-05,0.000210636592565634
6691,NL_MS_fnn_1_10_mi_5_1_pfnn_2,"nonlinear,fnn,slow",6.55740619856895e-06,6.69232836927331e-05
6692,NL_MS_fnn_1_10_mi_5_1_pfnn_3,"nonlinear,fnn,slow",1.95471950625266e-05,0.000152026594932567
6693,NL_MS_fnn_1_10_mi_5_1_pfnn_4,"nonlinear,fnn,slow",1.24229200737778e-05,0.00010552787075845
6694,NL_MS_fnn_1_10_mi_5_1_pfnn_5,"nonlinear,fnn,slow",8.28993397906581e-06,7.90329324106368e-05
6695,NL_MS_fnn_1_10_mi_5_1_pfnn_6,"nonlinear,fnn,slow",1.84090878581554e-06,2.79605268046886e-05
6696,NL_MS_fnn_1_10_mi_5_1_pfnn_7,"nonlinear,fnn,slow",5.03462148094614e-06,5.62371183690566e-05
6697,NL_MS_fnn_1_10_mi_5_1_pfnn_8,"nonlinear,fnn,slow",0.001957859032272,0.00767074750529282
6700,NL_MS_fnn_1_10_mi_5_1_meanpfnn,"nonlinear,fnn,slow",8.28993397906581e-06,7.90329324106368e-05
6701,NL_MS_fnn_1_10_mi_5_1_stdpfnn,"nonlinear,fnn,slow",2.31118018635252e-05,0.000174210425736434
6703,NL_MS_fnn_1_10_mi_5_1_firstunder01,"nonlinear,fnn,slow",0.000611444577232503,0.00280892252999362
6704,NL_MS_fnn_1_10_mi_5_1_firstunder005,"nonlinear,fnn,slow",0.00219190784759647,0.00841298829166763
6705,NL_MS_fnn_1_10_mi_5_1_firstunder002,"nonlinear,fnn,slow",3.33560923869599e-05,0.000238440657223277
6706,NL_MS_fnn_1_10_mi_5_1_firstunder001,"nonlinear,fnn,slow",0.000332664813634421,0.00167109881240011
6707,NL_MS_fnn_1_10_mi_5_1_max1stepchange,"nonlinear,fnn,slow",0.00444695290880556,0.0156304444906629
6708,NL_MS_nlpe_2_mi_msqerr,"nonlinear,prediction,model",1.17306779714729e-05,0.000101346770830277
6710,NL_MS_nlpe_2_mi_meanabs,"nonlinear,prediction,model",1.56018019057256e-05,0.000126907776281321
6711,NL_MS_nlpe_2_mi_stde,"nonlinear,prediction,model",1.24229200737778e-05,0.00010552787075845
6712,NL_MS_nlpe_2_mi_mms,"nonlinear,prediction,model",1.84801124407888e-05,0.000145643819491684
6714,NL_MS_nlpe_2_mi_p1_5,"nonlinear,prediction,model",2.18616188569126e-07,1.26328189301646e-05
6715,NL_MS_nlpe_2_mi_p2_5,"nonlinear,prediction,model",3.04637264727127e-05,0.000220264232284354
6716,NL_MS_nlpe_2_mi_p3_5,"nonlinear,prediction,model",0.00629414882979977,0.0209205237346625
6719,NL_MS_nlpe_2_mi_ac1,"nonlinear,prediction,model",4.45641297611193e-05,0.000298482882337695
6720,NL_MS_nlpe_2_mi_ac2,"nonlinear,prediction,model",3.4829427824527e-07,1.26865860207478e-05
6721,NL_MS_nlpe_2_mi_ac3,"nonlinear,prediction,model",2.8835208146233e-05,0.000210636592565634
6722,NL_MS_nlpe_2_mi_ac1n,"nonlinear,prediction,model",4.70247342896548e-05,0.000312602099640601
6723,NL_MS_nlpe_2_mi_ac2n,"nonlinear,prediction,model",0.0091335656357516,0.0286529770253809
6726,NL_MS_nlpe_2_mi_acsnd0,"nonlinear,prediction,model",0.00540141912727418,0.0184016646828798
6729,NL_MS_nlpe_2_mi_dwts,"nonlinear,prediction,model",4.45641297611193e-05,0.000298482882337695
6732,NL_MS_nlpe_2_mi_sbc1,"nonlinear,prediction,model",7.57669573527021e-05,0.000468131557929195
6735,NL_MS_nlpe_3_ac_msqerr,"nonlinear,prediction,model",6.18178925154075e-06,6.41982886693683e-05
6737,NL_MS_nlpe_3_ac_meanabs,"nonlinear,prediction,model",5.17450467954947e-06,5.64657872185299e-05
6738,NL_MS_nlpe_3_ac_stde,"nonlinear,prediction,model",6.55740619856895e-06,6.69232836927331e-05
6739,NL_MS_nlpe_3_ac_mms,"nonlinear,prediction,model",6.18178925154075e-06,6.41982886693683e-05
6741,NL_MS_nlpe_3_ac_p1_5,"nonlinear,prediction,model",3.05130403710894e-07,1.26566663948618e-05
6742,NL_MS_nlpe_3_ac_p2_5,"nonlinear,prediction,model",9.3125620761273e-06,8.58959724394941e-05
6746,NL_MS_nlpe_3_ac_ac1,"nonlinear,prediction,model",0.000571568005964199,0.00264457395062235
6747,NL_MS_nlpe_3_ac_ac2,"nonlinear,prediction,model",9.82136182665932e-07,1.85767785163986e-05
6748,NL_MS_nlpe_3_ac_ac3,"nonlinear,prediction,model",3.39893536496135e-06,4.28979511453218e-05
6749,NL_MS_nlpe_3_ac_ac1n,"nonlinear,prediction,model",0.000626782424265422,0.00286823724859009
6751,NL_MS_nlpe_3_ac_ac3n,"nonlinear,prediction,model",0.00947257968258233,0.0295076889277806
6756,NL_MS_nlpe_3_ac_dwts,"nonlinear,prediction,model",0.000571568005964199,0.00264457395062235
6759,NL_MS_nlpe_3_ac_sbc1,"nonlinear,prediction,model",0.000452716478387203,0.00216091385006758
6760,NL_MS_nlpe_3_ac_normksstat,"nonlinear,prediction,model",0.00818056932224017,0.0261490663373815
6761,NL_MS_nlpe_3_ac_normp,"nonlinear,prediction,model",0.0105579451035292,0.0324469257449449
6762,NL_MS_nlpe_fnn_mi_msqerr,"nonlinear,prediction,model,slow",4.07343157778537e-06,4.83967339719123e-05
6764,NL_MS_nlpe_fnn_mi_meanabs,"nonlinear,prediction,model,slow",4.32549215748757e-06,5.02139375991152e-05
6765,NL_MS_nlpe_fnn_mi_stde,"nonlinear,prediction,model,slow",4.59245894147181e-06,5.20356410093603e-05
6766,NL_MS_nlpe_fnn_mi_mms,"nonlinear,prediction,model,slow",3.19894145993939e-06,4.16331959180735e-05
6768,NL_MS_nlpe_fnn_mi_p1_5,"nonlinear,prediction,model,slow",0.000147725636058422,0.000824404356067967
6769,NL_MS_nlpe_fnn_mi_p2_5,"nonlinear,prediction,model,slow",7.18988102492802e-05,0.000448135554567789
6772,NL_MS_nlpe_fnn_mi_p5_5,"nonlinear,prediction,model,slow",0.00880542419332382,0.0277956714745197
6774,NL_MS_nlpe_fnn_mi_ac2,"nonlinear,prediction,model,slow",0.000520910653425132,0.00244043544567005
6775,NL_MS_nlpe_fnn_mi_ac3,"nonlinear,prediction,model,slow",0.000392927991788058,0.00192475016971871
6785,NL_MS_nlpe_fnn_mi_minfpe,"nonlinear,prediction,model,slow",0.0135312008308029,0.0399071964627379
6787,NL_MS_nlpe_fnn_mi_normksstat,"nonlinear,prediction,model,slow",0.00605931502191424,0.0202825490563651
6788,NL_MS_nlpe_fnn_mi_normp,"nonlinear,prediction,model,slow",0.00583240319190966,0.0196528436295559
6789,MS_shannon_2t10_2_maxent,"entropy,mex",0.000545691962300163,0.00254309664165247
6791,MS_shannon_2t10_2_medent,"entropy,mex",0.00947257968258233,0.0295076889277806
6792,MS_shannon_2t10_2_meanent,"entropy,mex",0.00214310157010038,0.0082345717425363
6794,MS_shannon_2t10_3_maxent,"entropy,mex",4.9613796147306e-05,0.000327663553140448
6796,MS_shannon_2t10_3_medent,"entropy,mex",0.00078726537066868,0.00349879277829132
6797,MS_shannon_2t10_3_meanent,"entropy,mex",0.000324636730799297,0.00163308392309178
6799,MS_shannon_2t10_4_maxent,"entropy,mex",3.21794070598959e-05,0.000230321427119921
6801,MS_shannon_2t10_4_medent,"entropy,mex",0.000374697110145117,0.00185465917812932
6802,MS_shannon_2t10_4_meanent,"entropy,mex",0.000199349058622623,0.0010663520911088
6819,NL_embed_PCA_mi_10_perc_1,"embedding,pca",0.000411985081919444,0.0020015138260648
6820,NL_embed_PCA_mi_10_perc_2,"embedding,pca",0.000108887185280847,0.000637241588446412
6821,NL_embed_PCA_mi_10_perc_3,"embedding,pca",0.000357259343652894,0.00177578172707076
6822,NL_embed_PCA_mi_10_perc_4,"embedding,pca",0.00029481867962687,0.00149795766088352
6823,NL_embed_PCA_mi_10_perc_5,"embedding,pca",0.00082362694217216,0.00365124118801696
6824,NL_embed_PCA_mi_10_std,"embedding,pca",0.00102996237816126,0.00441421338265728
6825,NL_embed_PCA_mi_10_range,"embedding,pca",0.00152607557784433,0.00618186983075375
6827,NL_embed_PCA_mi_10_top2,"embedding,pca",0.000431902709468371,0.00207553246494523
6828,NL_embed_PCA_mi_10_nto50,"embedding,pca",0.00226235482253817,0.00863199717927017
6829,NL_embed_PCA_mi_10_nto60,"embedding,pca",0.00323469288576587,0.011838842434849
6834,NL_embed_PCA_mi_10_fb02,"embedding,pca",0.00139749959608666,0.00574927331285241
6835,NL_embed_PCA_mi_10_fb01,"embedding,pca",8.16359654874532e-05,0.000500470097841405
6837,NL_embed_PCA_1_10_perc_1,"embedding,pca",0.000155349545893666,0.00086085494454982
6839,NL_embed_PCA_1_10_perc_3,"embedding,pca",0.000474463308048828,0.0022495777032021
6840,NL_embed_PCA_1_10_perc_4,"embedding,pca",3.4829427824527e-07,1.26865860207478e-05
6841,NL_embed_PCA_1_10_perc_5,"embedding,pca",1.26503510150617e-06,2.14662535286681e-05
6842,NL_embed_PCA_1_10_std,"embedding,pca",1.10753480969413e-05,9.75868870206269e-05
6843,NL_embed_PCA_1_10_range,"embedding,pca",0.000155349545893666,0.00086085494454982
6844,NL_embed_PCA_1_10_min,"embedding,pca",0.000199349058622623,0.0010663520911088
6845,NL_embed_PCA_1_10_top2,"embedding,pca",5.17450467954947e-06,5.64657872185299e-05
6846,NL_embed_PCA_1_10_nto50,"embedding,pca",3.38127256330157e-05,0.000240826357829795
6848,NL_embed_PCA_1_10_nto70,"embedding,pca",0.00390625,0.0140146844967122
6849,NL_embed_PCA_1_10_nto80,"embedding,pca",0.0009765625,0.0042236328125
6850,NL_embed_PCA_1_10_nto90,"embedding,pca",0.000215530645724185,0.00114685586655787
6851,NL_embed_PCA_1_10_fb05,"embedding,pca",3.38127256330157e-05,0.000240826357829795
6854,NL_embed_PCA_1_10_fb001,"embedding,pca",8.10495848004712e-05,0.000497305108122614
6855,NL_embed_PCA_ac_3_perc_1,"embedding,pca",0.00107658530464083,0.00457806928406319
6857,NL_embed_PCA_ac_3_std,"embedding,pca",0.00166273463464593,0.00666315071386644
6858,NL_embed_PCA_ac_3_range,"embedding,pca",0.00181057379343184,0.00716651781072101
6859,NL_embed_PCA_ac_3_top2,"embedding,pca",0.00310530796992304,0.0114124090314322
6869,PP_ModelFit_ar_2_rmserrrat_d1,"preprocessing,trend",5.50793468636543e-07,1.48546694792357e-05
6870,PP_ModelFit_ar_2_rmserrrat_d2,"preprocessing,trend",1.47412616174406e-05,0.000121018250755215
6871,PP_ModelFit_ar_2_rmserrrat_d3,"preprocessing,trend",8.85862417242377e-05,0.000537044626111126
6872,PP_ModelFit_ar_2_rmserrrat_lf_02,"preprocessing,trend",5.16120692670543e-07,1.43562512671065e-05
6873,PP_ModelFit_ar_2_rmserrrat_lf_02_d1,"preprocessing,trend",5.17450467954947e-06,5.64657872185299e-05
6874,PP_ModelFit_ar_2_rmserrrat_peaks_08,"preprocessing,trend",1.24229200737778e-05,0.00010552787075845
6875,PP_ModelFit_ar_2_rmserrrat_peaks_08_d1,"preprocessing,trend",1.10753480969413e-05,9.75868870206269e-05
6877,PP_ModelFit_ar_2_rmserrrat_p1_10,"preprocessing,trend",0.0091335656357516,0.0286529770253809
6878,PP_ModelFit_ar_2_rmserrrat_p1_20,"preprocessing,trend",0.00462463008225427,0.0161270900557667
6879,PP_ModelFit_ar_2_rmserrrat_p1_40,"preprocessing,trend",0.00214310157010038,0.0082345717425363
6881,PP_ModelFit_ar_2_rmserrrat_p2_10,"preprocessing,trend",0.0027478022249797,0.0102096182198958
6882,PP_ModelFit_ar_2_rmserrrat_p2_20,"preprocessing,trend",0.00107658530464083,0.00457806928406319
6883,PP_ModelFit_ar_2_rmserrrat_p2_40,"preprocessing,trend",0.000309391534112162,0.00156082087585887
6884,PP_ModelFit_ar_2_rmserrrat_rmgd,"preprocessing,trend",0.000209450726687326,0.00111617881622329
6891,MF_steps_ahead_ar_2_6_rmserr_3,"model,prediction",0.00605931502191424,0.0202825490563651
6892,MF_steps_ahead_ar_2_6_mabserr_3,"model,prediction",0.00731756136170696,0.0237871048297835
6894,MF_steps_ahead_ar_2_6_rmserr_4,"model,prediction",0.00214310157010038,0.0082345717425363
6895,MF_steps_ahead_ar_2_6_mabserr_4,"model,prediction",0.00350474766316831,0.0127352331838385
6902,MF_steps_ahead_ar_2_6_ac1_6,"model,prediction",0.000411985081919444,0.0020015138260648
6903,MF_steps_ahead_ar_2_6_meandiffrmsabs,"model,prediction",0.00223455572247879,0.00853511240686164
6904,MF_steps_ahead_ar_2_6_meandiffrms,"model,prediction",6.95480101290475e-06,7.00715960007577e-05
6905,MF_steps_ahead_ar_2_6_maxdiffrms,"model,prediction",1.84801124407888e-05,0.000145643819491684
6906,MF_steps_ahead_ar_2_6_stddiffrms,"model,prediction",1.1149831476865e-06,2.01236016960314e-05
6907,MF_steps_ahead_ar_2_6_ndown,"model,prediction",0.015625,0.0451622351263244
6913,MF_steps_ahead_ar_best_6_ac1_2,"model,prediction,arfit",0.00395041253231895,0.0141302451294696
6916,MF_steps_ahead_ar_best_6_ac1_3,"model,prediction,arfit",5.2337595654733e-05,0.000343427220476787
6919,MF_steps_ahead_ar_best_6_ac1_4,"model,prediction,arfit",0.000163342672991421,0.000897435770354881
6927,MF_steps_ahead_ar_best_6_meandiffrms,"model,prediction,arfit",0.000140455025433301,0.000793190681049683
6928,MF_steps_ahead_ar_best_6_maxdiffrms,"model,prediction,arfit",3.78942790951893e-05,0.000260955457885609
6929,MF_steps_ahead_ar_best_6_stddiffrms,"model,prediction,arfit",5.50793468636543e-07,1.48546694792357e-05
6945,MF_steps_ahead_ss_best_6_ac1_5,"model,prediction",0.00242827797978465,0.0092007348881477
6948,MF_steps_ahead_ss_best_6_ac1_6,"model,prediction",5.17450467954947e-06,5.64657872185299e-05
6950,MF_steps_ahead_ss_best_6_meandiffrms,"model,prediction",1.24229200737778e-05,0.00010552787075845
6951,MF_steps_ahead_ss_best_6_maxdiffrms,"model,prediction",0.000220031677037124,0.00116036036076157
6952,MF_steps_ahead_ss_best_6_stddiffrms,"model,prediction",2.50614204546602e-06,3.45837850748842e-05
6960,MF_steps_ahead_arma_3_1_6_rmserr_3,"model,prediction",0.010943570085506,0.0335013994892076
6961,MF_steps_ahead_arma_3_1_6_mabserr_3,"model,prediction",0.0113416610170194,0.0344376719151192
6963,MF_steps_ahead_arma_3_1_6_rmserr_4,"model,prediction",0.00205509104458358,0.00793941218912382
6964,MF_steps_ahead_arma_3_1_6_mabserr_4,"model,prediction",0.00336668407320579,0.0122838941004366
6971,MF_steps_ahead_arma_3_1_6_ac1_6,"model,prediction",0.000686926233975337,0.00310737740917543
6972,MF_steps_ahead_arma_3_1_6_meandiffrmsabs,"model,prediction",0.00205509104458358,0.00793941218912382
6973,MF_steps_ahead_arma_3_1_6_meandiffrms,"model,prediction",0.000656213856332496,0.00298366979677333
6974,MF_steps_ahead_arma_3_1_6_maxdiffrms,"model,prediction",3.58899897678485e-05,0.000250805613224975
6975,MF_steps_ahead_arma_3_1_6_stddiffrms,"model,prediction",3.72030155408931e-07,1.26865860207478e-05
6983,MF_FitSubsegments_arsbc_uniform_25_01_sbcs_mean,"model,prediction,arfit",7.3751706263707e-06,7.2655673962288e-05
6986,MF_FitSubsegments_arsbc_uniform_25_01_sbcs_min,"model,prediction,arfit",1.10753480969413e-05,9.75868870206269e-05
6987,MF_FitSubsegments_arsbc_uniform_25_01_sbcs_max,"model,prediction,arfit",6.82179820007579e-05,0.000428962895683844
6994,MF_FitSubsegments_arsbc_rand_25_01_sbcs_mean,"model,prediction,arfit",4.59245894147181e-06,5.20356410093603e-05
6997,MF_FitSubsegments_arsbc_rand_25_01_sbcs_min,"model,prediction,arfit",1.24229200737778e-05,0.00010552787075845
6998,MF_FitSubsegments_arsbc_rand_25_01_sbcs_max,"model,prediction,arfit",4.70247342896548e-05,0.000312602099640601
6999,MF_FitSubsegments_ar_2_uniform_25_01_fpe_std,"model,prediction",0.000520910653425132,0.00244043544567005
7000,MF_FitSubsegments_ar_2_uniform_25_01_fpe_mean,"model,prediction",6.18178925154075e-06,6.41982886693683e-05
7001,MF_FitSubsegments_ar_2_uniform_25_01_fpe_max,"model,prediction",4.00045227898351e-05,0.000272838538604135
7002,MF_FitSubsegments_ar_2_uniform_25_01_fpe_min,"model,prediction",2.44316942629559e-05,0.000182606962494359
7003,MF_FitSubsegments_ar_2_uniform_25_01_fpe_range,"model,prediction",0.000598582921400376,0.00275340380122754
7005,MF_FitSubsegments_ar_2_uniform_25_01_a_1_mean,"model,prediction",0.000474463308048828,0.0022495777032021
7006,MF_FitSubsegments_ar_2_uniform_25_01_a_1_max,"model,prediction",0.00947257968258233,0.0295076889277806
7007,MF_FitSubsegments_ar_2_uniform_25_01_a_1_min,"model,prediction",8.28993397906581e-06,7.90329324106368e-05
7012,MF_FitSubsegments_ss_2_uniform_25_01_fpe_std,"model,prediction",0.00379644200152357,0.0136691183334044
7013,MF_FitSubsegments_ss_2_uniform_25_01_fpe_mean,"model,prediction",9.86802931933148e-06,8.9851003802334e-05
7014,MF_FitSubsegments_ss_2_uniform_25_01_fpe_max,"model,prediction",0.00018970647056619,0.00102403957056772
7015,MF_FitSubsegments_ss_2_uniform_25_01_fpe_min,"model,prediction",2.18599433306592e-05,0.000166365427086229
7016,MF_FitSubsegments_ss_2_uniform_25_01_fpe_range,"model,prediction",0.0027478022249797,0.0102096182198958
7017,MF_FitSubsegments_arma_2_2_uniform_25_01_fpe_std,"model,prediction",0.00427548416137376,0.0151251915993138
7018,MF_FitSubsegments_arma_2_2_uniform_25_01_fpe_mean,"model,prediction",1.31540392168145e-05,0.000110678054762592
7019,MF_FitSubsegments_arma_2_2_uniform_25_01_fpe_max,"model,prediction",9.82427974942328e-05,0.000587056581825268
7020,MF_FitSubsegments_arma_2_2_uniform_25_01_fpe_min,"model,prediction",1.84801124407888e-05,0.000145643819491684
7021,MF_FitSubsegments_arma_2_2_uniform_25_01_fpe_range,"model,prediction",0.00336668407320579,0.0122838941004366
7025,MF_FitSubsegments_arma_2_2_uniform_25_01_p_1_min,"model,prediction",0.000571568005964199,0.00264457395062235
7038,MF_CompareTestSets_y_ar_4_rand_25_01_1_rmserr_mean,"model,prediction,stationarity",7.3751706263707e-06,7.2655673962288e-05
7039,MF_CompareTestSets_y_ar_4_rand_25_01_1_rmserr_median,"model,prediction,stationarity",9.3125620761273e-06,8.58959724394941e-05
7042,MF_CompareTestSets_y_ar_4_rand_25_01_1_mabserr_mean,"model,prediction,stationarity",6.55740619856895e-06,6.69232836927331e-05
7043,MF_CompareTestSets_y_ar_4_rand_25_01_1_mabserr_median,"model,prediction,stationarity",6.55740619856895e-06,6.69232836927331e-05
7046,MF_CompareTestSets_y_ar_4_rand_25_01_1_ac1s_mean,"model,prediction,stationarity",0.0145066650137748,0.0424261593419457
7050,MF_CompareTestSets_y_ar_4_rand_25_01_1_meandiffs_mean,"model,prediction,stationarity",0.00350474766316831,0.0127352331838385
7052,MF_CompareTestSets_y_ar_4_rand_25_01_1_meandiffs_std,"model,prediction,stationarity",0.000942271767787704,0.00409530248095477
7053,MF_CompareTestSets_y_ar_4_rand_25_01_1_meandiffs_iqr,"model,prediction,stationarity",0.0140114417696054,0.0411183932444398
7054,MF_CompareTestSets_y_ar_4_rand_25_01_1_stdrats_mean,"model,prediction,stationarity",1.65101028457949e-05,0.000131876305726603
7055,MF_CompareTestSets_y_ar_4_rand_25_01_1_stdrats_median,"model,prediction,stationarity",1.31540392168145e-05,0.000110678054762592
7058,MF_CompareTestSets_y_ar_best_uniform_25_01_1_rmserr_mean,"model,prediction,arfit,stationarity",9.86802931933148e-06,8.9851003802334e-05
7059,MF_CompareTestSets_y_ar_best_uniform_25_01_1_rmserr_median,"model,prediction,arfit,stationarity",1.47412616174406e-05,0.000121018250755215
7062,MF_CompareTestSets_y_ar_best_uniform_25_01_1_mabserr_mean,"model,prediction,arfit,stationarity",8.28993397906581e-06,7.90329324106368e-05
7063,MF_CompareTestSets_y_ar_best_uniform_25_01_1_mabserr_median,"model,prediction,arfit,stationarity",9.86802931933148e-06,8.9851003802334e-05
7070,MF_CompareTestSets_y_ar_best_uniform_25_01_1_meandiffs_mean,"model,prediction,arfit,stationarity",2.72896655970471e-05,0.000201421017773002
7071,MF_CompareTestSets_y_ar_best_uniform_25_01_1_meandiffs_median,"model,prediction,arfit,stationarity",0.00011460879331106,0.000663608302820691
7072,MF_CompareTestSets_y_ar_best_uniform_25_01_1_meandiffs_std,"model,prediction,arfit,stationarity",9.86802931933148e-06,8.9851003802334e-05
7073,MF_CompareTestSets_y_ar_best_uniform_25_01_1_meandiffs_iqr,"model,prediction,arfit,stationarity",0.00029481867962687,0.00149795766088352
7074,MF_CompareTestSets_y_ar_best_uniform_25_01_1_stdrats_mean,"model,prediction,arfit,stationarity",4.87516924146122e-06,5.47145180849437e-05
7075,MF_CompareTestSets_y_ar_best_uniform_25_01_1_stdrats_median,"model,prediction,arfit,stationarity",4.87516924146122e-06,5.47145180849437e-05
7078,MF_CompareTestSets_y_ss_best_uniform_25_01_1_rmserr_mean,"model,prediction,stationarity",0.00013352242572232,0.000759482410303461
7079,MF_CompareTestSets_y_ss_best_uniform_25_01_1_rmserr_median,"model,prediction,stationarity",0.00018970647056619,0.00102403957056772
7082,MF_CompareTestSets_y_ss_best_uniform_25_01_1_mabserr_mean,"model,prediction,stationarity",0.00011460879331106,0.000663608302820691
7083,MF_CompareTestSets_y_ss_best_uniform_25_01_1_mabserr_median,"model,prediction,stationarity",0.00013352242572232,0.000759482410303461
7090,MF_CompareTestSets_y_ss_best_uniform_25_01_1_meandiffs_mean,"model,prediction,stationarity",0.00629414882979977,0.0209205237346625
7091,MF_CompareTestSets_y_ss_best_uniform_25_01_1_meandiffs_median,"model,prediction,stationarity",0.0130655617316131,0.0386947930531658
7092,MF_CompareTestSets_y_ss_best_uniform_25_01_1_meandiffs_std,"model,prediction,stationarity",0.0155436158790251,0.044948459678192
7094,MF_CompareTestSets_y_ss_best_uniform_25_01_1_stdrats_mean,"model,prediction,stationarity",0.000108887185280847,0.000637241588446412
7095,MF_CompareTestSets_y_ss_best_uniform_25_01_1_stdrats_median,"model,prediction,stationarity",0.000155349545893666,0.00086085494454982
7098,MF_CompareTestSets_y_ss_2_uniform_25_01_1_rmserr_mean,"model,prediction,stationarity",2.58231003683401e-05,0.000191995021921002
7099,MF_CompareTestSets_y_ss_2_uniform_25_01_1_rmserr_median,"model,prediction,stationarity",3.78942790951893e-05,0.000260955457885609
7102,MF_CompareTestSets_y_ss_2_uniform_25_01_1_mabserr_mean,"model,prediction,stationarity",1.65101028457949e-05,0.000131876305726603
7103,MF_CompareTestSets_y_ss_2_uniform_25_01_1_mabserr_median,"model,prediction,stationarity",2.06727974704263e-05,0.00015886473722398
7110,MF_CompareTestSets_y_ss_2_uniform_25_01_1_meandiffs_mean,"model,prediction,stationarity",4.9613796147306e-05,0.000327663553140448
7111,MF_CompareTestSets_y_ss_2_uniform_25_01_1_meandiffs_median,"model,prediction,stationarity",9.82427974942328e-05,0.000587056581825268
7112,MF_CompareTestSets_y_ss_2_uniform_25_01_1_meandiffs_std,"model,prediction,stationarity",0.00013352242572232,0.000759482410303461
7113,MF_CompareTestSets_y_ss_2_uniform_25_01_1_meandiffs_iqr,"model,prediction,stationarity",0.000985214086551646,0.00424294081111768
7114,MF_CompareTestSets_y_ss_2_uniform_25_01_1_stdrats_mean,"model,prediction,stationarity",0.000147725636058422,0.000824404356067967
7115,MF_CompareTestSets_y_ss_2_uniform_25_01_1_stdrats_median,"model,prediction,stationarity",0.000147725636058422,0.000824404356067967
7118,MF_StateSpaceCompOrder_8_minaic,model,1.56018019057256e-05,0.000126907776281321
7120,MF_StateSpaceCompOrder_8_minlossfn,model,1.65101028457949e-05,0.000131876305726603
7126,MF_StateSpace_n4sid_1_05_1_A_1,model,1.18820146520854e-07,1.26328189301646e-05
7130,MF_StateSpace_n4sid_1_05_1_m_fpe,model,5.50793468636543e-07,1.48546694792357e-05
7131,MF_StateSpace_n4sid_1_05_1_m_aic,model,5.87706654304219e-07,1.54392714777031e-05
7133,MF_StateSpace_n4sid_1_05_1_meanabs,model,1.62549066485909e-06,2.57357260844766e-05
7134,MF_StateSpace_n4sid_1_05_1_stde,model,8.64595004250958e-07,1.81437052223433e-05
7135,MF_StateSpace_n4sid_1_05_1_mms,model,8.64595004250958e-07,1.81437052223433e-05
7137,MF_StateSpace_n4sid_1_05_1_p1_5,model,0.0166452400339562,0.047568367268675
7143,MF_StateSpace_n4sid_1_05_1_ac2,model,0.0113416610170194,0.0344376719151192
7144,MF_StateSpace_n4sid_1_05_1_ac3,model,0.000431902709468371,0.00207553246494523
7147,MF_StateSpace_n4sid_1_05_1_ac3n,model,0.00678854239663417,0.0223231948165629
7159,MF_StateSpace_n4sid_2_05_1_A_1,model,2.04420430353178e-07,1.26328189301646e-05
7168,MF_StateSpace_n4sid_2_05_1_m_fpe,model,4.45641297611193e-05,0.000298482882337695
7169,MF_StateSpace_n4sid_2_05_1_m_aic,model,2.31118018635252e-05,0.000174210425736434
7171,MF_StateSpace_n4sid_2_05_1_meanabs,model,3.21794070598959e-05,0.000230321427119921
7172,MF_StateSpace_n4sid_2_05_1_stde,model,4.00045227898351e-05,0.000272838538604135
7173,MF_StateSpace_n4sid_2_05_1_mms,model,3.04637264727127e-05,0.000220264232284354
7182,MF_StateSpace_n4sid_2_05_1_ac3,model,0.0155436158790251,0.044948459678192
7197,MF_StateSpace_n4sid_3_05_1_A_1,model,3.72030155408931e-07,1.26865860207478e-05
7213,MF_StateSpace_n4sid_3_05_1_m_fpe,model,4.9613796147306e-05,0.000327663553140448
7214,MF_StateSpace_n4sid_3_05_1_m_aic,model,2.72896655970471e-05,0.000201421017773002
7216,MF_StateSpace_n4sid_3_05_1_meanabs,model,4.9613796147306e-05,0.000327663553140448
7217,MF_StateSpace_n4sid_3_05_1_stde,model,6.1384547346443e-05,0.00039331580336795
7218,MF_StateSpace_n4sid_3_05_1_mms,model,6.1384547346443e-05,0.00039331580336795
7242,MF_CompareAR_1_10_all_maxv,model,1.45796399486326e-07,1.26328189301646e-05
7243,MF_CompareAR_1_10_all_minv,model,1.17306779714729e-05,0.000101346770830277
7244,MF_CompareAR_1_10_all_meanv,model,3.83548211191478e-06,4.65044010595069e-05
7245,MF_CompareAR_1_10_all_medianv,model,1.47412616174406e-05,0.000121018250755215
7248,MF_CompareAR_1_10_all_meandiff,model,1.31540392168145e-05,0.000110678054762592
7249,MF_CompareAR_1_10_all_stddiff,model,0.000411985081919444,0.0020015138260648
7250,MF_CompareAR_1_10_all_maxdiff,model,0.000411985081919444,0.0020015138260648
7251,MF_CompareAR_1_10_all_meddiff,model,6.82179820007579e-05,0.000428962895683844
7252,MF_CompareAR_1_10_all_minstdfromi,model,0.00188893854939985,0.00743520595499065
7257,MF_CompareAR_1_10_all_bestaic,model,1.66976483886586e-07,1.26328189301646e-05
7258,MF_CompareAR_1_10_05_maxv,model,1.18773136379583e-06,2.0852917236148e-05
7259,MF_CompareAR_1_10_05_minv,model,1.95471950625266e-05,0.000152026594932567
7260,MF_CompareAR_1_10_05_meanv,model,5.82681221138167e-06,6.17781450154413e-05
7261,MF_CompareAR_1_10_05_medianv,model,2.06727974704263e-05,0.00015886473722398
7264,MF_CompareAR_1_10_05_meandiff,model,0.000199349058622623,0.0010663520911088
7265,MF_CompareAR_1_10_05_stddiff,model,0.00286256220704461,0.010597157481507
7266,MF_CompareAR_1_10_05_maxdiff,model,0.0027478022249797,0.0102096182198958
7267,MF_CompareAR_1_10_05_meddiff,model,0.000108887185280847,0.000637241588446412
7268,MF_CompareAR_1_10_05_minstdfromi,model,0.00197040771953243,0.00767074750529282
7273,MF_CompareAR_1_10_05_bestaic,model,3.39893536496135e-06,4.28979511453218e-05
7280,MF_armax_3_1_05_1_fpe,model,1.95471950625266e-05,0.000152026594932567
7281,MF_armax_3_1_05_1_aic,model,8.28993397906581e-06,7.90329324106368e-05
7283,MF_armax_3_1_05_1_meanabs,model,1.04550591732956e-05,9.41088004012509e-05
7284,MF_armax_3_1_05_1_stde,model,1.17306779714729e-05,0.000101346770830277
7285,MF_armax_3_1_05_1_mms,model,1.04550591732956e-05,9.41088004012509e-05
7295,MF_armax_3_1_05_1_ac1n,model,0.00232957338585228,0.00885038244555447
7301,MF_armax_3_1_05_1_ftbth,model,0.00709678913182412,0.0231970162728242
7305,MF_armax_3_1_05_1_sbc1,model,0.00653714319617325,0.0216268454712952
7308,MF_armax_1_1_05_1_AR_1,model,3.72030155408931e-07,1.26865860207478e-05
7310,MF_armax_1_1_05_1_maxda,model,5.16120692670543e-07,1.43562512671065e-05
7312,MF_armax_1_1_05_1_fpe,model,1.84090878581554e-06,2.79605268046886e-05
7313,MF_armax_1_1_05_1_aic,model,1.52708182821975e-06,2.46172531990061e-05
7315,MF_armax_1_1_05_1_meanabs,model,6.55740619856895e-06,6.69232836927331e-05
7316,MF_armax_1_1_05_1_stde,model,5.82681221138167e-06,6.17781450154413e-05
7317,MF_armax_1_1_05_1_mms,model,5.82681221138167e-06,6.17781450154413e-05
7320,MF_armax_1_1_05_1_p2_5,model,0.0155436158790251,0.044948459678192
7326,MF_armax_1_1_05_1_ac3,model,0.000985214086551646,0.00424294081111768
7340,MF_armax_2_2_05_1_AR_1,model,0.000686926233975337,0.00310737740917543
7346,MF_armax_2_2_05_1_fpe,model,2.8835208146233e-05,0.000210636592565634
7347,MF_armax_2_2_05_1_aic,model,2.06727974704263e-05,0.00015886473722398
7349,MF_armax_2_2_05_1_meanabs,model,1.47412616174406e-05,0.000121018250755215
7350,MF_armax_2_2_05_1_stde,model,2.06727974704263e-05,0.00015886473722398
7351,MF_armax_2_2_05_1_mms,model,1.65101028457949e-05,0.000131876305726603
7354,MF_armax_2_2_05_1_p2_5,model,0.0117525566357291,0.0354124401942339
7361,MF_armax_2_2_05_1_ac1n,model,0.00561318037248673,0.0190204667726242
7371,MF_armax_2_2_05_1_sbc1,model,0.00605931502191424,0.0202825490563651
7374,MF_ARMA_orders_1_6_1_4_aic_min,model,9.86802931933148e-06,8.9851003802334e-05
7378,MF_ARMA_orders_1_6_1_4_mean_all_aics,model,5.82681221138167e-06,6.17781450154413e-05
7381,MF_ExpSmoothing_05_best_alphamin_1,model,0.000718970297700572,0.00322763058328491
7386,MF_ExpSmoothing_05_best_meanabs,model,2.04420430353178e-07,1.26328189301646e-05
7387,MF_ExpSmoothing_05_best_stde,model,1.45796399486326e-07,1.26328189301646e-05
7388,MF_ExpSmoothing_05_best_mms,model,1.45796399486326e-07,1.26328189301646e-05
7390,MF_ExpSmoothing_05_best_p1_5,model,0.000626782424265422,0.00286823724859009
7391,MF_ExpSmoothing_05_best_p2_5,model,7.98313205736858e-05,0.000490254161756843
7395,MF_ExpSmoothing_05_best_ac1,model,0.00704859648267514,0.0230570342499912
7396,MF_ExpSmoothing_05_best_ac2,model,0.000431902709468371,0.00207553246494523
7397,MF_ExpSmoothing_05_best_ac3,model,4.32549215748757e-06,5.02139375991152e-05
7398,MF_ExpSmoothing_05_best_ac1n,model,0.00704859648267514,0.0230570342499912
7405,MF_ExpSmoothing_05_best_dwts,model,0.00678854239663417,0.0223231948165629
7408,MF_ExpSmoothing_05_best_sbc1,model,0.00605931502191424,0.0202825490563651
7445,MF_GARCHfit_ar_P1_Q1_stde_p2_5,model,0.000155349545893666,0.00086085494454982
7451,MF_GARCHfit_ar_P1_Q1_stde_ac3,model,0.000242716287295376,0.00126773683783955
7460,MF_GARCHfit_ar_P1_Q1_stde_minfpe,model,0.00166273463464593,0.00666315071386644
7502,MF_GARCHfit_ar_P1_Q2_stde_p2_5,model,0.000199349058622623,0.0010663520911088
7508,MF_GARCHfit_ar_P1_Q2_stde_ac3,model,0.000242716287295376,0.00126773683783955
7517,MF_GARCHfit_ar_P1_Q2_stde_minfpe,model,0.00166273463464593,0.00666315071386644
7539,MF_compare_GARCH_ar_1_3_1_3_max_maxarchps,model,0.00181057379343184,0.00716651781072101
7545,MF_compare_GARCH_ar_1_3_1_3_max_maxlbqps,model,0.00188893854939985,0.00743520595499065
7556,SY_VarRatioTest_2_1_stat,vratiotest,0.00704859648267514,0.0230570342499912
7557,SY_VarRatioTest_4_0_pValue,"vratiotest,pvalue",0.005615234375,0.0190204667726242
7558,SY_VarRatioTest_4_0_stat,vratiotest,0.000901068977688017,0.00394523596218587
7559,SY_VarRatioTest_4_1_pValue,"vratiotest,pvalue",0.0048828125,0.0169110298156738
7560,SY_VarRatioTest_4_1_stat,vratiotest,0.000598582921400376,0.00275340380122754
7561,SY_VarRatioTest_4_1_ratio,vratiotest,0.000598582921400376,0.00275340380122754
7562,SY_VarRatioTest_24682468_00001111_maxpValue,"vratiotest,pvalue",0.00108979657545953,0.00462869886810446
7564,SY_VarRatioTest_24682468_00001111_meanpValue,"vratiotest,pvalue",0.00108979657545953,0.00462869886810446
7569,SY_VarRatioTest_24682468_00001111_meanstat,vratiotest,0.000103435837958387,0.000611901917129974
7570,SY_VarRatioTest_24682468_00001111_maxstat,vratiotest,0.00263725978627337,0.00987128425542852
7571,SY_VarRatioTest_24682468_00001111_minstat,vratiotest,2.58231003683401e-05,0.000191995021921002
7578,SY_PPtest_0_5_ar_t1_meanstat,unitroot,2.49919961928664e-07,1.26328189301646e-05
7579,SY_PPtest_0_5_ar_t1_maxstat,unitroot,1.36205222978583e-07,1.26328189301646e-05
7580,SY_PPtest_0_5_ar_t1_minstat,unitroot,7.60661190228156e-07,1.75744945351411e-05
7581,SY_PPtest_0_5_ar_t1_minBIC,unitroot,1.56039295066102e-07,1.26328189301646e-05
7582,SY_PPtest_0_5_ar_t1_minrmse,unitroot,1.56039295066102e-07,1.26328189301646e-05
7594,SY_KPSStest_0_10_lagminstat,"stationarity,hypothesistest",0.000145498137689902,0.000821016937656703
7601,MF_hmm_07_3_Pmeandiag,"hmm,model",0.0140114417696054,0.0411183932444398
7602,MF_hmm_07_3_stdmeanP,"hmm,model",0.00146169723557975,0.00596537312541265
7603,MF_hmm_07_3_maxP,"hmm,model",0.000357259343652894,0.00177578172707076
7604,MF_hmm_07_3_stdP,"hmm,model",0.00605931502191424,0.0202825490563651
7605,MF_hmm_07_3_LLtrainpersample,"hmm,model",0.010943570085506,0.0335013994892076
7614,MF_hmm_08_2_Pmeandiag,"hmm,model",0.000108887185280847,0.000637241588446412
7616,MF_hmm_08_2_maxP,"hmm,model",0.000357259343652894,0.00177578172707076
7617,MF_hmm_08_2_stdP,"hmm,model",0.000108887185280847,0.000637241588446412
7618,MF_hmm_08_2_LLtrainpersample,"hmm,model",0.00298168202047877,0.0109979566153177
7622,MF_hmm_CompareNStates_06_24_meanLLtrain,"hmm,model",0.000242716287295376,0.00126773683783955
7623,MF_hmm_CompareNStates_06_24_maxLLtrain,"hmm,model",0.000155349545893666,0.00086085494454982
7626,MF_hmm_CompareNStates_06_24_chLLtrain,"hmm,model",0.000686926233975337,0.00310737740917543
7627,MF_hmm_CompareNStates_06_24_chLLtest,"hmm,model",0.00078726537066868,0.00349879277829132
7628,MF_hmm_CompareNStates_06_24_meandiffLLtt,"hmm,model",0.00350474766316831,0.0127352331838385
7629,MF_hmm_CompareNStates_06_24_LLtestdiff1,"hmm,model",0.00134038555683954,0.0055404165236963
7631,MD_hrv_classic_pnn5,medical,0.00014043390410126,0.000793190681049683
7632,MD_hrv_classic_pnn10,medical,1.08569183243311e-05,9.75868870206269e-05
7633,MD_hrv_classic_pnn20,medical,1.04550591732956e-05,9.41088004012509e-05
7634,MD_hrv_classic_pnn30,medical,1.31540392168145e-05,0.000110678054762592
7635,MD_hrv_classic_pnn40,medical,6.18178925154075e-06,6.41982886693683e-05
7638,MD_hrv_classic_lf,"medical,FourierSpectrum",0.00134038555683954,0.0055404165236963
7641,MD_hrv_classic_SD2,medical,1.45796399486326e-07,1.26328189301646e-05
7642,CP_ML_StepDetect_l1pwc_10_E,stepdetection,0.000942271767787704,0.00409530248095477
7645,CP_ML_StepDetect_l1pwc_10_nsegments,stepdetection,0.00122842305321242,0.00513145154089262
7646,CP_ML_StepDetect_l1pwc_10_rmsoff,stepdetection,0.000901068977688017,0.00394523596218587
7647,CP_ML_StepDetect_l1pwc_10_rmsoffpstep,stepdetection,0.000598582921400376,0.00275340380122754
7650,CP_ML_StepDetect_l1pwc_10_pshort_3,stepdetection,0.000474463308048828,0.0022495777032021
7651,CP_ML_StepDetect_l1pwc_10_meanstepint,stepdetection,0.00112515380607429,0.00475325547735852
7652,CP_ML_StepDetect_l1pwc_10_meanstepintgt3,stepdetection,0.00982277183238884,0.030464766334558
7653,CP_ML_StepDetect_l1pwc_10_meanerrstepint,stepdetection,0.00704859648267514,0.0230570342499912
7656,CP_ML_StepDetect_l1pwc_10_medianstepint,stepdetection,0.000393883579318084,0.00192704166983502
7657,CP_ML_StepDetect_l1pwc_005_E,stepdetection,0.00444695290880556,0.0156304444906629
7660,CP_ML_StepDetect_l1pwc_005_rmsoffpstep,stepdetection,0.00205509104458358,0.00793941218912382
7670,CP_ML_StepDetect_l1pwc_02_E,"stepdetection,lengthDependent",1.84801124407888e-05,0.000145643819491684
7672,CP_ML_StepDetect_l1pwc_02_rmsoff,stepdetection,1.65101028457949e-05,0.000131876305726603
7673,CP_ML_StepDetect_l1pwc_02_rmsoffpstep,stepdetection,0.000340582796086869,0.00170483681908551
7676,CP_ML_StepDetect_l1pwc_02_pshort_3,stepdetection,0.000393939154273337,0.00192704166983502
7682,CP_ML_StepDetect_l1pwc_02_medianstepint,stepdetection,0.00103926164103327,0.00444869210612493
7684,CP_l1pwc_sweep_lambda_0_005_095_rmserrsu02,stepdetection,0.00260609604055771,0.00981680255744867
7685,CP_l1pwc_sweep_lambda_0_005_095_rmserrsu01,stepdetection,0.000264868226064188,0.00137332626277287
7688,CP_l1pwc_sweep_lambda_0_005_095_corrsegerr,stepdetection,6.47159490551713e-05,0.000410949173364664
7689,CP_l1pwc_sweep_lambda_0_005_095_bestrmserrpseg,stepdetection,0.00462463008225427,0.0161270900557667
7693,ST_MomentCorr_002_02_mean_std_none_density,"statistics,stationarity",0.00205509104458358,0.00793941218912382
7697,ST_MomentCorr_002_02_median_iqr_none_density,"statistics,stationarity",0.00112515380607429,0.00475325547735852
7701,ST_MomentCorr_002_02_mean_std_abs_density,"statistics,stationarity",0.00253079653773657,0.00953822520837697
7709,ST_MomentCorr_002_02_mean_std_sqrt_density,"statistics,stationarity",0.0140114417696054,0.0411183932444398
7735,MD_pNN_raw_pnn5,"medical,raw,spreadDependent",0.000713511087486582,0.00322147303853744
7736,MD_pNN_raw_pnn10,"medical,raw,spreadDependent",0.000510765262377693,0.0024072146219568
7737,MD_pNN_raw_pnn20,"medical,raw,spreadDependent",7.53209227580698e-05,0.000467902134296801
7738,MD_pNN_raw_pnn30,"medical,raw,spreadDependent",1.47412616174406e-05,0.000121018250755215
7739,MD_pNN_raw_pnn40,"medical,raw,spreadDependent",5.90483943595818e-06,6.25119792824647e-05
7740,MD_pNN_raw_pnn50,"medical,raw,spreadDependent",2.99025061209086e-06,3.97612426222187e-05
7741,MD_pNN_raw_pnn60,"medical,raw,spreadDependent",3.39893536496135e-06,4.28979511453218e-05
7742,MD_pNN_raw_pnn70,"medical,raw,spreadDependent",6.95480101290475e-06,7.00715960007577e-05
7743,MD_pNN_raw_pnn80,"medical,raw,spreadDependent",4.32549215748757e-06,5.02139375991152e-05
7744,MD_pNN_raw_pnn90,"medical,raw,spreadDependent",4.92706805669484e-06,5.5135150618872e-05
7745,MD_pNN_raw_pnn100,"medical,raw,spreadDependent",5.82681221138167e-06,6.17781450154413e-05
7749,MD_rawHRVmeas_SD1,"medical,raw,spreadDependent",1.56039295066102e-07,1.26328189301646e-05
7750,MD_rawHRVmeas_SD2,"medical,raw,spreadDependent",0.0160861401361776,0.0461752294560534
7751,NL_nsamdf_1_14_05_1_7_L,"nonlinear,raw,spreadDependent",2.49919961928664e-07,1.26328189301646e-05
7752,NL_nsamdf_z_1_14_05_1_7_L,nonlinear,2.49919961928664e-07,1.26328189301646e-05
7753,CR_RAD_1,criticality,0.00013352242572232,0.000759482410303461
7754,CR_RAD_2,criticality,0.000571568005964199,0.00264457395062235
