FeatureID,FeatureName,Keywords,P,PFDR
13,rms,"distribution,location,raw,locationDependent,spreadDependent",0.000171721588064445,0.000761827194929294
16,standard_deviation,"distribution,spread,raw,spreadDependent",0.000163342672991421,0.00072737575782663
17,mean_absolute_deviation,"distribution,spread,raw,spreadDependent",0.00122842305321242,0.00422088770963764
18,interquartile_range,"distribution,spread,raw,spreadDependent",0.00947257968258233,0.0252933872500022
19,median_absolute_deviation,"distribution,spread,raw,spreadDependent",0.010943570085506,0.0285463507069137
21,DN_Moments_4,"distribution,moment,shape",0.0130655617316131,0.0333122670305121
23,DN_Moments_6,"distribution,moment,shape",0.00880542419332382,0.023716653504804
25,DN_Moments_8,"distribution,moment,shape",0.00540141912727418,0.0155487453518135
27,DN_Moments_10,"distribution,moment,shape",0.00253079653773657,0.00798277844083928
30,DN_Moments_raw_4,"distribution,moment,shape,raw,spreadDependent",3.21794070598959e-05,0.000178757736641857
32,DN_Moments_raw_6,"distribution,moment,shape,raw,spreadDependent",4.22259746751932e-05,0.000224741986378964
34,DN_Moments_raw_8,"distribution,moment,shape,raw,spreadDependent",2.06727974704263e-05,0.00012562564201499
36,DN_Moments_raw_10,"distribution,moment,shape,raw,spreadDependent",2.18599433306592e-05,0.000131270343241325
45,DN_HistogramMode_abs_5,distribution,0.0145066650137748,0.0363868270137546
46,DN_HistogramMode_abs_10,distribution,0.0145066650137748,0.0363868270137546
49,DN_HistogramAsymmetry_11_modeProbPos,distribution,0.00848785630958759,0.0230093659043906
65,DN_Withinp_median_25,"distribution,spread",0.0117061263505387,0.0303892416496542
85,quantile_80,distribution,0.0160861401361776,0.039691044802025
98,ST_SimpleStats_zcross,noisiness,2.35690423947498e-06,2.62468396996932e-05
103,AC_1,correlation,1.18773136379583e-06,2.0614381426271e-05
104,AC_2,correlation,3.72030155408931e-07,2.00475224311821e-05
105,AC_3,correlation,4.83557438253742e-07,2.00475224311821e-05
106,AC_4,correlation,9.82136182665932e-07,2.00475224311821e-05
107,AC_5,correlation,4.32549215748757e-06,3.92104486530975e-05
108,AC_6,correlation,2.72896655970471e-05,0.000156481273479925
109,AC_7,correlation,0.000392927991788058,0.00158238573263374
110,AC_8,correlation,0.00286256220704461,0.00889131063523766
115,AC_13,correlation,0.0172213319317616,0.0419250763005186
116,AC_14,correlation,0.00242827797978465,0.00770380120559409
117,AC_15,correlation,0.000861541430768804,0.00310102621211472
118,AC_16,correlation,0.00152607557784433,0.00511037826444246
119,AC_17,correlation,0.00605931502191424,0.0172059400223231
125,AC_23,correlation,0.00561318037248673,0.0160802703424378
126,AC_24,correlation,0.0135312008308029,0.0342662011074709
143,pAC_1,correlation,1.18773136379583e-06,2.0614381426271e-05
147,pAC_5,correlation,0.0150172581412796,0.0374169499066335
154,pAC_12,correlation,0.00629414882979977,0.0178017341307055
155,pAC_13,correlation,0.0126141510785048,0.0323467744413117
156,pAC_14,correlation,0.000324636730799297,0.00133455515676938
157,pAC_15,correlation,0.000942271767787704,0.00333924596592495
158,pAC_16,correlation,0.017814839449509,0.0431779283115484
163,firstZero_acf_tau,"correlation,timescale",0.000364950958833367,0.00147892427281221
164,firstZero_acf_point,"correlation,timescale",0.00018970647056619,0.000828699352086562
165,firstCrossing_1e_acf_tau,"correlation,timescale",0.000118042048050261,0.000550811287820103
166,firstCrossing_1e_acf_point,"correlation,timescale",4.59245894147181e-06,4.08499222843917e-05
167,firstMin_acf,"correlation,timescale",0.000146274221491192,0.000664679029458059
168,firstMin_mi-gaussian,"correlation,AMI",0.000238280362583929,0.00101472355484574
169,firstMin_mi-kraskov1_4,"correlation,AMI",0.000762513277476257,0.00280126199407385
170,firstMin_mi-kraskov2_4,"correlation,AMI",7.98952068953311e-05,0.000390745218053042
171,firstMin_mi-hist_5,"correlation,AMI",0.000247744915419622,0.00105125391659274
172,firstMin_mi-hist_10,"correlation,AMI",8.48429378964954e-05,0.000412110816431032
173,firstMax_acf,correlation,5.09225112313167e-05,0.000264886396141849
174,firstMax_mi-gaussian,"correlation,AMI",0.000611909589878292,0.00232977455407915
176,firstMax_mi-kraskov2_4,"correlation,AMI",0.000420359322992902,0.00168049266427949
177,firstMax_mi-hist_5,"correlation,AMI",0.000318562367481236,0.00131795919011423
178,firstMax_mi-hist_10,"correlation,AMI",7.3508536414901e-05,0.000364013044626608
179,AC_nl_12,"correlation,nonlinearautocorr",1.26503510150617e-06,2.12559620018051e-05
180,AC_nl_123,"correlation,nonlinearautocorr",9.82136182665932e-07,2.00475224311821e-05
181,AC_nl_1234,"correlation,nonlinearautocorr",2.66442794601493e-06,2.79647039289709e-05
182,AC_nl_12345,"correlation,nonlinearautocorr",3.0102618480377e-06,3.05578078611074e-05
183,AC_nl_123456,"correlation,nonlinearautocorr",6.55740619856895e-06,5.21951929631058e-05
184,AC_nl_1234567,"correlation,nonlinearautocorr",9.3125620761273e-06,6.74142337067364e-05
185,AC_nl_12345678,"correlation,nonlinearautocorr",2.06727974704263e-05,0.00012562564201499
186,AC_nl_13,"correlation,nonlinearautocorr",7.60661190228156e-07,2.00475224311821e-05
187,AC_nl_24,"correlation,nonlinearautocorr",1.34716678791654e-06,2.12559620018051e-05
188,AC_nl_135,"correlation,nonlinearautocorr",2.66442794601493e-06,2.79647039289709e-05
189,AC_nl_246,"correlation,nonlinearautocorr",3.39893536496135e-06,3.29970314557503e-05
190,AC_nl_1357,"correlation,nonlinearautocorr",1.39260980630824e-05,9.20131047510622e-05
191,AC_nl_2468,"correlation,nonlinearautocorr",1.95471950625266e-05,0.00011970554222456
192,AC_nl_124,"correlation,nonlinearautocorr",8.11026050600951e-07,2.00475224311821e-05
193,AC_nl_134,"correlation,nonlinearautocorr",1.72998018997263e-06,2.30966961197847e-05
194,AC_nl_14,"correlation,nonlinearautocorr",2.35690423947498e-06,2.62468396996932e-05
195,AC_nl_11,"correlation,nonlinearautocorr",1.24229200737778e-05,8.44331415902605e-05
196,AC_nl_22,"correlation,nonlinearautocorr",1.1149831476865e-06,2.05549742977646e-05
197,AC_nl_33,"correlation,nonlinearautocorr",1.72998018997263e-06,2.30966961197847e-05
198,AC_nl_44,"correlation,nonlinearautocorr",1.95471950625266e-05,0.00011970554222456
199,AC_nl_55,"correlation,nonlinearautocorr",0.000752398562734347,0.00276696029582306
201,AC_nl_011,"correlation,nonlinearautocorr",9.32965976131512e-05,0.000446168406327409
202,AC_nl_022,"correlation,nonlinearautocorr",2.66442794601493e-06,2.79647039289709e-05
203,AC_nl_033,"correlation,nonlinearautocorr",3.19894145993939e-06,3.19266022846124e-05
204,AC_nl_044,"correlation,nonlinearautocorr",1.84801124407888e-05,0.000114750855260605
205,AC_nl_055,"correlation,nonlinearautocorr",0.00082362694217216,0.00298266123180514
207,AC_nl_001,"correlation,nonlinearautocorr",0.000199349058622623,0.00086656560852693
208,AC_nl_002,"correlation,nonlinearautocorr",1.62549066485909e-06,2.26803756296809e-05
209,AC_nl_003,"correlation,nonlinearautocorr",7.13316180766304e-07,2.00475224311821e-05
210,AC_nl_004,"correlation,nonlinearautocorr",9.82136182665932e-07,2.00475224311821e-05
211,AC_nl_005,"correlation,nonlinearautocorr",2.50614204546602e-06,2.69391341322299e-05
212,AC_nl_006,"correlation,nonlinearautocorr",1.47412616174406e-05,9.51894897184276e-05
213,AC_nl_012,"correlation,nonlinearautocorr",3.19894145993939e-06,3.19266022846124e-05
214,AC_nl_013,"correlation,nonlinearautocorr",7.13316180766304e-07,2.00475224311821e-05
215,AC_nl_023,"correlation,nonlinearautocorr",1.34716678791654e-06,2.12559620018051e-05
216,AC_nl_014,"correlation,nonlinearautocorr",1.1149831476865e-06,2.05549742977646e-05
217,AC_nl_024,"correlation,nonlinearautocorr",1.34716678791654e-06,2.12559620018051e-05
218,AC_nl_034,"correlation,nonlinearautocorr",4.87516924146122e-06,4.27237737958596e-05
219,AC_nl_015,"correlation,nonlinearautocorr",1.84090878581554e-06,2.3560983668819e-05
220,AC_nl_025,"correlation,nonlinearautocorr",1.84090878581554e-06,2.3560983668819e-05
221,AC_nl_035,"correlation,nonlinearautocorr",5.82681221138167e-06,4.8157486290583e-05
222,AC_nl_045,"correlation,nonlinearautocorr",5.2337595654733e-05,0.000270467923514219
223,AC_nl_016,"correlation,nonlinearautocorr",9.3125620761273e-06,6.74142337067364e-05
224,AC_nl_026,"correlation,nonlinearautocorr",5.82681221138167e-06,4.8157486290583e-05
225,AC_nl_036,"correlation,nonlinearautocorr",8.28993397906581e-06,6.22926823601186e-05
226,AC_nl_046,"correlation,nonlinearautocorr",3.78942790951893e-05,0.000206791173344607
227,AC_nl_056,"correlation,nonlinearautocorr",0.00107658530464083,0.00375538285677654
228,AC_nl_112,"correlation,nonlinearautocorr",6.55740619856895e-06,5.21951929631058e-05
229,AC_nl_113,"correlation,nonlinearautocorr",9.21562980967866e-07,2.00475224311821e-05
230,AC_nl_122,"correlation,nonlinearautocorr",3.83548211191478e-06,3.62942695590234e-05
231,AC_nl_133,"correlation,nonlinearautocorr",1.62549066485909e-06,2.26803756296809e-05
232,AC_nl_223,"correlation,nonlinearautocorr",8.11026050600951e-07,2.00475224311821e-05
233,AC_nl_233,"correlation,nonlinearautocorr",8.64595004250958e-07,2.00475224311821e-05
235,RM_ami_1,"information,correlation,AMI",1.72998018997263e-06,2.30966961197847e-05
236,RM_ami_2,"information,correlation,AMI",6.26998872165287e-07,2.00475224311821e-05
237,RM_ami_3,"information,correlation,AMI",1.04653269791364e-06,2.00475224311821e-05
238,RM_ami_4,"information,correlation,AMI",1.56018019057256e-05,9.98403078787259e-05
239,RM_ami_5,"information,correlation,AMI",0.0101844541042579,0.0268516396464984
245,CO_HistogramAMI_std1_2bin_ami1,"information,correlation,AMI",1.52708182821975e-06,2.20420168146283e-05
246,CO_HistogramAMI_std1_2bin_ami2,"information,correlation,AMI",6.68816911061285e-07,2.00475224311821e-05
247,CO_HistogramAMI_std1_2bin_ami3,"information,correlation,AMI",1.04653269791364e-06,2.00475224311821e-05
248,CO_HistogramAMI_std1_2bin_ami4,"information,correlation,AMI",8.7870425947142e-06,6.53381349048968e-05
249,CO_HistogramAMI_std1_2bin_ami5,"information,correlation,AMI",0.0135312008308029,0.0342662011074709
250,CO_HistogramAMI_std1_5bin_ami1,"information,correlation,AMI",1.52708182821975e-06,2.20420168146283e-05
251,CO_HistogramAMI_std1_5bin_ami2,"information,correlation,AMI",7.60661190228156e-07,2.00475224311821e-05
252,CO_HistogramAMI_std1_5bin_ami3,"information,correlation,AMI",1.04653269791364e-06,2.00475224311821e-05
253,CO_HistogramAMI_std1_5bin_ami4,"information,correlation,AMI",6.55740619856895e-06,5.21951929631058e-05
254,CO_HistogramAMI_std1_5bin_ami5,"information,correlation,AMI",0.0126141510785048,0.0323467744413117
255,CO_HistogramAMI_std1_10bin_ami1,"information,correlation,AMI",1.43441430774462e-06,2.17639492833918e-05
256,CO_HistogramAMI_std1_10bin_ami2,"information,correlation,AMI",7.13316180766304e-07,2.00475224311821e-05
257,CO_HistogramAMI_std1_10bin_ami3,"information,correlation,AMI",1.04653269791364e-06,2.00475224311821e-05
258,CO_HistogramAMI_std1_10bin_ami4,"information,correlation,AMI",6.55740619856895e-06,5.21951929631058e-05
259,CO_HistogramAMI_std1_10bin_ami5,"information,correlation,AMI",0.00880542419332382,0.023716653504804
260,CO_HistogramAMI_std2_2bin_ami1,"information,correlation,AMI",8.11026050600951e-07,2.00475224311821e-05
261,CO_HistogramAMI_std2_2bin_ami2,"information,correlation,AMI",2.67153931978667e-07,2.00475224311821e-05
262,CO_HistogramAMI_std2_2bin_ami3,"information,correlation,AMI",6.68816911061285e-07,2.00475224311821e-05
263,CO_HistogramAMI_std2_2bin_ami4,"information,correlation,AMI",6.95480101290475e-06,5.46854850915251e-05
264,CO_HistogramAMI_std2_2bin_ami5,"information,correlation,AMI",0.00731756136170696,0.02029297219404
265,CO_HistogramAMI_std2_5bin_ami1,"information,correlation,AMI",1.04653269791364e-06,2.00475224311821e-05
266,CO_HistogramAMI_std2_5bin_ami2,"information,correlation,AMI",5.87706654304219e-07,2.00475224311821e-05
267,CO_HistogramAMI_std2_5bin_ami3,"information,correlation,AMI",9.82136182665932e-07,2.00475224311821e-05
268,CO_HistogramAMI_std2_5bin_ami4,"information,correlation,AMI",5.17450467954947e-06,4.40979344906276e-05
269,CO_HistogramAMI_std2_5bin_ami5,"information,correlation,AMI",0.00731756136170696,0.02029297219404
270,CO_HistogramAMI_std2_10bin_ami1,"information,correlation,AMI",9.21562980967866e-07,2.00475224311821e-05
271,CO_HistogramAMI_std2_10bin_ami2,"information,correlation,AMI",7.13316180766304e-07,2.00475224311821e-05
272,CO_HistogramAMI_std2_10bin_ami3,"information,correlation,AMI",1.04653269791364e-06,2.00475224311821e-05
273,CO_HistogramAMI_std2_10bin_ami4,"information,correlation,AMI",5.49139337197368e-06,4.61900180082325e-05
274,CO_HistogramAMI_std2_10bin_ami5,"information,correlation,AMI",0.00848785630958759,0.0230093659043906
275,CO_HistogramAMI_even_2bin_ami1,"information,correlation,AMI",0.000126913156158702,0.000584161720068128
276,CO_HistogramAMI_even_2bin_ami2,"information,correlation,AMI",6.18178925154075e-06,5.01020641389112e-05
277,CO_HistogramAMI_even_2bin_ami3,"information,correlation,AMI",2.0836178159175e-06,2.48358867304337e-05
278,CO_HistogramAMI_even_2bin_ami4,"information,correlation,AMI",1.39260980630824e-05,9.20131047510622e-05
280,CO_HistogramAMI_even_5bin_ami1,"information,correlation,AMI",1.65101028457949e-05,0.000103969815797059
281,CO_HistogramAMI_even_5bin_ami2,"information,correlation,AMI",1.1149831476865e-06,2.05549742977646e-05
282,CO_HistogramAMI_even_5bin_ami3,"information,correlation,AMI",1.34716678791654e-06,2.12559620018051e-05
283,CO_HistogramAMI_even_5bin_ami4,"information,correlation,AMI",1.31540392168145e-05,8.81394944132314e-05
284,CO_HistogramAMI_even_5bin_ami5,"information,correlation,AMI",0.010943570085506,0.0285463507069137
285,CO_HistogramAMI_even_10bin_ami1,"information,correlation,AMI",3.61088889258424e-06,3.45828874288418e-05
286,CO_HistogramAMI_even_10bin_ami2,"information,correlation,AMI",8.11026050600951e-07,2.00475224311821e-05
287,CO_HistogramAMI_even_10bin_ami3,"information,correlation,AMI",1.26503510150617e-06,2.12559620018051e-05
288,CO_HistogramAMI_even_10bin_ami4,"information,correlation,AMI",1.24229200737778e-05,8.44331415902605e-05
289,CO_HistogramAMI_even_10bin_ami5,"information,correlation,AMI",0.0091335656357516,0.0244800199864438
290,CO_HistogramAMI_quantiles_2bin_ami1,"information,correlation,AMI",1.52708182821975e-06,2.20420168146283e-05
291,CO_HistogramAMI_quantiles_2bin_ami2,"information,correlation,AMI",6.68816911061285e-07,2.00475224311821e-05
292,CO_HistogramAMI_quantiles_2bin_ami3,"information,correlation,AMI",9.82136182665932e-07,2.00475224311821e-05
293,CO_HistogramAMI_quantiles_2bin_ami4,"information,correlation,AMI",1.10753480969413e-05,7.72668402527787e-05
295,CO_HistogramAMI_quantiles_5bin_ami1,"information,correlation,AMI",2.0836178159175e-06,2.48358867304337e-05
296,CO_HistogramAMI_quantiles_5bin_ami2,"information,correlation,AMI",8.11026050600951e-07,2.00475224311821e-05
297,CO_HistogramAMI_quantiles_5bin_ami3,"information,correlation,AMI",1.1149831476865e-06,2.05549742977646e-05
298,CO_HistogramAMI_quantiles_5bin_ami4,"information,correlation,AMI",7.3751706263707e-06,5.71074147739433e-05
299,CO_HistogramAMI_quantiles_5bin_ami5,"information,correlation,AMI",0.017814839449509,0.0431779283115484
300,CO_HistogramAMI_quantiles_10bin_ami1,"information,correlation,AMI",1.72998018997263e-06,2.30966961197847e-05
301,CO_HistogramAMI_quantiles_10bin_ami2,"information,correlation,AMI",7.13316180766304e-07,2.00475224311821e-05
302,CO_HistogramAMI_quantiles_10bin_ami3,"information,correlation,AMI",9.82136182665932e-07,2.00475224311821e-05
303,CO_HistogramAMI_quantiles_10bin_ami4,"information,correlation,AMI",7.8197737788281e-06,5.93868838955611e-05
304,CO_HistogramAMI_quantiles_10bin_ami5,"information,correlation,AMI",0.00880542419332382,0.023716653504804
305,IN_AutoMutualInfoStats_40_gaussian_ami1,"information,correlation,AMI",7.13316180766304e-07,2.00475224311821e-05
306,IN_AutoMutualInfoStats_40_gaussian_ami2,"information,correlation,AMI",4.24272170812157e-07,2.00475224311821e-05
307,IN_AutoMutualInfoStats_40_gaussian_ami3,"information,correlation,AMI",1.1149831476865e-06,2.05549742977646e-05
308,IN_AutoMutualInfoStats_40_gaussian_ami4,"information,correlation,AMI",4.59245894147181e-06,4.08499222843917e-05
309,IN_AutoMutualInfoStats_40_gaussian_ami5,"information,correlation,AMI",0.00704859648267514,0.0196312377967578
319,IN_AutoMutualInfoStats_40_gaussian_ami15,"information,correlation,AMI",0.0117525566357291,0.0303892416496542
320,IN_AutoMutualInfoStats_40_gaussian_ami16,"information,correlation,AMI",0.0135312008308029,0.0342662011074709
335,IN_AutoMutualInfoStats_40_gaussian_ami31,"information,correlation,AMI",0.00982277183238884,0.0260913939377675
346,IN_AutoMutualInfoStats_40_gaussian_stdami,"information,correlation,AMI",5.16120692670543e-07,2.00475224311821e-05
347,IN_AutoMutualInfoStats_40_gaussian_pextrema,"information,correlation,AMI",0.000726493502119939,0.00269396965142547
348,IN_AutoMutualInfoStats_40_gaussian_fmmi,"information,correlation,AMI",0.000238280362583929,0.00101472355484574
349,IN_AutoMutualInfoStats_40_gaussian_pmaxima,"information,correlation,AMI",0.000859465620630106,0.00310102621211472
352,IN_AutoMutualInfoStats_40_gaussian_pminima,"information,correlation,AMI",0.0016793813580736,0.00556612843225511
355,IN_AutoMutualInfoStats_40_gaussian_pcrossmean,"information,correlation,AMI",0.000883189150286005,0.0031773377115446
356,IN_AutoMutualInfoStats_40_gaussian_pcrossmedian,"information,correlation,AMI",0.00249801955808154,0.00790743201748586
358,IN_AutoMutualInfoStats_40_gaussian_pcrossq90,"information,correlation,AMI",0.00234307771037584,0.00747348318558247
359,IN_AutoMutualInfoStats_40_gaussian_amiac1,"information,correlation,AMI",9.82136182665932e-07,2.00475224311821e-05
360,IN_AutoMutualInfoStats_40_kraskov1_4_ami1,"information,correlation,AMI",8.11026050600951e-07,2.00475224311821e-05
361,IN_AutoMutualInfoStats_40_kraskov1_4_ami2,"information,correlation,AMI",4.5298014109361e-07,2.00475224311821e-05
362,IN_AutoMutualInfoStats_40_kraskov1_4_ami3,"information,correlation,AMI",1.43441430774462e-06,2.17639492833918e-05
363,IN_AutoMutualInfoStats_40_kraskov1_4_ami4,"information,correlation,AMI",2.66442794601493e-06,2.79647039289709e-05
364,IN_AutoMutualInfoStats_40_kraskov1_4_ami5,"information,correlation,AMI",0.0130655617316131,0.0333122670305121
400,IN_AutoMutualInfoStats_40_kraskov1_4_mami,"information,correlation,AMI",0.0027478022249797,0.00857979843482033
401,IN_AutoMutualInfoStats_40_kraskov1_4_stdami,"information,correlation,AMI",5.87706654304219e-07,2.00475224311821e-05
403,IN_AutoMutualInfoStats_40_kraskov1_4_fmmi,"information,correlation,AMI",0.000108677348984481,0.000513479927407893
410,IN_AutoMutualInfoStats_40_kraskov1_4_pcrossmean,"information,correlation,AMI",0.000144487641262714,0.000656980226981134
412,IN_AutoMutualInfoStats_40_kraskov1_4_pcrossq10,"information,correlation,AMI",0.0123242724447084,0.0317292050349294
413,IN_AutoMutualInfoStats_40_kraskov1_4_pcrossq90,"information,correlation,AMI",0.000651818032091576,0.0024619623759892
414,IN_AutoMutualInfoStats_40_kraskov1_4_amiac1,"information,correlation,AMI",1.04653269791364e-06,2.00475224311821e-05
415,IN_AutoMutualInfoStats_diff_20_gaussian_ami1,"information,correlation,AMI",0.00395041253231895,0.0118562360101146
418,IN_AutoMutualInfoStats_diff_20_gaussian_ami4,"information,correlation,AMI",0.00214310157010038,0.00690684364711699
419,IN_AutoMutualInfoStats_diff_20_gaussian_ami5,"information,correlation,AMI",0.00540141912727418,0.0155487453518135
422,IN_AutoMutualInfoStats_diff_20_gaussian_ami8,"information,correlation,AMI",0.0150172581412796,0.0374169499066335
423,IN_AutoMutualInfoStats_diff_20_gaussian_ami9,"information,correlation,AMI",0.0117525566357291,0.0303892416496542
424,IN_AutoMutualInfoStats_diff_20_gaussian_ami10,"information,correlation,AMI",0.00499939877018464,0.0145623093117617
425,IN_AutoMutualInfoStats_diff_20_gaussian_ami11,"information,correlation,AMI",0.000452716478387203,0.00178874539711457
436,IN_AutoMutualInfoStats_diff_20_gaussian_stdami,"information,correlation,AMI",0.0091335656357516,0.0244800199864438
438,IN_AutoMutualInfoStats_diff_20_gaussian_fmmi,"information,correlation,AMI",0.0188228226896492,0.0453429946714771
446,IN_AutoMutualInfoStats_diff_20_gaussian_pcrossmedian,"information,correlation,AMI",0.00057797880232695,0.00222078680202947
450,IN_AutoMutualInfoStats_diff_20_kraskov1_4_ami1,"information,correlation,AMI",0.0027478022249797,0.00857979843482033
471,IN_AutoMutualInfoStats_diff_20_kraskov1_4_stdami,"information,correlation,AMI",0.00444695290880556,0.0131359555413285
480,IN_AutoMutualInfoStats_diff_20_kraskov1_4_pcrossmean,"information,correlation,AMI",0.0101537932866045,0.0268516396464984
482,IN_AutoMutualInfoStats_diff_20_kraskov1_4_pcrossq10,"information,correlation,AMI",0.00439221892429285,0.0130229291105283
485,CO_CompareMinAMI_std1_2_80_min,"correlation,AMI",1.04801550652048e-06,2.00475224311821e-05
486,CO_CompareMinAMI_std1_2_80_max,"correlation,AMI",0.000727743455229288,0.00269719918094355
488,CO_CompareMinAMI_std1_2_80_median,"correlation,AMI",5.04228985433209e-05,0.00026247940456055
489,CO_CompareMinAMI_std1_2_80_mean,"correlation,AMI",2.31118018635252e-05,0.000137626428502799
492,CO_CompareMinAMI_std1_2_80_mode,"correlation,AMI",6.62642055606651e-05,0.000332536027341109
494,CO_CompareMinAMI_std1_2_80_conv4,"correlation,AMI",2.50634651422701e-05,0.000147886913725036
496,CO_CompareMinAMI_quantiles_2_80_min,"correlation,AMI",4.33492353414517e-05,0.000230375771986386
497,CO_CompareMinAMI_quantiles_2_80_max,"correlation,AMI",0.000613061058944228,0.00233291042537279
498,CO_CompareMinAMI_quantiles_2_80_range,"correlation,AMI",0.010810645442902,0.0283346419785232
499,CO_CompareMinAMI_quantiles_2_80_median,"correlation,AMI",5.42840577668988e-05,0.000279714232490407
500,CO_CompareMinAMI_quantiles_2_80_mean,"correlation,AMI",1.84801124407888e-05,0.000114750855260605
501,CO_CompareMinAMI_quantiles_2_80_std,"correlation,AMI",0.0210589482429528,0.0496045930807191
502,CO_CompareMinAMI_quantiles_2_80_nunique,"correlation,AMI",0.0138214236055597,0.0349762625807835
503,CO_CompareMinAMI_quantiles_2_80_mode,"correlation,AMI",0.000265994135314163,0.0011226656387281
505,CO_CompareMinAMI_quantiles_2_80_conv4,"correlation,AMI",1.50127850645101e-05,9.68549215947905e-05
507,CO_CompareMinAMI_even_2_80_min,"correlation,AMI",1.28874115531972e-06,2.12559620018051e-05
508,CO_CompareMinAMI_even_2_80_max,"correlation,AMI",0.00286087357613104,0.00889131063523766
510,CO_CompareMinAMI_even_2_80_median,"correlation,AMI",4.7164758694187e-05,0.000248059440404904
511,CO_CompareMinAMI_even_2_80_mean,"correlation,AMI",2.46489682571702e-05,0.000145561873956865
514,CO_CompareMinAMI_even_2_80_mode,"correlation,AMI",3.32446487207256e-05,0.000184531139076976
516,CO_CompareMinAMI_even_2_80_conv4,"correlation,AMI",5.51286675685149e-05,0.000282809496066935
518,CO_CompareMinAMI_std2_2_80_min,"correlation,AMI",5.55154833015577e-06,4.66408712129734e-05
519,CO_CompareMinAMI_std2_2_80_max,"correlation,AMI",0.00156220875174215,0.00522891696961295
521,CO_CompareMinAMI_std2_2_80_median,"correlation,AMI",3.1968368881756e-05,0.000178701424165417
522,CO_CompareMinAMI_std2_2_80_mean,"correlation,AMI",1.24204909592872e-05,8.44331415902605e-05
525,CO_CompareMinAMI_std2_2_80_mode,"correlation,AMI",4.20090307884473e-05,0.000224741986378964
526,CO_CompareMinAMI_std2_2_80_modef,"correlation,AMI",0.00636010707562043,0.0179811370481188
527,CO_CompareMinAMI_std2_2_80_conv4,"correlation,AMI",2.28396436276105e-06,2.62468396996932e-05
529,CO_glscf_1_1_1,"correlation,glscf",8.64595004250958e-07,2.00475224311821e-05
530,CO_glscf_1_1_2,"correlation,glscf",5.16120692670543e-07,2.00475224311821e-05
531,CO_glscf_1_1_3,"correlation,glscf",1.26503510150617e-06,2.12559620018051e-05
532,CO_glscf_1_1_4,"correlation,glscf",1.74686653178146e-05,0.000109041247720674
533,CO_glscf_1_1_5,"correlation,glscf",0.000985214086551646,0.00347240388306167
534,CO_glscf_1_1_tau,"correlation,glscf",0.00848785630958759,0.0230093659043906
535,CO_glscf_1_2_1,"correlation,glscf",1.04653269791364e-06,2.00475224311821e-05
536,CO_glscf_1_2_2,"correlation,glscf",4.24272170812157e-07,2.00475224311821e-05
537,CO_glscf_1_2_3,"correlation,glscf",1.84090878581554e-06,2.3560983668819e-05
538,CO_glscf_1_2_4,"correlation,glscf",1.95471950625266e-05,0.00011970554222456
539,CO_glscf_1_2_5,"correlation,glscf",0.000901068977688017,0.00320921263524921
540,CO_glscf_1_2_tau,"correlation,glscf",0.0197042011871398,0.046988973072281
542,CO_glscf_1_5_2,"correlation,glscf",2.0836178159175e-06,2.48358867304337e-05
543,CO_glscf_1_5_3,"correlation,glscf",4.07343157778537e-06,3.7841434866215e-05
544,CO_glscf_1_5_4,"correlation,glscf",3.21794070598959e-05,0.000178757736641857
545,CO_glscf_1_5_5,"correlation,glscf",0.00444695290880556,0.0131359555413285
547,CO_glscf_1_10_1,"correlation,glscf",0.0160861401361776,0.039691044802025
548,CO_glscf_1_10_2,"correlation,glscf",2.72896655970471e-05,0.000156481273479925
549,CO_glscf_1_10_3,"correlation,glscf",3.21794070598959e-05,0.000178757736641857
550,CO_glscf_1_10_4,"correlation,glscf",7.98313205736858e-05,0.000390701291060762
551,CO_glscf_1_10_5,"correlation,glscf",0.0091335656357516,0.0244800199864438
553,CO_glscf_2_2_1,"correlation,glscf",4.5298014109361e-07,2.00475224311821e-05
554,CO_glscf_2_2_2,"correlation,glscf",3.72030155408931e-07,2.00475224311821e-05
555,CO_glscf_2_2_3,"correlation,glscf",1.18773136379583e-06,2.0614381426271e-05
556,CO_glscf_2_2_4,"correlation,glscf",1.74686653178146e-05,0.000109041247720674
557,CO_glscf_2_2_5,"correlation,glscf",0.00107658530464083,0.00375538285677654
559,CO_glscf_2_5_1,"correlation,glscf",1.65101028457949e-05,0.000103969815797059
560,CO_glscf_2_5_2,"correlation,glscf",8.11026050600951e-07,2.00475224311821e-05
561,CO_glscf_2_5_3,"correlation,glscf",4.59245894147181e-06,4.08499222843917e-05
562,CO_glscf_2_5_4,"correlation,glscf",2.58231003683401e-05,0.000150620641164843
563,CO_glscf_2_5_5,"correlation,glscf",0.00561318037248673,0.0160802703424378
566,CO_fzcglscf_1_2,"correlation,glscf,tau",0.0190558322334121,0.0456877702739084
567,CO_fzcglscf_1_3,"correlation,glscf,tau",0.0197042011871398,0.046988973072281
568,CO_fzcglscf_1_4,"correlation,glscf,tau",0.00818056932224017,0.0223209092396707
575,CO_fzcglscf_2_2,"correlation,glscf,tau",0.01842619348603,0.0444176127529097
580,CO_fzcglscf_10_10,"correlation,glscf,tau",0.00540141912727418,0.0155487453518135
582,StatAvl25,"stationarity,StatAv",6.82179820007579e-05,0.000340181611715062
583,StatAvl50,"stationarity,StatAv",0.000942271767787704,0.00333924596592495
584,StatAvl100,"stationarity,StatAv",0.00350474766316831,0.0106443808668825
585,StatAvl150,"stationarity,StatAv",0.00678854239663417,0.0189961729038336
586,StatAvl200,"stationarity,StatAv",0.00411003277270197,0.0122834914786003
595,StatAv7,"stationarity,StatAv",0.00731756136170696,0.02029297219404
596,StatAv8,"stationarity,StatAv",0.00731756136170696,0.02029297219404
604,SY_SlidingWindow_m_s10_10,stationarity,0.0166452400339562,0.0408158263548009
609,SY_SlidingWindow_m_sampen10_10,stationarity,0.00870213261032646,0.0235722785135451
618,SY_SlidingWindow_m_ent10_10,stationarity,0.017814839449509,0.0431779283115484
625,SY_SlidingWindow_s_s10_1,stationarity,0.010943570085506,0.0285463507069137
626,SY_SlidingWindow_s_s10_2,stationarity,0.00704859648267514,0.0196312377967578
627,SY_SlidingWindow_s_s10_10,stationarity,0.0117525566357291,0.0303892416496542
631,SY_SlidingWindow_s_sampen10_2,stationarity,0.000155349545893666,0.000695700043158794
632,SY_SlidingWindow_s_sampen10_10,stationarity,5.52026967449372e-05,0.000282809496066935
639,SY_SlidingWindow_s_ent10_1,stationarity,0.00704859648267514,0.0196312377967578
640,SY_SlidingWindow_s_ent10_2,stationarity,0.000718970297700572,0.00266885374983686
641,SY_SlidingWindow_s_ent10_10,stationarity,0.00139983011578967,0.00476156362521954
646,SY_SlidingWindow_ent_s5_2,stationarity,0.00880542419332382,0.023716653504804
647,SY_SlidingWindow_ent_s5_10,stationarity,0.0121766025070389,0.0313717246343551
648,SY_SlidingWindow_ent_s10_1,stationarity,0.00166273463464593,0.00551352267480916
649,SY_SlidingWindow_ent_s10_2,stationarity,0.00122842305321242,0.00422088770963764
650,SY_SlidingWindow_ent_s10_10,stationarity,0.00117574116189045,0.00405947312373238
657,SY_SlidingWindow_ent_ent2_10,stationarity,0.0130655617316131,0.0333122670305121
660,SY_SlidingWindow_ent_ent5_10,stationarity,0.0155436158790251,0.038552935027934
661,SY_SlidingWindow_ent_ent10_1,stationarity,0.0091335656357516,0.0244800199864438
662,SY_SlidingWindow_ent_ent10_2,stationarity,0.000340582796086869,0.00138569878613731
663,SY_SlidingWindow_ent_ent10_10,stationarity,0.000103435837958387,0.000490372700141161
690,SY_SlidingWindow_mom3_s5_1,stationarity,0.0091335656357516,0.0244800199864438
691,SY_SlidingWindow_mom3_s5_2,stationarity,0.017814839449509,0.0431779283115484
692,SY_SlidingWindow_mom3_s5_10,stationarity,0.00880542419332382,0.023716653504804
693,SY_SlidingWindow_mom3_s10_1,stationarity,0.000901068977688017,0.00320921263524921
694,SY_SlidingWindow_mom3_s10_2,stationarity,0.000254864490291098,0.00107760886090995
695,SY_SlidingWindow_mom3_s10_10,stationarity,0.000452716478387203,0.00178874539711457
696,SY_SlidingWindow_mom3_sampen2_10,stationarity,0.0133909664952075,0.0340808718096913
705,SY_SlidingWindow_mom3_ent5_2,stationarity,0.0203717531519052,0.0482093100861182
708,SY_SlidingWindow_mom3_ent10_2,stationarity,0.00519689746784096,0.0150758754101738
709,SY_SlidingWindow_mom3_ent10_10,stationarity,0.00848785630958759,0.0230093659043906
713,SY_SlidingWindow_mom4_s5_1,stationarity,0.0197042011871398,0.046988973072281
714,SY_SlidingWindow_mom4_s5_2,stationarity,0.00947257968258233,0.0252933872500022
715,SY_SlidingWindow_mom4_s5_10,stationarity,0.00788327688124583,0.021650867729427
716,SY_SlidingWindow_mom4_s10_1,stationarity,0.00181057379343184,0.00594282431460377
717,SY_SlidingWindow_mom4_s10_2,stationarity,0.00146169723557975,0.00494364901539236
718,SY_SlidingWindow_mom4_s10_10,stationarity,0.00173520694047121,0.0057218408657985
729,SY_SlidingWindow_mom4_ent5_10,stationarity,0.0197042011871398,0.046988973072281
730,SY_SlidingWindow_mom4_ent10_1,stationarity,0.00982277183238884,0.0260913939377675
731,SY_SlidingWindow_mom4_ent10_2,stationarity,0.000901068977688017,0.00320921263524921
732,SY_SlidingWindow_mom4_ent10_10,stationarity,0.000520910653425132,0.00202557388512199
733,SY_SlidingWindow_lil_s2_1,stationarity,0.00482571722045888,0.0141199850907835
734,SY_SlidingWindow_lil_s2_2,stationarity,0.00482571722045888,0.0141199850907835
735,SY_SlidingWindow_lil_s2_10,stationarity,0.0105579451035292,0.027692715575641
740,SY_SlidingWindow_lil_s10_2,stationarity,0.0197042011871398,0.046988973072281
741,SY_SlidingWindow_lil_s10_10,stationarity,0.00818056932224017,0.0223209092396707
754,SY_SlidingWindow_lil_ent10_2,stationarity,0.0091335656357516,0.0244800199864438
755,SY_SlidingWindow_lil_ent10_10,stationarity,0.00561318037248673,0.0160802703424378
783,SY_Trend_stdYC,stationarity,0.0160861401361776,0.039691044802025
788,SC_fastdfa_exponent,"scaling,mex",0.000656213856332496,0.00246678172301217
789,SY_StdNthDer_1,entropy,8.64595004250958e-07,2.00475224311821e-05
790,SY_StdNthDer_2,entropy,9.86802931933148e-06,7.07871941898819e-05
791,SY_StdNthDer_3,entropy,6.1384547346443e-05,0.000310236107185574
792,SY_StdNthDer_4,entropy,0.000126913156158702,0.000584161720068128
793,SY_StdNthDer_5,entropy,0.000220031677037124,0.000944357909406618
794,SY_StdNthDer_10,entropy,0.000431902709468371,0.00171507794675052
803,SY_LocalGlobal_absmean_p1,"stationarity,distribution",0.0172213319317616,0.0419250763005186
810,SY_LocalGlobal_std_l10,"stationarity,distribution",0.00411003277270197,0.0122834914786003
874,SY_LocalGlobal_kurtosis_p5,"stationarity,distribution",0.0145066650137748,0.0363868270137546
894,EN_wentropy_shannon,entropy,0.0197042011871398,0.046988973072281
896,EN_rpde_3_1_H,entropy,3.19894145993939e-06,3.19266022846124e-05
897,EN_rpde_3_1_H_norm,entropy,3.19894145993939e-06,3.19266022846124e-05
898,EN_rpde_3_1_propNonZero,entropy,1.24229200737778e-05,8.44331415902605e-05
899,EN_rpde_3_1_meanNonZero,entropy,9.86802931933148e-06,7.07871941898819e-05
900,EN_rpde_3_1_maxRPD,entropy,0.000126913156158702,0.000584161720068128
905,EN_rpde_3_ac_maxRPD,entropy,0.000108887185280847,0.000513479927407893
906,RM_entropy,entropy,0.00253079653773657,0.00798277844083928
907,EN_CID_CE2,entropy,9.21562980967866e-07,2.00475224311821e-05
910,EN_CID_CE1_norm,entropy,4.87516924146122e-06,4.27237737958596e-05
911,EN_CID_CE2_norm,entropy,9.21562980967866e-07,2.00475224311821e-05
920,EN_DistributionEntropy_ks__02,entropy,0.0160861401361776,0.039691044802025
921,EN_DistributionEntropy_ks__03,entropy,0.0203717531519052,0.0482093100861182
922,EN_DistributionEntropy_raw_ks__001,"entropy,raw,spreadDependent",8.41011855946992e-05,0.000408786910308661
923,EN_DistributionEntropy_raw_ks__002,"entropy,raw,spreadDependent",0.000120613121939985,0.000560602858082908
924,EN_DistributionEntropy_raw_ks__005,"entropy,raw,spreadDependent",0.000520910653425132,0.00202557388512199
925,EN_DistributionEntropy_raw_ks__01,"entropy,raw,spreadDependent",0.00310530796992304,0.00954942589195003
926,EN_DistributionEntropy_raw_ks__02,"entropy,raw,spreadDependent",0.0166452400339562,0.0408158263548009
930,EN_DistributionEntropy_hist_20_0,entropy,0.0140114417696054,0.0352689846595373
931,EN_DistributionEntropy_hist_50_0,entropy,0.00139983011578967,0.00476156362521954
932,EN_DistributionEntropy_hist_auto_0,entropy,0.00205509104458358,0.00664728539693489
933,EN_DistributionEntropy_hist_sqrt_0,entropy,0.00336668407320579,0.0102865280656644
934,EN_DistributionEntropy_hist_fd_0,entropy,0.000861541430768804,0.00310102621211472
935,EN_DistributionEntropy_hist_sturges_0,entropy,0.00242827797978465,0.00770380120559409
940,EN_DistributionEntropy_hist_10_02,entropy,0.0160861401361776,0.039691044802025
948,SB_BinaryStretch_lseq1,binary,0.0018300050740386,0.00599896857338981
949,SB_BinaryStretch_lseq0,binary,0.00237728536398233,0.00757919473570712
950,ApEn1_01,entropy,8.64595004250958e-07,2.00475224311821e-05
951,ApEn1_02,entropy,7.13316180766304e-07,2.00475224311821e-05
952,ApEn2_01,entropy,1.24229200737778e-05,8.44331415902605e-05
953,ApEn2_02,entropy,1.17306779714729e-05,8.11229392079699e-05
955,EN_PermEn_3_1_normPermEn,entropy,0.00395041253231895,0.0118562360101146
956,EN_PermEn_4_1_normPermEn,entropy,0.00540141912727418,0.0155487453518135
957,EN_PermEn_5_1_normPermEn,entropy,0.00364794442843455,0.0110415876447215
959,EN_PermEn_3_2_normPermEn,entropy,5.2337595654733e-05,0.000270467923514219
960,EN_PermEn_4_2_normPermEn,entropy,6.1384547346443e-05,0.000310236107185574
961,EN_PermEn_5_2_normPermEn,entropy,4.9613796147306e-05,0.000258456642301779
968,DN_FitKernelSmoothraw_entropy,"distribution,ksdensity,entropy,raw,spreadDependent",0.000520910653425132,0.00202557388512199
969,DN_FitKernelSmoothzscore_entropy,"distribution,ksdensity,entropy",0.00704859648267514,0.0196312377967578
971,DN_FitKernelSmoothzscore_max,"distribution,ksdensity",0.00880542419332382,0.023716653504804
980,DN_FitKernelSmooth_area_005,"distribution,ksdensity,raw,spreadDependent",0.000374697110145117,0.0015151160184203
981,DN_FitKernelSmooth_area_01,"distribution,ksdensity,raw,spreadDependent",0.00379644200152357,0.0114569471089236
1000,jbtest,"hypothesistest,raw,distribution",0.0157338920611304,0.0389841141737479
1003,HT_DistributionTest_chi2norm25,"hypothesistest,distribution,raw",0.0115056945216851,0.0298921220212891
1004,HT_DistributionTest_chi2norm50,"hypothesistest,distribution,raw",0.00422607428397409,0.0126144062939428
1046,HT_DistributionTest_ks_norm,"hypothesistest,distribution,ks,raw",0.00540141912727418,0.0155487453518135
1055,HT_DistributionTest_lillie_norm,"hypothesistest,distribution,lillie,raw",0.00772447211614836,0.0213217003795623
1058,NL_TSTL_TakensEstimator_n1_005_005_1_8,"nonlinear,tstool,scaling,dimension",4.5298014109361e-07,2.00475224311821e-05
1059,NL_TSTL_TakensEstimator_n1_005_005_1_3,"nonlinear,tstool,scaling,dimension",7.85954942322219e-08,2.00475224311821e-05
1061,NL_TSTL_TakensEstimator_n1_005_005_mi_3,"nonlinear,tstool,scaling,dimension",0.0101844541042579,0.0268516396464984
1062,NL_TSTL_TakensEstimator_n1_005_005_mi_fnnmar,"nonlinear,tstool,crptool,scaling,dimension",0.00583240319190966,0.0166613332451341
1063,NL_TSTL_TakensEstimator_n1_01_005_1_10,"nonlinear,tstool,scaling,dimension",1.1095309646974e-07,2.00475224311821e-05
1064,NL_DVV_3_100_2_50_10_default_trend,delayVectorVariance,0.000163342672991421,0.00072737575782663
1065,NL_DVV_3_100_2_50_10_default_max,delayVectorVariance,2.66442794601493e-06,2.79647039289709e-05
1066,NL_DVV_3_100_2_50_10_default_min,delayVectorVariance,1.56018019057256e-05,9.98403078787259e-05
1067,NL_DVV_3_100_2_50_10_default_mean,delayVectorVariance,1.34716678791654e-06,2.12559620018051e-05
1068,NL_DVV_3_100_2_50_10_default_meanDiff,delayVectorVariance,0.000199349058622623,0.00086656560852693
1069,NL_DVV_3_100_2_50_10_default_stdDiff,delayVectorVariance,0.00263725978627337,0.00828553670601383
1076,NL_DVV_3_100_2_50_10_default_trendSurr,delayVectorVariance,0.00379644200152357,0.0114569471089236
1080,DN_OutlierTest2_std,"spread,distribution,outliers",0.0197042011871398,0.046988973072281
1087,ST_FitPolynomial_3,"trend,stationarity",0.0155436158790251,0.038552935027934
1089,DK_crinkle_statistic,misc,0.00011460879331106,0.000535141845932743
1099,EN_MS_LZcomplexity_2,"entropy,mex",4.07343157778537e-06,3.7841434866215e-05
1100,EN_MS_LZcomplexity_3,"entropy,mex",5.82681221138167e-06,4.8157486290583e-05
1101,EN_MS_LZcomplexity_4,"entropy,mex",5.17450467954947e-06,4.40979344906276e-05
1102,EN_MS_LZcomplexity_5,"entropy,mex",7.8197737788281e-06,5.93868838955611e-05
1103,EN_MS_LZcomplexity_6,"entropy,mex",3.61088889258424e-06,3.45828874288418e-05
1104,EN_MS_LZcomplexity_7,"entropy,mex",3.39893536496135e-06,3.29970314557503e-05
1105,EN_MS_LZcomplexity_8,"entropy,mex",4.59245894147181e-06,4.08499222843917e-05
1106,EN_MS_LZcomplexity_9,"entropy,mex",2.66442794601493e-06,2.79647039289709e-05
1107,EN_MS_LZcomplexity_10,"entropy,mex",6.18178925154075e-06,5.01020641389112e-05
1120,MD_polvar_1_3,"medical,symbolic",2.0836178159175e-06,2.48358867304337e-05
1121,MD_polvar_05_3,"medical,symbolic",2.8322842707188e-06,2.91671995230607e-05
1122,MD_polvar_01_3,"medical,symbolic",1.26503510150617e-06,2.12559620018051e-05
1123,MD_polvar_1_5,"medical,symbolic",1.43441430774462e-06,2.17639492833918e-05
1124,MD_polvar_05_5,"medical,symbolic",1.34716678791654e-06,2.12559620018051e-05
1125,MD_polvar_01_5,"medical,symbolic",3.0102618480377e-06,3.05578078611074e-05
1126,MD_polvar_1_4,"medical,symbolic",1.43441430774462e-06,2.17639492833918e-05
1127,MD_polvar_05_4,"medical,symbolic",2.0836178159175e-06,2.48358867304337e-05
1128,MD_polvar_01_4,"medical,symbolic",1.04653269791364e-06,2.00475224311821e-05
1129,MD_polvar_1_6,"medical,symbolic",1.95865484438265e-06,2.42818604052734e-05
1130,MD_polvar_05_6,"medical,symbolic",1.52708182821975e-06,2.20420168146283e-05
1131,MD_polvar_01_6,"medical,symbolic",1.1149831476865e-06,2.05549742977646e-05
1135,CO_tc3_1_absnum,"correlation,nonlinear",0.0203717531519052,0.0482093100861182
1136,CO_tc3_1_denom,"correlation,nonlinear",1.18773136379583e-06,2.0614381426271e-05
1140,CO_tc3_2_absnum,"correlation,nonlinear",0.000901068977688017,0.00320921263524921
1141,CO_tc3_2_denom,"correlation,nonlinear",3.72030155408931e-07,2.00475224311821e-05
1145,CO_tc3_3_absnum,"correlation,nonlinear",0.00197040771953243,0.00641125803941142
1146,CO_tc3_3_denom,"correlation,nonlinear",5.87706654304219e-07,2.00475224311821e-05
1160,CO_trev_1_absnum,"correlation,nonlinear",3.04637264727127e-05,0.000170692816991987
1161,CO_trev_1_denom,"correlation,nonlinear",1.04653269791364e-06,2.00475224311821e-05
1165,CO_trev_2_absnum,"correlation,nonlinear",1.04550591732956e-05,7.39544742317808e-05
1166,CO_trev_2_denom,"correlation,nonlinear",3.4829427824527e-07,2.00475224311821e-05
1170,CO_trev_3_absnum,"correlation,nonlinear",0.000324636730799297,0.00133455515676938
1171,CO_trev_3_denom,"correlation,nonlinear",3.72030155408931e-07,2.00475224311821e-05
1183,CO_AddNoise_1_quantiles_10_meanch,"correlation,AMI,entropy",1.72998018997263e-06,2.30966961197847e-05
1184,CO_AddNoise_1_quantiles_10_ac1,"correlation,AMI,entropy",2.8322842707188e-06,2.91671995230607e-05
1185,CO_AddNoise_1_quantiles_10_ac2,"correlation,AMI,entropy",1.95865484438265e-06,2.42818604052734e-05
1186,CO_AddNoise_1_quantiles_10_firstUnder75,"correlation,AMI,entropy",4.8747946527442e-05,0.00025581886982985
1187,CO_AddNoise_1_quantiles_10_firstUnder50,"correlation,AMI,entropy",5.63427581014546e-06,4.7280078614381e-05
1188,CO_AddNoise_1_quantiles_10_firstUnder25,"correlation,AMI,entropy",1.71267841487556e-06,2.30966961197847e-05
1189,CO_AddNoise_1_quantiles_10_ami_at_5,"correlation,AMI,entropy",2.8322842707188e-06,2.91671995230607e-05
1190,CO_AddNoise_1_quantiles_10_ami_at_10,"correlation,AMI,entropy",4.70247342896548e-05,0.000247505923968331
1191,CO_AddNoise_1_quantiles_10_ami_at_15,"correlation,AMI,entropy",0.00078726537066868,0.00286909709983228
1192,CO_AddNoise_1_quantiles_10_ami_at_20,"correlation,AMI,entropy",0.000626782424265422,0.00236991696656362
1193,CO_AddNoise_1_quantiles_10_fitexpa,"correlation,AMI,entropy",1.52708182821975e-06,2.20420168146283e-05
1194,CO_AddNoise_1_quantiles_10_fitexpb,"correlation,AMI,entropy",1.43441430774462e-06,2.17639492833918e-05
1195,CO_AddNoise_1_quantiles_10_fitexpr2,"correlation,AMI,entropy",0.000108887185280847,0.000513479927407893
1196,CO_AddNoise_1_quantiles_10_fitexprmse,"correlation,AMI,entropy",2.21621930828942e-06,2.55187970837986e-05
1197,CO_AddNoise_1_quantiles_10_fitlina,"correlation,AMI,entropy",1.84090878581554e-06,2.3560983668819e-05
1198,CO_AddNoise_1_quantiles_10_fitlinb,"correlation,AMI,entropy",2.0836178159175e-06,2.48358867304337e-05
1199,CO_AddNoise_1_quantiles_10_linfit_mse,"correlation,AMI,entropy",1.1149831476865e-06,2.05549742977646e-05
1205,CO_AddNoise_ac_quantiles_10_firstUnder75,"correlation,AMI,entropy",0.00238066579769902,0.00758657313767407
1206,CO_AddNoise_ac_quantiles_10_firstUnder50,"correlation,AMI,entropy",0.0166799744964411,0.0408869095820444
1221,CO_AddNoise_1_even_10_meanch,"correlation,AMI,entropy",3.83548211191478e-06,3.62942695590234e-05
1222,CO_AddNoise_1_even_10_ac1,"correlation,AMI,entropy",5.49139337197368e-06,4.61900180082325e-05
1223,CO_AddNoise_1_even_10_ac2,"correlation,AMI,entropy",5.82681221138167e-06,4.8157486290583e-05
1224,CO_AddNoise_1_even_10_firstUnder75,"correlation,AMI,entropy",0.000700866226662304,0.00261803888132753
1225,CO_AddNoise_1_even_10_firstUnder50,"correlation,AMI,entropy",0.000233435964719009,0.000995284796249533
1226,CO_AddNoise_1_even_10_firstUnder25,"correlation,AMI,entropy",0.000183354893384638,0.00080789685530965
1227,CO_AddNoise_1_even_10_ami_at_5,"correlation,AMI,entropy",8.28993397906581e-06,6.22926823601186e-05
1228,CO_AddNoise_1_even_10_ami_at_10,"correlation,AMI,entropy",2.58231003683401e-05,0.000150620641164843
1229,CO_AddNoise_1_even_10_ami_at_15,"correlation,AMI,entropy",0.000324636730799297,0.00133455515676938
1231,CO_AddNoise_1_even_10_fitexpa,"correlation,AMI,entropy",5.49139337197368e-06,4.61900180082325e-05
1232,CO_AddNoise_1_even_10_fitexpb,"correlation,AMI,entropy",3.39893536496135e-06,3.29970314557503e-05
1233,CO_AddNoise_1_even_10_fitexpr2,"correlation,AMI,entropy",0.000267581120235988,0.00112469418287023
1234,CO_AddNoise_1_even_10_fitexprmse,"correlation,AMI,entropy",0.000942271767787704,0.00333924596592495
1235,CO_AddNoise_1_even_10_fitlina,"correlation,AMI,entropy",5.82681221138167e-06,4.8157486290583e-05
1236,CO_AddNoise_1_even_10_fitlinb,"correlation,AMI,entropy",5.82681221138167e-06,4.8157486290583e-05
1237,CO_AddNoise_1_even_10_linfit_mse,"correlation,AMI,entropy",4.87516924146122e-06,4.27237737958596e-05
1243,CO_AddNoise_ac_even_10_firstUnder75,"correlation,AMI,entropy",0.0181925490214461,0.044048376603134
1244,CO_AddNoise_ac_even_10_firstUnder50,"correlation,AMI,entropy",0.00115889386976107,0.00402277501327794
1259,CO_AddNoise_1_std1_10_meanch,"correlation,AMI,entropy",1.52708182821975e-06,2.20420168146283e-05
1260,CO_AddNoise_1_std1_10_ac1,"correlation,AMI,entropy",4.59245894147181e-06,4.08499222843917e-05
1261,CO_AddNoise_1_std1_10_ac2,"correlation,AMI,entropy",2.8322842707188e-06,2.91671995230607e-05
1262,CO_AddNoise_1_std1_10_firstUnder75,"correlation,AMI,entropy",4.38668947801525e-05,0.000232952853175795
1263,CO_AddNoise_1_std1_10_firstUnder50,"correlation,AMI,entropy",7.39446658432997e-05,0.000365918109972824
1264,CO_AddNoise_1_std1_10_firstUnder25,"correlation,AMI,entropy",2.1712464564159e-05,0.000131270343241325
1265,CO_AddNoise_1_std1_10_ami_at_5,"correlation,AMI,entropy",8.7870425947142e-06,6.53381349048968e-05
1266,CO_AddNoise_1_std1_10_ami_at_10,"correlation,AMI,entropy",6.1384547346443e-05,0.000310236107185574
1267,CO_AddNoise_1_std1_10_ami_at_15,"correlation,AMI,entropy",0.00395041253231895,0.0118562360101146
1269,CO_AddNoise_1_std1_10_fitexpa,"correlation,AMI,entropy",1.18773136379583e-06,2.0614381426271e-05
1270,CO_AddNoise_1_std1_10_fitexpb,"correlation,AMI,entropy",1.43441430774462e-06,2.17639492833918e-05
1271,CO_AddNoise_1_std1_10_fitexpr2,"correlation,AMI,entropy",2.8835208146233e-05,0.000164153072934875
1272,CO_AddNoise_1_std1_10_fitexprmse,"correlation,AMI,entropy",8.64595004250958e-07,2.00475224311821e-05
1273,CO_AddNoise_1_std1_10_fitlina,"correlation,AMI,entropy",1.62549066485909e-06,2.26803756296809e-05
1274,CO_AddNoise_1_std1_10_fitlinb,"correlation,AMI,entropy",1.84090878581554e-06,2.3560983668819e-05
1275,CO_AddNoise_1_std1_10_linfit_mse,"correlation,AMI,entropy",8.11026050600951e-07,2.00475224311821e-05
1297,CO_AddNoise_1_gaussian_ac1,"correlation,AMI,entropy",8.64595004250958e-07,2.00475224311821e-05
1298,CO_AddNoise_1_gaussian_ac2,"correlation,AMI,entropy",7.60661190228156e-07,2.00475224311821e-05
1299,CO_AddNoise_1_gaussian_firstUnder75,"correlation,AMI,entropy",2.86704080511877e-05,0.000164153072934875
1300,CO_AddNoise_1_gaussian_firstUnder50,"correlation,AMI,entropy",1.7403627503304e-06,2.31918002459759e-05
1301,CO_AddNoise_1_gaussian_firstUnder25,"correlation,AMI,entropy",6.32412761525989e-06,5.11973744143224e-05
1302,CO_AddNoise_1_gaussian_ami_at_5,"correlation,AMI,entropy",9.82136182665932e-07,2.00475224311821e-05
1303,CO_AddNoise_1_gaussian_ami_at_10,"correlation,AMI,entropy",4.59245894147181e-06,4.08499222843917e-05
1304,CO_AddNoise_1_gaussian_ami_at_15,"correlation,AMI,entropy",5.2337595654733e-05,0.000270467923514219
1305,CO_AddNoise_1_gaussian_ami_at_20,"correlation,AMI,entropy",0.000942271767787704,0.00333924596592495
1306,CO_AddNoise_1_gaussian_fitexpa,"correlation,AMI,entropy",6.68816911061285e-07,2.00475224311821e-05
1307,CO_AddNoise_1_gaussian_fitexpb,"correlation,AMI,entropy",8.64595004250958e-07,2.00475224311821e-05
1308,CO_AddNoise_1_gaussian_fitexpr2,"correlation,AMI,entropy",3.39893536496135e-06,3.29970314557503e-05
1309,CO_AddNoise_1_gaussian_fitexprmse,"correlation,AMI,entropy",9.21562980967866e-07,2.00475224311821e-05
1310,CO_AddNoise_1_gaussian_fitlina,"correlation,AMI,entropy",7.13316180766304e-07,2.00475224311821e-05
1311,CO_AddNoise_1_gaussian_fitlinb,"correlation,AMI,entropy",8.11026050600951e-07,2.00475224311821e-05
1312,CO_AddNoise_1_gaussian_linfit_mse,"correlation,AMI,entropy",7.13316180766304e-07,2.00475224311821e-05
1333,CO_AddNoise_1_kraskov1_4_pdec,"correlation,AMI,entropy",0.00592991172225576,0.0169330866033595
1334,CO_AddNoise_1_kraskov1_4_meanch,"correlation,AMI,entropy",5.87706654304219e-07,2.00475224311821e-05
1335,CO_AddNoise_1_kraskov1_4_ac1,"correlation,AMI,entropy",5.87706654304219e-07,2.00475224311821e-05
1336,CO_AddNoise_1_kraskov1_4_ac2,"correlation,AMI,entropy",9.21562980967866e-07,2.00475224311821e-05
1337,CO_AddNoise_1_kraskov1_4_firstUnder75,"correlation,AMI,entropy",2.07247285582094e-05,0.000125833761450698
1338,CO_AddNoise_1_kraskov1_4_firstUnder50,"correlation,AMI,entropy",4.27409918706777e-06,3.92104486530975e-05
1339,CO_AddNoise_1_kraskov1_4_firstUnder25,"correlation,AMI,entropy",1.63852311423462e-05,0.000103969815797059
1340,CO_AddNoise_1_kraskov1_4_ami_at_5,"correlation,AMI,entropy",9.82136182665932e-07,2.00475224311821e-05
1341,CO_AddNoise_1_kraskov1_4_ami_at_10,"correlation,AMI,entropy",2.18599433306592e-05,0.000131270343241325
1344,CO_AddNoise_1_kraskov1_4_fitexpa,"correlation,AMI,entropy",8.11026050600951e-07,2.00475224311821e-05
1345,CO_AddNoise_1_kraskov1_4_fitexpb,"correlation,AMI,entropy",1.18773136379583e-06,2.0614381426271e-05
1346,CO_AddNoise_1_kraskov1_4_fitexpr2,"correlation,AMI,entropy",8.11026050600951e-07,2.00475224311821e-05
1347,CO_AddNoise_1_kraskov1_4_fitexprmse,"correlation,AMI,entropy",0.000718970297700572,0.00266885374983686
1348,CO_AddNoise_1_kraskov1_4_fitlina,"correlation,AMI,entropy",7.60661190228156e-07,2.00475224311821e-05
1349,CO_AddNoise_1_kraskov1_4_fitlinb,"correlation,AMI,entropy",7.60661190228156e-07,2.00475224311821e-05
1350,CO_AddNoise_1_kraskov1_4_linfit_mse,"correlation,AMI,entropy",1.1149831476865e-06,2.05549742977646e-05
1371,SB_TransitionMatrix_21_ondiag,"symbolic,transitionmat",2.21621930828942e-06,2.55187970837986e-05
1375,SB_TransitionMatrix_21_stdeig,"symbolic,transitionmat",2.21621930828942e-06,2.55187970837986e-05
1377,SB_TransitionMatrix_21_mineig,"symbolic,transitionmat",2.21621930828942e-06,2.55187970837986e-05
1378,SB_TransitionMatrix_21_sumdiagcov,"symbolic,transitionmat",1.62549066485909e-06,2.26803756296809e-05
1379,SB_TransitionMatrix_31_ondiag,"symbolic,transitionmat",1.95865484438265e-06,2.42818604052734e-05
1380,SB_TransitionMatrix_31_stddiag,"symbolic,transitionmat",1.34716678791654e-06,2.12559620018051e-05
1383,SB_TransitionMatrix_31_sumdiagcov,"symbolic,transitionmat",2.0836178159175e-06,2.48358867304337e-05
1384,SB_TransitionMatrix_31_stdeig,"symbolic,transitionmat",1.52708182821975e-06,2.20420168146283e-05
1386,SB_TransitionMatrix_31_mineig,"symbolic,transitionmat",1.72998018997263e-06,2.30966961197847e-05
1388,SB_TransitionMatrix_41_TD1,"symbolic,transitionmat",1.95865484438265e-06,2.42818604052734e-05
1389,SB_TransitionMatrix_41_TD2,"symbolic,transitionmat",1.43441430774462e-06,2.17639492833918e-05
1390,SB_TransitionMatrix_41_TD3,"symbolic,transitionmat",7.60661190228156e-07,2.00475224311821e-05
1391,SB_TransitionMatrix_41_TD4,"symbolic,transitionmat",2.0836178159175e-06,2.48358867304337e-05
1392,SB_TransitionMatrix_41_ondiag,"symbolic,transitionmat",1.34716678791654e-06,2.12559620018051e-05
1393,SB_TransitionMatrix_41_stddiag,"symbolic,transitionmat",7.3751706263707e-06,5.71074147739433e-05
1394,SB_TransitionMatrix_41_symdiff,"symbolic,transitionmat",0.00480871169077813,0.0140818075685503
1396,SB_TransitionMatrix_41_sumdiagcov,"symbolic,transitionmat",1.34716678791654e-06,2.12559620018051e-05
1397,SB_TransitionMatrix_41_stdeig,"symbolic,transitionmat",9.82136182665932e-07,2.00475224311821e-05
1399,SB_TransitionMatrix_41_mineig,"symbolic,transitionmat",9.21562980967866e-07,2.00475224311821e-05
1401,SB_TransitionMatrix_41_maxeigcov,"symbolic,transitionmat",1.95865484438265e-06,2.42818604052734e-05
1403,SB_TransitionMatrix_41_stdeigcov,"symbolic,transitionmat",2.66442794601493e-06,2.79647039289709e-05
1404,SB_TransitionMatrix_51_TD1,"symbolic,transitionmat",2.66442794601493e-06,2.79647039289709e-05
1405,SB_TransitionMatrix_51_TD2,"symbolic,transitionmat",2.99025061209086e-06,3.05578078611074e-05
1406,SB_TransitionMatrix_51_TD3,"symbolic,transitionmat",4.32549215748757e-06,3.92104486530975e-05
1407,SB_TransitionMatrix_51_TD4,"symbolic,transitionmat",3.0102618480377e-06,3.05578078611074e-05
1408,SB_TransitionMatrix_51_TD5,"symbolic,transitionmat",1.34716678791654e-06,2.12559620018051e-05
1409,SB_TransitionMatrix_51_ondiag,"symbolic,transitionmat",2.35690423947498e-06,2.62468396996932e-05
1410,SB_TransitionMatrix_51_stddiag,"symbolic,transitionmat",0.00159305660196512,0.00530720542115347
1411,SB_TransitionMatrix_51_symdiff,"symbolic,transitionmat",0.000901068977688017,0.00320921263524921
1413,SB_TransitionMatrix_51_sumdiagcov,"symbolic,transitionmat",1.95865484438265e-06,2.42818604052734e-05
1414,SB_TransitionMatrix_51_stdeig,"symbolic,transitionmat",4.59245894147181e-06,4.08499222843917e-05
1416,SB_TransitionMatrix_51_mineig,"symbolic,transitionmat",4.32549215748757e-06,3.92104486530975e-05
1418,SB_TransitionMatrix_51_maxeigcov,"symbolic,transitionmat",2.50614204546602e-06,2.69391341322299e-05
1420,SB_TransitionMatrix_51_stdeigcov,"symbolic,transitionmat",2.35690423947498e-06,2.62468396996932e-05
1452,SB_TransitionMatrix_4ac_TD1,"symbolic,transitionmat",0.0172202435076472,0.0419250763005186
1473,SB_TransitionMatrix_5ac_ondiag,"symbolic,transitionmat",0.01457984365829,0.0365574938239576
1485,SB_TransitionpAlphabet_40_1_meandiagfexp_a,"symbolic,transitionmat",2.0836178159175e-06,2.48358867304337e-05
1486,SB_TransitionpAlphabet_40_1_meandiagfexp_b,"symbolic,transitionmat",1.62549066485909e-06,2.26803756296809e-05
1487,SB_TransitionpAlphabet_40_1_meandiagfexp_r2,"symbolic,transitionmat",5.49139337197368e-06,4.61900180082325e-05
1488,SB_TransitionpAlphabet_40_1_meandiagfexp_rmse,"symbolic,transitionmat",1.34716678791654e-06,2.12559620018051e-05
1489,SB_TransitionpAlphabet_40_1_maxdiagfexp_a,"symbolic,transitionmat",0.00286256220704461,0.00889131063523766
1490,SB_TransitionpAlphabet_40_1_maxdiagfexp_b,"symbolic,transitionmat",1.62549066485909e-06,2.26803756296809e-05
1491,SB_TransitionpAlphabet_40_1_maxdiagfexp_r2,"symbolic,transitionmat",4.70247342896548e-05,0.000247505923968331
1492,SB_TransitionpAlphabet_40_1_maxdiagfexp_rmse,"symbolic,transitionmat",6.26998872165287e-07,2.00475224311821e-05
1493,SB_TransitionpAlphabet_40_1_trfexp_a,"symbolic,transitionmat",6.55740619856895e-06,5.21951929631058e-05
1494,SB_TransitionpAlphabet_40_1_trfexp_b,"symbolic,transitionmat",9.21562980967866e-07,2.00475224311821e-05
1495,SB_TransitionpAlphabet_40_1_trfexp_r2,"symbolic,transitionmat",1.31540392168145e-05,8.81394944132314e-05
1496,SB_TransitionpAlphabet_40_1_trfexp_rmse,"symbolic,transitionmat",0.00122842305321242,0.00422088770963764
1498,SB_TransitionpAlphabet_40_1_trflin10adjr2,"symbolic,transitionmat",1.95865484438265e-06,2.42818604052734e-05
1499,SB_TransitionpAlphabet_40_1_symd_a,"symbolic,transitionmat",4.59245894147181e-06,4.08499222843917e-05
1501,SB_TransitionpAlphabet_40_1_trcov_jump,"symbolic,transitionmat",1.95865484438265e-06,2.42818604052734e-05
1502,SB_TransitionpAlphabet_40_1_trcovfexp_a,"symbolic,transitionmat",3.39893536496135e-06,3.29970314557503e-05
1503,SB_TransitionpAlphabet_40_1_trcovfexp_b,"symbolic,transitionmat",7.3751706263707e-06,5.71074147739433e-05
1504,SB_TransitionpAlphabet_40_1_trcovfexp_r2,"symbolic,transitionmat",0.000254864490291098,0.00107760886090995
1505,SB_TransitionpAlphabet_40_1_trcovfexp_rmse,"symbolic,transitionmat",1.62549066485909e-06,2.26803756296809e-05
1506,SB_TransitionpAlphabet_40_1_stdeigfexp_a,"symbolic,transitionmat",1.62549066485909e-06,2.26803756296809e-05
1507,SB_TransitionpAlphabet_40_1_stdeigfexp_b,"symbolic,transitionmat",1.74686653178146e-05,0.000109041247720674
1508,SB_TransitionpAlphabet_40_1_stdeigfexp_r2,"symbolic,transitionmat",3.39866324809848e-05,0.000187044761589086
1509,SB_TransitionpAlphabet_40_1_stdeigfexp_rmse,"symbolic,transitionmat",2.06727974704263e-05,0.00012562564201499
1514,SB_TransitionpAlphabet_40_1_mineigfexp_a,"symbolic,transitionmat",9.21562980967866e-07,2.00475224311821e-05
1515,SB_TransitionpAlphabet_40_1_mineigfexp_b,"symbolic,transitionmat",1.04653269791364e-06,2.00475224311821e-05
1516,SB_TransitionpAlphabet_40_1_mineigfexp_r2,"symbolic,transitionmat",0.00122842305321242,0.00422088770963764
1523,SB_TransitionpAlphabet_20_ac_maxdiagfexp_b,"symbolic,transitionmat",0.00605931502191424,0.0172059400223231
1524,SB_TransitionpAlphabet_20_ac_maxdiagfexp_r2,"symbolic,transitionmat",0.000209450726687326,0.000904949223501525
1525,SB_TransitionpAlphabet_20_ac_maxdiagfexp_rmse,"symbolic,transitionmat",0.000686926233975337,0.00256731464336581
1532,SB_TransitionpAlphabet_20_ac_symd_a,"symbolic,transitionmat",0.00181057379343184,0.00594282431460377
1538,SB_TransitionpAlphabet_20_ac_trcovfexp_rmse,"symbolic,transitionmat",0.000324636730799297,0.00133455515676938
1541,SB_TransitionpAlphabet_20_ac_stdeigfexp_r2,"symbolic,transitionmat",0.00731756136170696,0.02029297219404
1543,SB_TransitionpAlphabet_20_ac_maxeig_fexpa,"symbolic,transitionmat",0.000985214086551646,0.00347240388306167
1544,SB_TransitionpAlphabet_20_ac_maxeig_fexpb,"symbolic,transitionmat",0.000771858394404295,0.00283413020360215
1545,SB_TransitionpAlphabet_20_ac_maxeig_fexpr2,"symbolic,transitionmat",0.00049718147462051,0.00194606346171592
1546,SB_TransitionpAlphabet_20_ac_maxeig_fexprmse,"symbolic,transitionmat",0.000502689177541965,0.00196653996008171
1556,CO_AutoCorrShape_drown_sumacf,correlation,0.00117574116189045,0.00405947312373238
1562,CO_AutoCorrShape_posDrown_Nac,correlation,0.000374733585219186,0.0015151160184203
1567,CO_AutoCorrShape_posDrown_sumacf,correlation,3.04637264727127e-05,0.000170692816991987
1573,CO_Embed2_Basic_1_updiag01,correlation,1.18773136379583e-06,2.0614381426271e-05
1574,CO_Embed2_Basic_1_updiag05,correlation,9.82136182665932e-07,2.00475224311821e-05
1577,CO_Embed2_Basic_1_ratdiag01,correlation,3.61088889258424e-06,3.45828874288418e-05
1578,CO_Embed2_Basic_1_ratdiag05,correlation,3.39893536496135e-06,3.29970314557503e-05
1579,CO_Embed2_Basic_1_parabup01,correlation,3.39136068228262e-06,3.29970314557503e-05
1580,CO_Embed2_Basic_1_parabup05,correlation,7.8197737788281e-06,5.93868838955611e-05
1581,CO_Embed2_Basic_1_parabdown01,correlation,6.18178925154075e-06,5.01020641389112e-05
1582,CO_Embed2_Basic_1_parabdown05,correlation,1.18773136379583e-06,2.0614381426271e-05
1583,CO_Embed2_Basic_1_parabup01_1,correlation,4.24272170812157e-07,2.00475224311821e-05
1584,CO_Embed2_Basic_1_parabup05_1,correlation,1.43441430774462e-06,2.17639492833918e-05
1585,CO_Embed2_Basic_1_parabdown01_1,correlation,2.21621930828942e-06,2.55187970837986e-05
1586,CO_Embed2_Basic_1_parabdown05_1,correlation,2.9029241955218e-06,2.98514574788051e-05
1587,CO_Embed2_Basic_1_parabup01_n1,correlation,0.00519514200242531,0.0150758754101738
1588,CO_Embed2_Basic_1_parabup05_n1,correlation,2.44316942629559e-05,0.000144398618251823
1589,CO_Embed2_Basic_1_parabdown01_n1,correlation,4.7307812733094e-06,4.20277647201868e-05
1590,CO_Embed2_Basic_1_parabdown05_n1,correlation,2.66442794601493e-06,2.79647039289709e-05
1591,CO_Embed2_Basic_1_ring1_01,correlation,0.000155349545893666,0.000695700043158794
1592,CO_Embed2_Basic_1_ring1_02,correlation,1.10731586775373e-05,7.72668402527787e-05
1593,CO_Embed2_Basic_1_ring1_05,correlation,1.10753480969413e-05,7.72668402527787e-05
1594,CO_Embed2_Basic_1_incircle_01,correlation,3.61088889258424e-06,3.45828874288418e-05
1595,CO_Embed2_Basic_1_incircle_02,correlation,6.95480101290475e-06,5.46854850915251e-05
1596,CO_Embed2_Basic_1_incircle_05,correlation,2.58231003683401e-05,0.000150620641164843
1597,CO_Embed2_Basic_1_incircle_1,correlation,0.000205165454479989,0.000891304868180465
1598,CO_Embed2_Basic_1_incircle_2,correlation,0.0130655617316131,0.0333122670305121
1600,CO_Embed2_Basic_1_medianincircle,correlation,3.78942790951893e-05,0.000206791173344607
1601,CO_Embed2_Basic_1_stdincircle,correlation,2.8322842707188e-06,2.91671995230607e-05
1608,CO_Embed2_Basic_tau_parabup01,correlation,0.0166452400339562,0.0408158263548009
1609,CO_Embed2_Basic_tau_parabup05,correlation,0.00818056932224017,0.0223209092396707
1610,CO_Embed2_Basic_tau_parabdown01,correlation,0.0155436158790251,0.038552935027934
1611,CO_Embed2_Basic_tau_parabdown05,correlation,0.0150172581412796,0.0374169499066335
1623,CO_Embed2_Basic_tau_incircle_01,correlation,0.00253079653773657,0.00798277844083928
1624,CO_Embed2_Basic_tau_incircle_02,correlation,0.0113416610170194,0.0294982674697039
1625,CO_Embed2_Basic_tau_incircle_05,correlation,0.0172213319317616,0.0419250763005186
1626,CO_Embed2_Basic_tau_incircle_1,correlation,0.01842619348603,0.0444176127529097
1629,CO_Embed2_Basic_tau_medianincircle,correlation,0.0160861401361776,0.039691044802025
1631,PD_PeriodicityWang_th0,"periodicity,spline",2.91600371935168e-05,0.000165737080406602
1632,PD_PeriodicityWang_th0.01,"periodicity,spline",2.91600371935168e-05,0.000165737080406602
1633,PD_PeriodicityWang_th0.1,"periodicity,spline",1.67073959766084e-06,2.30966961197847e-05
1635,PD_PeriodicityWang_th1_sqrtN,"periodicity,spline",8.00636569160622e-05,0.000391300125422183
1636,PD_PeriodicityWang_th5_sqrtN,"periodicity,spline",6.64085670390706e-06,5.27414467689761e-05
1637,PD_PeriodicityWang_th10_sqrtN,"periodicity,spline",0.00111849218133968,0.00389774258688206
1640,PH_ForcePotential_dblwell_1_02_01_range,dynamicalSystem,5.49139337197368e-06,4.61900180082325e-05
1642,PH_ForcePotential_dblwell_1_02_01_pcross,dynamicalSystem,0.00018970647056619,0.000828699352086562
1643,PH_ForcePotential_dblwell_1_02_01_pcrossup,dynamicalSystem,6.97390160566119e-05,0.000347522995979587
1645,PH_ForcePotential_dblwell_1_02_01_ac1,dynamicalSystem,5.17450467954947e-06,4.40979344906276e-05
1646,PH_ForcePotential_dblwell_1_02_01_ac10,dynamicalSystem,9.3125620761273e-06,6.74142337067364e-05
1648,PH_ForcePotential_dblwell_1_02_01_tau,dynamicalSystem,0.00678854239663417,0.0189961729038336
1650,PH_ForcePotential_dblwell_1_02_01_std,dynamicalSystem,1.18773136379583e-06,2.0614381426271e-05
1651,PH_ForcePotential_dblwell_1_05_02_mean,dynamicalSystem,0.0166452400339562,0.0408158263548009
1652,PH_ForcePotential_dblwell_1_05_02_median,dynamicalSystem,0.00704859648267514,0.0196312377967578
1653,PH_ForcePotential_dblwell_1_05_02_range,dynamicalSystem,0.00134038555683954,0.00457466840406242
1654,PH_ForcePotential_dblwell_1_05_02_proppos,dynamicalSystem,0.0130655617316131,0.0333122670305121
1659,PH_ForcePotential_dblwell_1_05_02_ac10,dynamicalSystem,0.00818056932224017,0.0223209092396707
1663,PH_ForcePotential_dblwell_1_05_02_std,dynamicalSystem,5.82681221138167e-06,4.8157486290583e-05
1666,PH_ForcePotential_dblwell_2_005_02_range,dynamicalSystem,0.00082362694217216,0.00298266123180514
1668,PH_ForcePotential_dblwell_2_005_02_pcross,dynamicalSystem,0.0135655120588585,0.0343408693741862
1671,PH_ForcePotential_dblwell_2_005_02_ac1,dynamicalSystem,0.00323359045900606,0.00991392921425555
1673,PH_ForcePotential_dblwell_2_005_02_ac50,dynamicalSystem,0.000545691962300163,0.00211615477042396
1674,PH_ForcePotential_dblwell_2_005_02_tau,dynamicalSystem,0.00982277183238884,0.0260913939377675
1692,PH_ForcePotential_sine_3_05_1_range,dynamicalSystem,0.00364794442843455,0.0110415876447215
1703,PH_ForcePotential_sine_1_1_1_range,dynamicalSystem,0.0113416610170194,0.0294982674697039
1714,PH_ForcePotential_sine_10_004_10_range,dynamicalSystem,0.00678854239663417,0.0189961729038336
1722,PH_ForcePotential_sine_10_004_10_std,dynamicalSystem,0.0135312008308029,0.0342662011074709
1724,DN_RemovePoints_absclose_01_remove_ac1rat,"correlation,outliers",7.3751706263707e-06,5.71074147739433e-05
1725,DN_RemovePoints_absclose_01_remove_ac1diff,"correlation,outliers",2.06727974704263e-05,0.00012562564201499
1726,DN_RemovePoints_absclose_01_remove_ac2rat,"correlation,outliers",0.00197040771953243,0.00641125803941142
1727,DN_RemovePoints_absclose_01_remove_ac2diff,"correlation,outliers",0.00561318037248673,0.0160802703424378
1728,DN_RemovePoints_absclose_01_remove_ac3rat,"correlation,outliers",0.000626782424265422,0.00236991696656362
1737,DN_RemovePoints_absclose_05_remove_ac1rat,"correlation,outliers",2.8835208146233e-05,0.000164153072934875
1738,DN_RemovePoints_absclose_05_remove_ac1diff,"correlation,outliers",4.70247342896548e-05,0.000247505923968331
1739,DN_RemovePoints_absclose_05_remove_ac2rat,"correlation,outliers",9.32965976131512e-05,0.000446168406327409
1740,DN_RemovePoints_absclose_05_remove_ac2diff,"correlation,outliers",0.00159305660196512,0.00530720542115347
1741,DN_RemovePoints_absclose_05_remove_ac3rat,"correlation,outliers",0.000120613121939985,0.000560602858082908
1743,DN_RemovePoints_absclose_05_remove_sumabsacfdiff,"correlation,outliers",0.00427548416137376,0.0126873833579382
1750,DN_RemovePoints_absclose_08_remove_ac1rat,"correlation,outliers",6.18178925154075e-06,5.01020641389112e-05
1751,DN_RemovePoints_absclose_08_remove_ac1diff,"correlation,outliers",3.04637264727127e-05,0.000170692816991987
1752,DN_RemovePoints_absclose_08_remove_ac2rat,"correlation,outliers",1.10753480969413e-05,7.72668402527787e-05
1753,DN_RemovePoints_absclose_08_remove_ac2diff,"correlation,outliers",0.00107658530464083,0.00375538285677654
1754,DN_RemovePoints_absclose_08_remove_ac3rat,"correlation,outliers",0.00018970647056619,0.000828699352086562
1762,DN_RemovePoints_absfar_01_remove_fzcacrat,"correlation,outliers",5.2337595654733e-05,0.000270467923514219
1763,DN_RemovePoints_absfar_01_remove_ac1rat,"correlation,outliers",5.82681221138167e-06,4.8157486290583e-05
1764,DN_RemovePoints_absfar_01_remove_ac1diff,"correlation,outliers",8.28993397906581e-06,6.22926823601186e-05
1765,DN_RemovePoints_absfar_01_remove_ac2rat,"correlation,outliers",3.61088889258424e-06,3.45828874288418e-05
1766,DN_RemovePoints_absfar_01_remove_ac2diff,"correlation,outliers",0.000199349058622623,0.00086656560852693
1767,DN_RemovePoints_absfar_01_remove_ac3rat,"correlation,outliers",3.21794070598959e-05,0.000178757736641857
1769,DN_RemovePoints_absfar_01_remove_sumabsacfdiff,"correlation,outliers",0.0091335656357516,0.0244800199864438
1774,DN_RemovePoints_absfar_01_remove_kurtosisrat,"correlation,outliers,distribution",0.0145066650137748,0.0363868270137546
1775,DN_RemovePoints_absfar_08_remove_fzcacrat,"correlation,outliers",0.000718970297700572,0.00266885374983686
1776,DN_RemovePoints_absfar_08_remove_ac1rat,"correlation,outliers",2.18599433306592e-05,0.000131270343241325
1779,DN_RemovePoints_absfar_08_remove_ac2diff,"correlation,outliers",4.83557438253742e-07,2.00475224311821e-05
1781,DN_RemovePoints_absfar_08_remove_ac3diff,"correlation,outliers",8.64595004250958e-07,2.00475224311821e-05
1782,DN_RemovePoints_absfar_08_remove_sumabsacfdiff,"correlation,outliers",0.000598582921400376,0.00228147620175955
1785,DN_RemovePoints_absfar_08_remove_std,"correlation,outliers",0.0145066650137748,0.0363868270137546
1787,DN_RemovePoints_absfar_08_remove_kurtosisrat,"correlation,outliers,distribution",0.0166452400339562,0.0408158263548009
1788,DN_RemovePoints_absfar_01_saturate_fzcacrat,"correlation,outliers",0.00173520694047121,0.0057218408657985
1793,DN_RemovePoints_absfar_01_saturate_ac3rat,"correlation,outliers",0.00310530796992304,0.00954942589195003
1794,DN_RemovePoints_absfar_01_saturate_ac3diff,"correlation,outliers",5.82159585412248e-05,0.00029590340069954
1795,DN_RemovePoints_absfar_01_saturate_sumabsacfdiff,"correlation,outliers",0.0155436158790251,0.038552935027934
1800,DN_RemovePoints_absfar_01_saturate_kurtosisrat,"correlation,outliers,distribution",0.0105579451035292,0.027692715575641
1801,DN_RemovePoints_absfar_08_saturate_fzcacrat,"correlation,outliers",0.00152607557784433,0.00511037826444246
1802,DN_RemovePoints_absfar_08_saturate_ac1rat,"correlation,outliers",1.04550591732956e-05,7.39544742317808e-05
1803,DN_RemovePoints_absfar_08_saturate_ac1diff,"correlation,outliers",6.1384547346443e-05,0.000310236107185574
1804,DN_RemovePoints_absfar_08_saturate_ac2rat,"correlation,outliers",0.00350474766316831,0.0106443808668825
1805,DN_RemovePoints_absfar_08_saturate_ac2diff,"correlation,outliers",0.00395041253231895,0.0118562360101146
1807,DN_RemovePoints_absfar_08_saturate_ac3diff,"correlation,outliers",3.19894145993939e-06,3.19266022846124e-05
1808,DN_RemovePoints_absfar_08_saturate_sumabsacfdiff,"correlation,outliers",0.0091335656357516,0.0244800199864438
1811,DN_RemovePoints_absfar_08_saturate_std,"correlation,outliers",0.0135312008308029,0.0342662011074709
1813,DN_RemovePoints_absfar_08_saturate_kurtosisrat,"correlation,outliers,distribution",0.0140114417696054,0.0352689846595373
1815,DN_RemovePoints_min_01_saturate_ac1rat,"correlation,outliers",0.0145066650137748,0.0363868270137546
1820,DN_RemovePoints_min_01_saturate_ac3diff,"correlation,outliers",0.000626782424265422,0.00236991696656362
1827,DN_RemovePoints_min_05_saturate_ac1rat,"correlation,outliers",2.50614204546602e-06,2.69391341322299e-05
1828,DN_RemovePoints_min_05_saturate_ac1diff,"correlation,outliers",2.50614204546602e-06,2.69391341322299e-05
1829,DN_RemovePoints_min_05_saturate_ac2rat,"correlation,outliers",3.04637264727127e-05,0.000170692816991987
1830,DN_RemovePoints_min_05_saturate_ac2diff,"correlation,outliers",0.0197042011871398,0.046988973072281
1833,DN_RemovePoints_min_05_saturate_sumabsacfdiff,"correlation,outliers",0.0203717531519052,0.0482093100861182
1839,DN_RemovePoints_min_08_saturate_ac1rat,"correlation,outliers",1.95865484438265e-06,2.42818604052734e-05
1840,DN_RemovePoints_min_08_saturate_ac1diff,"correlation,outliers",2.35690423947498e-06,2.62468396996932e-05
1841,DN_RemovePoints_min_08_saturate_ac2rat,"correlation,outliers",1.31540392168145e-05,8.81394944132314e-05
1842,DN_RemovePoints_min_08_saturate_ac2diff,"correlation,outliers",0.00082362694217216,0.00298266123180514
1843,DN_RemovePoints_min_08_saturate_ac3rat,"correlation,outliers",0.00152607557784433,0.00511037826444246
1846,DN_RemovePoints_min_08_saturate_mean,"correlation,outliers",0.0113416610170194,0.0294982674697039
1851,DN_RemovePoints_max_01_saturate_ac1rat,"correlation,outliers",0.00731756136170696,0.02029297219404
1852,DN_RemovePoints_max_01_saturate_ac1diff,"correlation,outliers",0.0190558322334121,0.0456877702739084
1856,DN_RemovePoints_max_01_saturate_ac3diff,"correlation,outliers",0.0210589482429528,0.0496045930807191
1862,DN_RemovePoints_max_08_saturate_fzcacrat,"correlation,outliers",0.00286256220704461,0.00889131063523766
1863,DN_RemovePoints_max_08_saturate_ac1rat,"correlation,outliers",4.32549215748757e-06,3.92104486530975e-05
1864,DN_RemovePoints_max_08_saturate_ac1diff,"correlation,outliers",8.7870425947142e-06,6.53381349048968e-05
1865,DN_RemovePoints_max_08_saturate_ac2rat,"correlation,outliers",1.24229200737778e-05,8.44331415902605e-05
1866,DN_RemovePoints_max_08_saturate_ac2diff,"correlation,outliers",0.000324636730799297,0.00133455515676938
1867,DN_RemovePoints_max_08_saturate_ac3rat,"correlation,outliers",0.000163342672991421,0.00072737575782663
1869,DN_RemovePoints_max_08_saturate_sumabsacfdiff,"correlation,outliers",0.000571568005964199,0.00219889005942868
1875,CO_TranslateShape_circle_15_pts_std,correlation,7.13316180766304e-07,2.00475224311821e-05
1876,CO_TranslateShape_circle_15_pts_mean,correlation,1.18773136379583e-06,2.0614381426271e-05
1877,CO_TranslateShape_circle_15_pts_npatmode,correlation,1.62549066485909e-06,2.26803756296809e-05
1878,CO_TranslateShape_circle_15_pts_mode,correlation,0.0078125,0.0215396164277412
1879,CO_TranslateShape_circle_15_pts_ones,correlation,3.36803780124519e-07,2.00475224311821e-05
1880,CO_TranslateShape_circle_15_pts_twos,correlation,2.0836178159175e-06,2.48358867304337e-05
1881,CO_TranslateShape_circle_15_pts_threes,correlation,1.62549066485909e-06,2.26803756296809e-05
1889,CO_TranslateShape_circle_25_pts_std,correlation,5.87706654304219e-07,2.00475224311821e-05
1890,CO_TranslateShape_circle_25_pts_mean,correlation,4.5298014109361e-07,2.00475224311821e-05
1891,CO_TranslateShape_circle_25_pts_npatmode,correlation,5.16120692670543e-07,2.00475224311821e-05
1892,CO_TranslateShape_circle_25_pts_mode,correlation,0.00538907980708393,0.0155487453518135
1894,CO_TranslateShape_circle_25_pts_twos,correlation,0.00669576030780976,0.0188105133637482
1895,CO_TranslateShape_circle_25_pts_threes,correlation,1.04653269791364e-06,2.00475224311821e-05
1896,CO_TranslateShape_circle_25_pts_fours,correlation,5.16120692670543e-07,2.00475224311821e-05
1897,CO_TranslateShape_circle_25_pts_fives,correlation,5.16120692670543e-07,2.00475224311821e-05
1905,CO_TranslateShape_circle_35_pts_std,correlation,5.16120692670543e-07,2.00475224311821e-05
1906,CO_TranslateShape_circle_35_pts_mean,correlation,6.26998872165287e-07,2.00475224311821e-05
1907,CO_TranslateShape_circle_35_pts_npatmode,correlation,7.13316180766304e-07,2.00475224311821e-05
1908,CO_TranslateShape_circle_35_pts_mode,correlation,1.433052567514e-05,9.45097504210342e-05
1911,CO_TranslateShape_circle_35_pts_threes,correlation,0.0009765625,0.00345732276119403
1912,CO_TranslateShape_circle_35_pts_fours,correlation,1.02484185306025e-06,2.00475224311821e-05
1913,CO_TranslateShape_circle_35_pts_fives,correlation,5.13058147697558e-07,2.00475224311821e-05
1914,CO_TranslateShape_circle_35_pts_sixes,correlation,8.64595004250958e-07,2.00475224311821e-05
1915,CO_TranslateShape_circle_35_pts_sevens,correlation,7.13316180766304e-07,2.00475224311821e-05
1923,CO_TranslateShape_rectangle_2_pts_std,correlation,1.18773136379583e-06,2.0614381426271e-05
1925,CO_TranslateShape_rectangle_2_pts_npatmode,correlation,9.82136182665932e-07,2.00475224311821e-05
1927,CO_TranslateShape_rectangle_2_pts_ones,correlation,7.60661190228156e-07,2.00475224311821e-05
1928,CO_TranslateShape_rectangle_2_pts_twos,correlation,7.33249101920975e-08,2.00475224311821e-05
1929,CO_TranslateShape_rectangle_2_pts_threes,correlation,1.95471950625266e-05,0.00011970554222456
1930,CO_TranslateShape_rectangle_2_pts_fours,correlation,3.58899897678485e-05,0.000197062629003094
1931,CO_TranslateShape_rectangle_2_pts_fives,correlation,1.04653269791364e-06,2.00475224311821e-05
1938,CO_StickAngles_y_std_p,correlation,8.64595004250958e-07,2.00475224311821e-05
1941,CO_StickAngles_y_std_n,correlation,4.5298014109361e-07,2.00475224311821e-05
1944,CO_StickAngles_y_std,correlation,6.68816911061285e-07,2.00475224311821e-05
1951,CO_StickAngles_y_ratmean_n,correlation,0.000474463308048828,0.0018653485635776
1976,CO_StickAngles_y_tau_p,correlation,9.21562980967866e-07,2.00475224311821e-05
1977,CO_StickAngles_y_ac1_p,correlation,2.72896655970471e-05,0.000156481273479925
1978,CO_StickAngles_y_ac2_p,correlation,1.1095309646974e-07,2.00475224311821e-05
1979,CO_StickAngles_y_tau_n,correlation,9.3125620761273e-06,6.74142337067364e-05
1980,CO_StickAngles_y_ac1_n,correlation,6.82179820007579e-05,0.000340181611715062
1981,CO_StickAngles_y_ac2_n,correlation,1.56039295066102e-07,2.00475224311821e-05
1982,CO_StickAngles_y_tau_all,correlation,2.50614204546602e-06,2.69391341322299e-05
1983,CO_StickAngles_y_ac1_all,correlation,4.22259746751932e-05,0.000224741986378964
1984,CO_StickAngles_y_ac2_all,correlation,9.02593269845031e-08,2.00475224311821e-05
1986,CO_StickAngles_y_q10_p,correlation,0.00134038555683954,0.00457466840406242
1987,CO_StickAngles_y_q90_p,correlation,0.00107658530464083,0.00375538285677654
1988,CO_StickAngles_y_q99_p,correlation,0.000626782424265422,0.00236991696656362
1990,CO_StickAngles_y_q10_n,correlation,0.00731756136170696,0.02029297219404
1991,CO_StickAngles_y_q90_n,correlation,0.000718970297700572,0.00266885374983686
1992,CO_StickAngles_y_q99_n,correlation,0.01842619348603,0.0444176127529097
1993,CO_StickAngles_y_q1_all,correlation,0.0140114417696054,0.0352689846595373
1994,CO_StickAngles_y_q10_all,correlation,0.000520910653425132,0.00202557388512199
1995,CO_StickAngles_y_q90_all,correlation,0.000411985081919444,0.00164886717825577
1996,CO_StickAngles_y_q99_all,correlation,0.00152607557784433,0.00511037826444246
2000,CO_StickAngles_y_kurtosis_p,correlation,0.00146169723557975,0.00494364901539236
2001,CO_StickAngles_y_kurtosis_n,correlation,0.00350474766316831,0.0106443808668825
2002,CO_StickAngles_y_kurtosis_all,correlation,0.000861541430768804,0.00310102621211472
2003,CO_Embed2_tau_theta_ac1,"correlation,embedding",0.00298168202047877,0.00920106212390586
2020,CO_Embed2_tau_mean_eucdm,"correlation,embedding,stationarity",0.010943570085506,0.0285463507069137
2028,CO_Embed2_tau_stdspana,"correlation,embedding,stationarity",0.00286256220704461,0.00889131063523766
2031,CO_Embed2_tau_areas_50,"correlation,embedding",0.0140114417696054,0.0352689846595373
2034,CO_Embed2_AngleTau_50_ac1_thetaac2,"correlation,embedding",0.0203717531519052,0.0482093100861182
2035,CO_Embed2_AngleTau_50_ac1_thetaac3,"correlation,embedding",0.017814839449509,0.0431779283115484
2036,CO_Embed2_AngleTau_50_mean_thetaac1,"correlation,embedding",0.00146169723557975,0.00494364901539236
2037,CO_Embed2_AngleTau_50_max_thetaac1,"correlation,embedding",0.00323359045900606,0.00991392921425555
2038,CO_Embed2_AngleTau_50_min_thetaac1,"correlation,embedding",1.39260980630824e-05,9.20131047510622e-05
2041,CO_Embed2_AngleTau_50_min_thetaac2,"correlation,embedding",9.32965976131512e-05,0.000446168406327409
2046,CO_Embed2_AngleTau_50_diff_thetaac12,"correlation,embedding",0.0155436158790251,0.038552935027934
2047,CO_Embed2_Dist_tau_d_ac1,"correlation,embedding",0.0105579451035292,0.027692715575641
2050,CO_Embed2_Dist_tau_d_median,"correlation,embedding",1.04653269791364e-06,2.00475224311821e-05
2051,CO_Embed2_Dist_tau_d_max,"correlation,embedding",7.18988102492802e-05,0.00035628964744699
2052,CO_Embed2_Dist_tau_d_iqr,"correlation,embedding",9.21562980967866e-07,2.00475224311821e-05
2054,CO_Embed2_Dist_tau_d_mean,"correlation,embedding",9.21562980967866e-07,2.00475224311821e-05
2055,CO_Embed2_Dist_tau_d_std,"correlation,embedding",7.60661190228156e-07,2.00475224311821e-05
2057,CO_Embed2_Dist_tau_d_expfit_nlogL,"correlation,embedding",8.11026050600951e-07,2.00475224311821e-05
2058,CO_Embed2_Dist_tau_d_expfit_meandiff,"correlation,embedding",2.58231003683401e-05,0.000150620641164843
2059,CO_Embed2_Shapes_tau_circle_01_ac1,"correlation,embedding",1.72998018997263e-06,2.30966961197847e-05
2060,CO_Embed2_Shapes_tau_circle_01_ac2,"correlation,embedding",1.72998018997263e-06,2.30966961197847e-05
2061,CO_Embed2_Shapes_tau_circle_01_tau,"correlation,embedding",0.0203717531519052,0.0482093100861182
2063,CO_Embed2_Shapes_tau_circle_01_std,"correlation,embedding",0.00759569887611432,0.0209825284170922
2065,CO_Embed2_Shapes_tau_circle_01_mean,"correlation,embedding",0.00848785630958759,0.0230093659043906
2068,CO_Embed2_Shapes_tau_circle_01_mode_val,"correlation,embedding",0.00444695290880556,0.0131359555413285
2070,CO_Embed2_Shapes_tau_circle_01_hist_ent,"correlation,embedding",0.00480871169077813,0.0140818075685503
2072,CO_Embed2_Shapes_tau_circle_01_statav5_s,"correlation,embedding,stationarity",0.0172213319317616,0.0419250763005186
2073,CO_Embed2_Shapes_tau_circle_1_ac1,"correlation,embedding",2.0836178159175e-06,2.48358867304337e-05
2074,CO_Embed2_Shapes_tau_circle_1_ac2,"correlation,embedding",1.04653269791364e-06,2.00475224311821e-05
2075,CO_Embed2_Shapes_tau_circle_1_tau,"correlation,embedding",0.0130655617316131,0.0333122670305121
2077,CO_Embed2_Shapes_tau_circle_1_std,"correlation,embedding",0.0130655617316131,0.0333122670305121
2079,CO_Embed2_Shapes_tau_circle_1_mean,"correlation,embedding",0.0166452400339562,0.0408158263548009
2080,CO_Embed2_Shapes_tau_circle_1_iqr,"correlation,embedding",0.0101844541042579,0.0268516396464984
2081,CO_Embed2_Shapes_tau_circle_1_iqronrange,"correlation,embedding",0.0172213319317616,0.0419250763005186
2088,NW_VisibilityGraph_horiz_propmode,"network,visibilityGraph",0.0197042011871398,0.046988973072281
2089,NW_VisibilityGraph_horiz_meank,"network,visibilityGraph",0.00117561027107395,0.00405947312373238
2091,NW_VisibilityGraph_horiz_stdk,"network,visibilityGraph",0.000520910653425132,0.00202557388512199
2092,NW_VisibilityGraph_horiz_maxk,"network,visibilityGraph",0.00246328594889366,0.00780790325716138
2094,NW_VisibilityGraph_horiz_rangek,"network,visibilityGraph",0.0180771876896814,0.0437839576581936
2096,NW_VisibilityGraph_horiz_skewnessk,"network,visibilityGraph",1.65101028457949e-05,0.000103969815797059
2097,NW_VisibilityGraph_horiz_maxonmedian,"network,visibilityGraph",0.00246328594889366,0.00780790325716138
2104,NW_VisibilityGraph_horiz_dgaussk_resruns,"network,visibilityGraph",0.0200367180951354,0.0477499283204901
2105,NW_VisibilityGraph_horiz_dexpk_r2,"network,visibilityGraph",0.00078726537066868,0.00286909709983228
2106,NW_VisibilityGraph_horiz_dexpk_rmse,"network,visibilityGraph",0.00049718147462051,0.00194606346171592
2110,NW_VisibilityGraph_horiz_dpowerk_r2,"network,visibilityGraph",0.00112515380607429,0.00391329153666895
2111,NW_VisibilityGraph_horiz_dpowerk_rmse,"network,visibilityGraph",0.000545691962300163,0.00211615477042396
2115,NW_VisibilityGraph_horiz_gaussnlogL,"network,visibilityGraph,lengthDependent",0.000520910653425132,0.00202557388512199
2116,NW_VisibilityGraph_horiz_expnlogL,"network,visibilityGraph,lengthDependent",0.00112502764487388,0.00391329153666895
2117,NW_VisibilityGraph_horiz_evparam1,"network,visibilityGraph",0.000267581120235988,0.00112469418287023
2118,NW_VisibilityGraph_horiz_evparam2,"network,visibilityGraph",0.000103435837958387,0.000490372700141161
2119,NW_VisibilityGraph_horiz_evnlogL,"network,visibilityGraph,lengthDependent",8.85862417242377e-05,0.000428247076161464
2120,NW_VisibilityGraph_horiz_entropy,"network,visibilityGraph",0.00128327762626588,0.00439240191847428
2123,NW_VisibilityGraph_horiz_kac3,"network,visibilityGraph",0.000571568005964199,0.00219889005942868
2126,NW_VisibilityGraph_norm_propmode,"network,visibilityGraph",9.21562980967866e-07,2.00475224311821e-05
2127,NW_VisibilityGraph_norm_meank,"network,visibilityGraph",2.85533069149158e-07,2.00475224311821e-05
2128,NW_VisibilityGraph_norm_mediank,"network,visibilityGraph",1.62244041243023e-06,2.26803756296809e-05
2129,NW_VisibilityGraph_norm_stdk,"network,visibilityGraph",4.5298014109361e-07,2.00475224311821e-05
2130,NW_VisibilityGraph_norm_maxk,"network,visibilityGraph",4.70247342896548e-05,0.000247505923968331
2132,NW_VisibilityGraph_norm_rangek,"network,visibilityGraph",4.82863817693686e-05,0.000253583684627916
2133,NW_VisibilityGraph_norm_iqrk,"network,visibilityGraph",1.6651419701672e-06,2.30966961197847e-05
2137,NW_VisibilityGraph_norm_olu90,"network,visibilityGraph",0.00818056932224017,0.0223209092396707
2139,NW_VisibilityGraph_norm_dgaussk_rmse,"network,visibilityGraph",0.00561318037248673,0.0160802703424378
2142,NW_VisibilityGraph_norm_dgaussk_resruns,"network,visibilityGraph",0.0102497506452003,0.0270037858538487
2144,NW_VisibilityGraph_norm_dexpk_rmse,"network,visibilityGraph",0.000357259343652894,0.00144940563821779
2146,NW_VisibilityGraph_norm_dexpk_resAC2,"network,visibilityGraph",0.00605931502191424,0.0172059400223231
2147,NW_VisibilityGraph_norm_dexpk_resruns,"network,visibilityGraph",0.00197040771953243,0.00641125803941142
2149,NW_VisibilityGraph_norm_dpowerk_rmse,"network,visibilityGraph",2.58231003683401e-05,0.000150620641164843
2151,NW_VisibilityGraph_norm_dpowerk_resAC2,"network,visibilityGraph",0.000901068977688017,0.00320921263524921
2152,NW_VisibilityGraph_norm_dpowerk_resruns,"network,visibilityGraph",8.03855049920722e-06,6.09183443582094e-05
2153,NW_VisibilityGraph_norm_gaussnlogL,"network,visibilityGraph,lengthDependent",3.72030155408931e-07,2.00475224311821e-05
2154,NW_VisibilityGraph_norm_expnlogL,"network,visibilityGraph,lengthDependent",3.2602341299532e-07,2.00475224311821e-05
2155,NW_VisibilityGraph_norm_evparam1,"network,visibilityGraph",2.18616188569126e-07,2.00475224311821e-05
2156,NW_VisibilityGraph_norm_evparam2,"network,visibilityGraph",1.10753480969413e-05,7.72668402527787e-05
2157,NW_VisibilityGraph_norm_evnlogL,"network,visibilityGraph,lengthDependent",2.8322842707188e-06,2.91671995230607e-05
2158,NW_VisibilityGraph_norm_entropy,"network,visibilityGraph",2.04420430353178e-07,2.00475224311821e-05
2159,NW_VisibilityGraph_norm_kac1,"network,visibilityGraph",2.8835208146233e-05,0.000164153072934875
2160,NW_VisibilityGraph_norm_kac2,"network,visibilityGraph",8.11026050600951e-07,2.00475224311821e-05
2161,NW_VisibilityGraph_norm_kac3,"network,visibilityGraph",3.2602341299532e-07,2.00475224311821e-05
2162,NW_VisibilityGraph_norm_ktau,"network,visibilityGraph",1.34716678791654e-06,2.12559620018051e-05
2164,SY_DynWin_stdstd,stationarity,0.00880542419332382,0.023716653504804
2165,SY_DynWin_stdskew,stationarity,0.0190558322334121,0.0456877702739084
2168,SY_DynWin_stdsampen2_015,stationarity,0.00117574116189045,0.00405947312373238
2171,SY_DynWin_stdactaug,stationarity,0.0117525566357291,0.0303892416496542
2176,SY_SpreadRandomLocal_ac2_100_meanskew,stationarity,0.0172213319317616,0.0419250763005186
2178,SY_SpreadRandomLocal_ac2_100_meansampen1_015,stationarity,0.000431902709468371,0.00171507794675052
2179,SY_SpreadRandomLocal_ac2_100_meanac1,stationarity,9.3125620761273e-06,6.74142337067364e-05
2180,SY_SpreadRandomLocal_ac2_100_meanac2,stationarity,7.3751706263707e-06,5.71074147739433e-05
2181,SY_SpreadRandomLocal_ac2_100_meantaul,stationarity,0.00013352242572232,0.000611419293075952
2187,SY_SpreadRandomLocal_ac2_100_stdac1,stationarity,0.000357259343652894,0.00144940563821779
2188,SY_SpreadRandomLocal_ac2_100_stdac2,stationarity,0.0172213319317616,0.0419250763005186
2189,SY_SpreadRandomLocal_ac2_100_stdtaul,stationarity,0.000452716478387203,0.00178874539711457
2194,SY_SpreadRandomLocal_ac5_100_meansampen1_015,stationarity,0.000520910653425132,0.00202557388512199
2195,SY_SpreadRandomLocal_ac5_100_meanac1,stationarity,9.3125620761273e-06,6.74142337067364e-05
2196,SY_SpreadRandomLocal_ac5_100_meanac2,stationarity,3.39893536496135e-06,3.29970314557503e-05
2197,SY_SpreadRandomLocal_ac5_100_meantaul,stationarity,0.00029481867962687,0.00122399633852089
2202,SY_SpreadRandomLocal_ac5_100_stdsampen1_015,stationarity,7.18988102492802e-05,0.00035628964744699
2203,SY_SpreadRandomLocal_ac5_100_stdac1,stationarity,0.00018970647056619,0.000828699352086562
2204,SY_SpreadRandomLocal_ac5_100_stdac2,stationarity,0.000474463308048828,0.0018653485635776
2205,SY_SpreadRandomLocal_ac5_100_stdtaul,stationarity,0.000242716287295376,0.00103114573157845
2207,SY_SpreadRandomLocal_50_100_meanstd,stationarity,0.0101844541042579,0.0268516396464984
2210,SY_SpreadRandomLocal_50_100_meansampen1_015,stationarity,8.11026050600951e-07,2.00475224311821e-05
2211,SY_SpreadRandomLocal_50_100_meanac1,stationarity,4.07343157778537e-06,3.7841434866215e-05
2212,SY_SpreadRandomLocal_50_100_meanac2,stationarity,3.05130403710894e-07,2.00475224311821e-05
2213,SY_SpreadRandomLocal_50_100_meantaul,stationarity,7.8197737788281e-06,5.93868838955611e-05
2214,SY_SpreadRandomLocal_50_100_stdmean,stationarity,0.00462463008225427,0.013632505246612
2215,SY_SpreadRandomLocal_50_100_stdstd,stationarity,0.0117525566357291,0.0303892416496542
2216,SY_SpreadRandomLocal_50_100_stdskew,stationarity,0.0172213319317616,0.0419250763005186
2218,SY_SpreadRandomLocal_50_100_stdsampen1_015,stationarity,0.010943570085506,0.0285463507069137
2219,SY_SpreadRandomLocal_50_100_stdac1,stationarity,0.0101844541042579,0.0268516396464984
2221,SY_SpreadRandomLocal_50_100_stdtaul,stationarity,0.0101844541042579,0.0268516396464984
2225,SY_SpreadRandomLocal_100_100_meankurt,stationarity,0.0126141510785048,0.0323467744413117
2226,SY_SpreadRandomLocal_100_100_meansampen1_015,stationarity,9.82136182665932e-07,2.00475224311821e-05
2227,SY_SpreadRandomLocal_100_100_meanac1,stationarity,2.66442794601493e-06,2.79647039289709e-05
2228,SY_SpreadRandomLocal_100_100_meanac2,stationarity,3.72030155408931e-07,2.00475224311821e-05
2229,SY_SpreadRandomLocal_100_100_meantaul,stationarity,0.000140455025433301,0.000639052404720823
2230,SY_SpreadRandomLocal_100_100_stdmean,stationarity,0.00759569887611432,0.0209825284170922
2231,SY_SpreadRandomLocal_100_100_stdstd,stationarity,3.04637264727127e-05,0.000170692816991987
2237,SY_SpreadRandomLocal_100_100_stdtaul,stationarity,0.00146169723557975,0.00494364901539236
2242,SY_SpreadRandomLocal_200_100_meansampen1_015,stationarity,1.04653269791364e-06,2.00475224311821e-05
2243,SY_SpreadRandomLocal_200_100_meanac1,stationarity,1.72998018997263e-06,2.30966961197847e-05
2244,SY_SpreadRandomLocal_200_100_meanac2,stationarity,3.2602341299532e-07,2.00475224311821e-05
2245,SY_SpreadRandomLocal_200_100_meantaul,stationarity,0.00152607557784433,0.00511037826444246
2246,SY_SpreadRandomLocal_200_100_stdmean,stationarity,0.00427548416137376,0.0126873833579382
2247,SY_SpreadRandomLocal_200_100_stdstd,stationarity,0.000155349545893666,0.000695700043158794
2248,SY_SpreadRandomLocal_200_100_stdskew,stationarity,0.00653714319617325,0.0183866841833869
2249,SY_SpreadRandomLocal_200_100_stdkurt,stationarity,0.01842619348603,0.0444176127529097
2254,SY_DriftingMean20_max,stationarity,0.00011460879331106,0.000535141845932743
2255,SY_DriftingMean20_min,stationarity,0.000126913156158702,0.000584161720068128
2258,SY_DriftingMean20_meanabsmaxmin,stationarity,4.22259746751932e-05,0.000224741986378964
2259,SY_DriftingMean50_max,stationarity,0.00253079653773657,0.00798277844083928
2260,SY_DriftingMean50_min,stationarity,0.000861541430768804,0.00310102621211472
2263,SY_DriftingMean50_meanabsmaxmin,stationarity,0.000752398562734347,0.00276696029582306
2265,SY_DriftingMean100_min,stationarity,0.00653714319617325,0.0183866841833869
2268,SY_DriftingMean100_meanabsmaxmin,stationarity,0.0101844541042579,0.0268516396464984
2279,SY_StdNthDerChange_a,entropy,0.000280890693437725,0.00117026825205085
2282,SY_StdNthDerChange_rmse,entropy,3.39893536496135e-06,3.29970314557503e-05
2296,SY_LocalDistributions_5_par_mindiv,stationarity,0.00286256220704461,0.00889131063523766
2310,SY_RangeEvolve_totnuq,stationarity,0.00146106957566655,0.00494364901539236
2321,SY_RangeEvolve_p20,stationarity,0.0186756805135795,0.0450037732931365
2323,SY_RangeEvolve_l10,stationarity,0.000242716287295376,0.00103114573157845
2329,FC_Surprise_dist_5_2_q_500_mean,"information,symbolic",3.4829427824527e-07,2.00475224311821e-05
2330,FC_Surprise_dist_5_2_q_500_median,"information,symbolic",7.06660079497735e-07,2.00475224311821e-05
2332,FC_Surprise_dist_5_2_q_500_uq,"information,symbolic",1.02597299107745e-05,7.34489316348806e-05
2333,FC_Surprise_dist_5_2_q_500_std,"information,symbolic",0.000901068977688017,0.00320921263524921
2334,FC_Surprise_dist_5_2_q_500_tstat,"information,symbolic",1.84090878581554e-06,2.3560983668819e-05
2336,FC_Surprise_dist_20_2_q_500_max,"information,symbolic",0.015625,0.0387412891986063
2338,FC_Surprise_dist_20_2_q_500_median,"information,symbolic",0.0210074405018672,0.0496045930807191
2339,FC_Surprise_dist_20_2_q_500_lq,"information,symbolic",0.00135232322777909,0.00461319850856951
2341,FC_Surprise_dist_20_2_q_500_std,"information,symbolic",4.87516924146122e-06,4.27237737958596e-05
2342,FC_Surprise_dist_20_2_q_500_tstat,"information,symbolic",0.000103435837958387,0.000490372700141161
2343,FC_Surprise_dist_50_3_q_500_min,"information,symbolic",0.00204042976311943,0.00663302795539419
2344,FC_Surprise_dist_50_3_q_500_max,"information,symbolic",0.00165459528419717,0.00550191590763881
2347,FC_Surprise_dist_50_3_q_500_lq,"information,symbolic",5.76904264243715e-05,0.00029512945681943
2349,FC_Surprise_dist_50_3_q_500_std,"information,symbolic",6.1384547346443e-05,0.000310236107185574
2350,FC_Surprise_dist_50_3_q_500_tstat,"information,symbolic",0.000140455025433301,0.000639052404720823
2351,FC_Surprise_dist_100_4_q_500_min,"information,symbolic",0.000822753833875299,0.00298266123180514
2352,FC_Surprise_dist_100_4_q_500_max,"information,symbolic",0.00231415080676853,0.00740445015331154
2355,FC_Surprise_dist_100_4_q_500_lq,"information,symbolic",0.00104814943302993,0.00367239358219644
2356,FC_Surprise_dist_100_4_q_500_uq,"information,symbolic",0.00115023798812417,0.00399467717105496
2357,FC_Surprise_dist_100_4_q_500_std,"information,symbolic",4.9613796147306e-05,0.000258456642301779
2358,FC_Surprise_dist_100_4_q_500_tstat,"information,symbolic",0.00011460879331106,0.000535141845932743
2359,FC_Surprise_dist_100_5_q_500_min,"information,symbolic",0.00678391419746624,0.0189961729038336
2360,FC_Surprise_dist_100_5_q_500_max,"information,symbolic",0.000714427550584368,0.00266729614373471
2362,FC_Surprise_dist_100_5_q_500_median,"information,symbolic",0.00480470169633786,0.0140818075685503
2363,FC_Surprise_dist_100_5_q_500_lq,"information,symbolic",0.00127774107274601,0.00438610973162594
2365,FC_Surprise_dist_100_5_q_500_std,"information,symbolic",6.1384547346443e-05,0.000310236107185574
2366,FC_Surprise_dist_100_5_q_500_tstat,"information,symbolic",6.1384547346443e-05,0.000310236107185574
2368,FC_Surprise_T1_20_2_q_500_max,"information,symbolic",0.00823647115512218,0.0224648251206782
2369,FC_Surprise_T1_20_2_q_500_mean,"information,symbolic",1.43441430774462e-06,2.17639492833918e-05
2370,FC_Surprise_T1_20_2_q_500_median,"information,symbolic",3.08973999115467e-06,3.13199284573456e-05
2371,FC_Surprise_T1_20_2_q_500_lq,"information,symbolic",8.05486043182571e-06,6.09770072690125e-05
2372,FC_Surprise_T1_20_2_q_500_uq,"information,symbolic",7.52771553192259e-06,5.8225243179523e-05
2373,FC_Surprise_T1_20_2_q_500_std,"information,symbolic",0.000571568005964199,0.00219889005942868
2374,FC_Surprise_T1_20_2_q_500_tstat,"information,symbolic",6.95480101290475e-06,5.46854850915251e-05
2375,FC_Surprise_T1_50_3_q_500_min,"information,symbolic",2.31033005213928e-05,0.000137626428502799
2376,FC_Surprise_T1_50_3_q_500_max,"information,symbolic",0.00598125243350359,0.017072840881192
2377,FC_Surprise_T1_50_3_q_500_mean,"information,symbolic",4.87516924146122e-06,4.27237737958596e-05
2378,FC_Surprise_T1_50_3_q_500_median,"information,symbolic",1.34652760543266e-06,2.12559620018051e-05
2379,FC_Surprise_T1_50_3_q_500_lq,"information,symbolic",1.9577531340166e-06,2.42818604052734e-05
2380,FC_Surprise_T1_50_3_q_500_uq,"information,symbolic",1.04529810930178e-05,7.39544742317808e-05
2381,FC_Surprise_T1_50_3_q_500_std,"information,symbolic",2.58231003683401e-05,0.000150620641164843
2382,FC_Surprise_T1_50_3_q_500_tstat,"information,symbolic",0.00011460879331106,0.000535141845932743
2383,FC_Surprise_T1_100_4_q_500_min,"information,symbolic",9.82427974942328e-05,0.000468248993281286
2385,FC_Surprise_T1_100_4_q_500_mean,"information,symbolic",4.59245894147181e-06,4.08499222843917e-05
2386,FC_Surprise_T1_100_4_q_500_median,"information,symbolic",2.50614204546602e-06,2.69391341322299e-05
2387,FC_Surprise_T1_100_4_q_500_lq,"information,symbolic",1.17642110185887e-05,8.12758501051238e-05
2388,FC_Surprise_T1_100_4_q_500_uq,"information,symbolic",0.0002628590256571,0.00111075108466504
2389,FC_Surprise_T1_100_4_q_500_std,"information,symbolic",0.0166452400339562,0.0408158263548009
2390,FC_Surprise_T1_100_4_q_500_tstat,"information,symbolic",6.18178925154075e-06,5.01020641389112e-05
2391,FC_Surprise_T1_100_5_q_500_min,"information,symbolic",2.92702668520102e-05,0.000166230821164329
2393,FC_Surprise_T1_100_5_q_500_mean,"information,symbolic",9.3125620761273e-06,6.74142337067364e-05
2394,FC_Surprise_T1_100_5_q_500_median,"information,symbolic",9.31069089911331e-06,6.74142337067364e-05
2395,FC_Surprise_T1_100_5_q_500_lq,"information,symbolic",3.88391585578305e-05,0.000211785020917641
2396,FC_Surprise_T1_100_5_q_500_uq,"information,symbolic",0.00208330698878833,0.00673243075940859
2400,FC_Surprise_T2_20_2_q_500_max,"information,symbolic",0.0132112627305822,0.0336475825307168
2401,FC_Surprise_T2_20_2_q_500_mean,"information,symbolic",0.000452716478387203,0.00178874539711457
2402,FC_Surprise_T2_20_2_q_500_median,"information,symbolic",4.76937552282038e-06,4.23178007735534e-05
2403,FC_Surprise_T2_20_2_q_500_lq,"information,symbolic",0.000244140625,0.00103657797583532
2404,FC_Surprise_T2_20_2_q_500_uq,"information,symbolic",0.00599996029983795,0.017119373493844
2405,FC_Surprise_T2_20_2_q_500_std,"information,symbolic",0.00298168202047877,0.00920106212390586
2407,FC_Surprise_T2_50_3_q_500_min,"information,symbolic",9.32818606026009e-05,0.000446168406327409
2409,FC_Surprise_T2_50_3_q_500_mean,"information,symbolic",1.34716678791654e-06,2.12559620018051e-05
2410,FC_Surprise_T2_50_3_q_500_median,"information,symbolic",1.44158066051333e-05,9.4984147964934e-05
2411,FC_Surprise_T2_50_3_q_500_lq,"information,symbolic",6.61074130766316e-06,5.25609331232749e-05
2412,FC_Surprise_T2_50_3_q_500_uq,"information,symbolic",2.15247475832557e-05,0.000130579798638062
2413,FC_Surprise_T2_50_3_q_500_std,"information,symbolic",0.0190558322334121,0.0456877702739084
2414,FC_Surprise_T2_50_3_q_500_tstat,"information,symbolic",1.62549066485909e-06,2.26803756296809e-05
2416,FC_Surprise_T2_100_4_q_500_max,"information,symbolic",0.0108587402833202,0.0284502193873736
2418,FC_Surprise_T2_100_4_q_500_median,"information,symbolic",0.00125768222757069,0.00431933722557578
2419,FC_Surprise_T2_100_4_q_500_lq,"information,symbolic",0.000271500530885797,0.00114049455595238
2421,FC_Surprise_T2_100_4_q_500_std,"information,symbolic",1.56018019057256e-05,9.98403078787259e-05
2423,FC_Surprise_T2_100_5_q_500_min,"information,symbolic",1.06255843737605e-05,7.50860560115985e-05
2433,FC_Surprise_dist_5_2_udq_500_mean,"information,symbolic",3.78942790951893e-05,0.000206791173344607
2434,FC_Surprise_dist_5_2_udq_500_median,"information,symbolic",0.0126953125,0.032543171379683
2435,FC_Surprise_dist_5_2_udq_500_lq,"information,symbolic",0.00301221475734528,0.00929125280159037
2438,FC_Surprise_dist_5_2_udq_500_tstat,"information,symbolic",2.44316942629559e-05,0.000144398618251823
2439,FC_Surprise_dist_20_2_udq_500_min,"information,symbolic",0.00969239756718524,0.0258706305656752
2440,FC_Surprise_dist_20_2_udq_500_max,"information,symbolic",0.000218162328207028,0.000942016460874522
2441,FC_Surprise_dist_20_2_udq_500_mean,"information,symbolic",0.000474463308048828,0.0018653485635776
2444,FC_Surprise_dist_20_2_udq_500_uq,"information,symbolic",0.00390625,0.0117633834109183
2445,FC_Surprise_dist_20_2_udq_500_std,"information,symbolic",1.31540392168145e-05,8.81394944132314e-05
2446,FC_Surprise_dist_20_2_udq_500_tstat,"information,symbolic",5.82681221138167e-06,4.8157486290583e-05
2449,FC_Surprise_dist_50_3_udq_500_mean,"information,symbolic",0.00197040771953243,0.00641125803941142
2452,FC_Surprise_dist_50_3_udq_500_uq,"information,symbolic",0.00380750385338973,0.0114854588472748
2453,FC_Surprise_dist_50_3_udq_500_std,"information,symbolic",0.00427548416137376,0.0126873833579382
2471,FC_Surprise_T1_20_2_udq_500_min,"information,symbolic",0.0111232551920812,0.0290044279761267
2475,FC_Surprise_T1_20_2_udq_500_lq,"information,symbolic",0.00363941180819762,0.0110415876447215
2477,FC_Surprise_T1_20_2_udq_500_std,"information,symbolic",0.00323359045900606,0.00991392921425555
2479,FC_Surprise_T1_50_3_udq_500_min,"information,symbolic",0.00387203719959334,0.0116663376339829
2487,FC_Surprise_T1_100_4_udq_500_min,"information,symbolic",0.0010764637229582,0.00375538285677654
2489,FC_Surprise_T1_100_4_udq_500_mean,"information,symbolic",0.00947257968258233,0.0252933872500022
2490,FC_Surprise_T1_100_4_udq_500_median,"information,symbolic",0.00885347741593855,0.0238370583775326
2491,FC_Surprise_T1_100_4_udq_500_lq,"information,symbolic",0.00835209536996437,0.0227714600201787
2493,FC_Surprise_T1_100_4_udq_500_std,"information,symbolic",0.0105579451035292,0.027692715575641
2494,FC_Surprise_T1_100_4_udq_500_tstat,"information,symbolic",0.00731756136170696,0.02029297219404
2495,FC_Surprise_T1_100_5_udq_500_min,"information,symbolic",0.00982205374692926,0.0260913939377675
2496,FC_Surprise_T1_100_5_udq_500_max,"information,symbolic",0.00996013478702845,0.0264365233660927
2497,FC_Surprise_T1_100_5_udq_500_mean,"information,symbolic",0.00350474766316831,0.0106443808668825
2498,FC_Surprise_T1_100_5_udq_500_median,"information,symbolic",0.0102351464127983,0.0269752969901751
2499,FC_Surprise_T1_100_5_udq_500_lq,"information,symbolic",0.00419655428256613,0.0125315485836091
2500,FC_Surprise_T1_100_5_udq_500_uq,"information,symbolic",0.0114142584365351,0.0296653992090518
2502,FC_Surprise_T1_100_5_udq_500_tstat,"information,symbolic",0.00427548416137376,0.0126873833579382
2503,FC_Surprise_T2_20_2_udq_500_min,"information,symbolic",0.00211152581929483,0.00682052552433139
2504,FC_Surprise_T2_20_2_udq_500_max,"information,symbolic",5.11809123507259e-06,4.40979344906276e-05
2507,FC_Surprise_T2_20_2_udq_500_lq,"information,symbolic",0.000179950788066558,0.000796319390567187
2509,FC_Surprise_T2_20_2_udq_500_std,"information,symbolic",9.02593269845031e-08,2.00475224311821e-05
2510,FC_Surprise_T2_20_2_udq_500_tstat,"information,symbolic",0.00350474766316831,0.0106443808668825
2515,FC_Surprise_T2_50_3_udq_500_lq,"information,symbolic",0.0131624316461789,0.0335352178998243
2517,FC_Surprise_T2_50_3_udq_500_std,"information,symbolic",0.00561318037248673,0.0160802703424378
2525,FC_Surprise_T2_100_4_udq_500_std,"information,symbolic",0.00379644200152357,0.0114569471089236
2537,FC_Surprise_dist_5_1_m2quad_500_mean,"information,symbolic",2.50614204546602e-06,2.69391341322299e-05
2538,FC_Surprise_dist_5_1_m2quad_500_median,"information,symbolic",0.00804068467251673,0.0220661442844694
2540,FC_Surprise_dist_5_1_m2quad_500_uq,"information,symbolic",8.92788361408424e-07,2.00475224311821e-05
2541,FC_Surprise_dist_5_1_m2quad_500_std,"information,symbolic",0.000155349545893666,0.000695700043158794
2542,FC_Surprise_dist_5_1_m2quad_500_tstat,"information,symbolic",8.7870425947142e-06,6.53381349048968e-05
2545,FC_Surprise_dist_5_tau_m2quad_500_mean,"information,symbolic",2.85533069149158e-07,2.00475224311821e-05
2546,FC_Surprise_dist_5_tau_m2quad_500_median,"information,symbolic",3.53313179172194e-06,3.42530869617076e-05
2548,FC_Surprise_dist_5_tau_m2quad_500_uq,"information,symbolic",0.0001220703125,0.000566266195404172
2549,FC_Surprise_dist_5_tau_m2quad_500_std,"information,symbolic",0.00173520694047121,0.0057218408657985
2550,FC_Surprise_dist_5_tau_m2quad_500_tstat,"information,symbolic",3.97323460579137e-07,2.00475224311821e-05
2553,FC_Surprise_dist_10_tau_m2quad_500_mean,"information,symbolic",2.21621930828942e-06,2.55187970837986e-05
2554,FC_Surprise_dist_10_tau_m2quad_500_median,"information,symbolic",5.26682593788039e-05,0.000271979197198526
2555,FC_Surprise_dist_10_tau_m2quad_500_lq,"information,symbolic",6.16530760054836e-05,0.000311372099968078
2561,FC_Surprise_dist_20_tau_m2quad_500_mean,"information,symbolic",0.000392927991788058,0.00158238573263374
2562,FC_Surprise_dist_20_tau_m2quad_500_median,"information,symbolic",0.00197628936697306,0.00642745664322681
2563,FC_Surprise_dist_20_tau_m2quad_500_lq,"information,symbolic",5.39719900413859e-05,0.000278307739952538
2565,FC_Surprise_dist_20_tau_m2quad_500_std,"information,symbolic",2.0836178159175e-06,2.48358867304337e-05
2566,FC_Surprise_dist_20_tau_m2quad_500_tstat,"information,symbolic",5.52026967449372e-05,0.000282809496066935
2568,FC_Surprise_T1_10_1_m2quad_500_mean,"information,symbolic",1.18773136379583e-06,2.0614381426271e-05
2570,FC_Surprise_T1_10_1_m2quad_500_uq,"information,symbolic",0.000207554886798511,0.000901135188809155
2571,FC_Surprise_T1_10_1_m2quad_500_std,"information,symbolic",2.35690423947498e-06,2.62468396996932e-05
2572,FC_Surprise_T1_10_1_m2quad_500_tstat,"information,symbolic",2.66442794601493e-06,2.79647039289709e-05
2575,FC_Surprise_T1_10_tau_m2quad_500_mean,"information,symbolic",0.000340582796086869,0.00138569878613731
2578,FC_Surprise_T1_10_tau_m2quad_500_uq,"information,symbolic",0.00688809088517903,0.0192671598816564
2579,FC_Surprise_T1_10_tau_m2quad_500_std,"information,symbolic",0.00117574116189045,0.00405947312373238
2580,FC_Surprise_T1_10_tau_m2quad_500_tstat,"information,symbolic",0.000752398562734347,0.00276696029582306
2581,FC_Surprise_T1_20_tau_m2quad_500_min,"information,symbolic",0.0100011173309745,0.0265354030302813
2583,FC_Surprise_T1_20_tau_m2quad_500_mean,"information,symbolic",1.84090878581554e-06,2.3560983668819e-05
2584,FC_Surprise_T1_20_tau_m2quad_500_median,"information,symbolic",1.57425396570953e-06,2.26769053036215e-05
2585,FC_Surprise_T1_20_tau_m2quad_500_lq,"information,symbolic",0.000409386185279315,0.00164680163620554
2586,FC_Surprise_T1_20_tau_m2quad_500_uq,"information,symbolic",3.72042205058453e-06,3.5584036709623e-05
2587,FC_Surprise_T1_20_tau_m2quad_500_std,"information,symbolic",7.98313205736858e-05,0.000390701291060762
2588,FC_Surprise_T1_20_tau_m2quad_500_tstat,"information,symbolic",3.61088889258424e-06,3.45828874288418e-05
2589,FC_Surprise_T1_50_tau_m2quad_500_min,"information,symbolic",0.000301108516091285,0.00124938087493037
2590,FC_Surprise_T1_50_tau_m2quad_500_max,"information,symbolic",0.0155435344180437,0.038552935027934
2591,FC_Surprise_T1_50_tau_m2quad_500_mean,"information,symbolic",7.13316180766304e-07,2.00475224311821e-05
2592,FC_Surprise_T1_50_tau_m2quad_500_median,"information,symbolic",1.4791636732941e-06,2.20420168146283e-05
2593,FC_Surprise_T1_50_tau_m2quad_500_lq,"information,symbolic",1.9140187005555e-06,2.42818604052734e-05
2594,FC_Surprise_T1_50_tau_m2quad_500_uq,"information,symbolic",7.04297841684887e-07,2.00475224311821e-05
2596,FC_Surprise_T1_50_tau_m2quad_500_tstat,"information,symbolic",1.1149831476865e-06,2.05549742977646e-05
2597,FC_Surprise_T2_50_tau_m2quad_500_min,"information,symbolic",0.0201504063942912,0.0480047847009629
2599,FC_Surprise_T2_50_tau_m2quad_500_mean,"information,symbolic",0.00427548416137376,0.0126873833579382
2600,FC_Surprise_T2_50_tau_m2quad_500_median,"information,symbolic",0.0148737037137485,0.0372811819750032
2602,FC_Surprise_T2_50_tau_m2quad_500_uq,"information,symbolic",0.000232059583995322,0.000990009592152705
2604,FC_Surprise_T2_50_tau_m2quad_500_tstat,"information,symbolic",0.00759569887611432,0.0209825284170922
2607,FC_Surprise_T2_100_tau_m2quad_500_mean,"information,symbolic",0.000861541430768804,0.00310102621211472
2608,FC_Surprise_T2_100_tau_m2quad_500_median,"information,symbolic",0.000151331536558804,0.000682863166869024
2609,FC_Surprise_T2_100_tau_m2quad_500_lq,"information,symbolic",0.00160224252044179,0.00533032154065627
2610,FC_Surprise_T2_100_tau_m2quad_500_uq,"information,symbolic",0.00117351732729277,0.00405947312373238
2611,FC_Surprise_T2_100_tau_m2quad_500_std,"information,symbolic",0.000520910653425132,0.00202557388512199
2615,PH_Walker_prop_01_w_std,trend,3.39866324809848e-05,0.000187044761589086
2616,PH_Walker_prop_01_w_ac1,trend,6.95480101290475e-06,5.46854850915251e-05
2617,PH_Walker_prop_01_w_ac2,trend,1.65101028457949e-05,0.000103969815797059
2619,PH_Walker_prop_01_w_min,trend,0.00102996237816126,0.0036104494004904
2620,PH_Walker_prop_01_w_max,trend,7.18988102492802e-05,0.00035628964744699
2621,PH_Walker_prop_01_w_propzcross,trend,2.72896655970471e-05,0.000156481273479925
2622,PH_Walker_prop_01_sw_meanabsdiff,trend,3.21794070598959e-05,0.000178757736641857
2624,PH_Walker_prop_01_sw_ac1rat,trend,1.52708182821975e-06,2.20420168146283e-05
2625,PH_Walker_prop_01_sw_minrat,trend,0.00152607557784433,0.00511037826444246
2626,PH_Walker_prop_01_sw_maxrat,trend,0.00029481867962687,0.00122399633852089
2627,PH_Walker_prop_01_sw_propcross,trend,3.83548211191478e-06,3.62942695590234e-05
2629,PH_Walker_prop_01_sw_distdiff,trend,6.18178925154075e-06,5.01020641389112e-05
2632,PH_Walker_prop_01_res_ac1,trend,8.11026050600951e-07,2.00475224311821e-05
2635,PH_Walker_prop_05_w_std,trend,4.83557438253742e-07,2.00475224311821e-05
2636,PH_Walker_prop_05_w_ac1,trend,4.83557438253742e-07,2.00475224311821e-05
2637,PH_Walker_prop_05_w_ac2,trend,6.26998872165287e-07,2.00475224311821e-05
2638,PH_Walker_prop_05_w_tau,trend,0.000324636730799297,0.00133455515676938
2640,PH_Walker_prop_05_w_max,trend,0.00499939877018464,0.0145623093117617
2641,PH_Walker_prop_05_w_propzcross,trend,1.18773136379583e-06,2.0614381426271e-05
2642,PH_Walker_prop_05_sw_meanabsdiff,trend,7.60661190228156e-07,2.00475224311821e-05
2644,PH_Walker_prop_05_sw_ac1rat,trend,9.86802931933148e-06,7.07871941898819e-05
2645,PH_Walker_prop_05_sw_minrat,trend,0.00653714319617325,0.0183866841833869
2646,PH_Walker_prop_05_sw_maxrat,trend,0.000901068977688017,0.00320921263524921
2647,PH_Walker_prop_05_sw_propcross,trend,0.00018970647056619,0.000828699352086562
2648,PH_Walker_prop_05_sw_ansarib_pval,trend,5.2407781126952e-06,4.46093026913147e-05
2649,PH_Walker_prop_05_sw_distdiff,trend,4.24272170812157e-07,2.00475224311821e-05
2652,PH_Walker_prop_05_res_ac1,trend,9.32965976131512e-05,0.000446168406327409
2655,PH_Walker_prop_09_w_std,trend,9.21562980967866e-07,2.00475224311821e-05
2656,PH_Walker_prop_09_w_ac1,trend,8.11026050600951e-07,2.00475224311821e-05
2657,PH_Walker_prop_09_w_ac2,trend,3.72030155408931e-07,2.00475224311821e-05
2658,PH_Walker_prop_09_w_tau,trend,0.00018970647056619,0.000828699352086562
2661,PH_Walker_prop_09_w_propzcross,trend,2.04184026046771e-06,2.48358867304337e-05
2662,PH_Walker_prop_09_sw_meanabsdiff,trend,8.11026050600951e-07,2.00475224311821e-05
2664,PH_Walker_prop_09_sw_ac1rat,trend,2.72896655970471e-05,0.000156481273479925
2667,PH_Walker_prop_09_sw_propcross,trend,0.00298168202047877,0.00920106212390586
2668,PH_Walker_prop_09_sw_ansarib_pval,trend,1.84090878581554e-06,2.3560983668819e-05
2669,PH_Walker_prop_09_sw_distdiff,trend,8.11026050600951e-07,2.00475224311821e-05
2672,PH_Walker_prop_09_res_ac1,trend,0.00232957338585228,0.00743374179987659
2675,PH_Walker_prop_11_w_std,trend,1.18773136379583e-06,2.0614381426271e-05
2676,PH_Walker_prop_11_w_ac1,trend,1.34716678791654e-06,2.12559620018051e-05
2677,PH_Walker_prop_11_w_ac2,trend,3.72030155408931e-07,2.00475224311821e-05
2678,PH_Walker_prop_11_w_tau,trend,0.000220031677037124,0.000944357909406618
2681,PH_Walker_prop_11_w_propzcross,trend,2.35690423947498e-06,2.62468396996932e-05
2682,PH_Walker_prop_11_sw_meanabsdiff,trend,1.18773136379583e-06,2.0614381426271e-05
2684,PH_Walker_prop_11_sw_ac1rat,trend,5.82159585412248e-05,0.00029590340069954
2687,PH_Walker_prop_11_sw_propcross,trend,0.00731756136170696,0.02029297219404
2688,PH_Walker_prop_11_sw_ansarib_pval,trend,3.39893536496135e-06,3.29970314557503e-05
2689,PH_Walker_prop_11_sw_distdiff,trend,1.18773136379583e-06,2.0614381426271e-05
2692,PH_Walker_prop_11_res_ac1,trend,0.010943570085506,0.0285463507069137
2693,PH_Walker_biasprop_05_01_w_mean,trend,0.000280890693437725,0.00117026825205085
2694,PH_Walker_biasprop_05_01_w_median,trend,0.00263725978627337,0.00828553670601383
2695,PH_Walker_biasprop_05_01_w_std,trend,8.64595004250958e-07,2.00475224311821e-05
2696,PH_Walker_biasprop_05_01_w_ac1,trend,6.26998872165287e-07,2.00475224311821e-05
2697,PH_Walker_biasprop_05_01_w_ac2,trend,1.04653269791364e-06,2.00475224311821e-05
2698,PH_Walker_biasprop_05_01_w_tau,trend,0.00263725978627337,0.00828553670601383
2699,PH_Walker_biasprop_05_01_w_min,trend,0.00880542419332382,0.023716653504804
2700,PH_Walker_biasprop_05_01_w_max,trend,0.000324636730799297,0.00133455515676938
2701,PH_Walker_biasprop_05_01_w_propzcross,trend,2.50614204546602e-06,2.69391341322299e-05
2702,PH_Walker_biasprop_05_01_sw_meanabsdiff,trend,4.32549215748757e-06,3.92104486530975e-05
2704,PH_Walker_biasprop_05_01_sw_ac1rat,trend,4.22259746751932e-05,0.000224741986378964
2706,PH_Walker_biasprop_05_01_sw_maxrat,trend,0.000163342672991421,0.00072737575782663
2707,PH_Walker_biasprop_05_01_sw_propcross,trend,3.78942790951893e-05,0.000206791173344607
2708,PH_Walker_biasprop_05_01_sw_ansarib_pval,trend,2.70418358018658e-05,0.000156481273479925
2709,PH_Walker_biasprop_05_01_sw_distdiff,trend,2.50614204546602e-06,2.69391341322299e-05
2712,PH_Walker_biasprop_05_01_res_ac1,trend,6.55740619856895e-06,5.21951929631058e-05
2713,PH_Walker_biasprop_01_05_w_mean,trend,0.000340582796086869,0.00138569878613731
2714,PH_Walker_biasprop_01_05_w_median,trend,0.0155436158790251,0.038552935027934
2715,PH_Walker_biasprop_01_05_w_std,trend,8.11026050600951e-07,2.00475224311821e-05
2716,PH_Walker_biasprop_01_05_w_ac1,trend,9.21562980967866e-07,2.00475224311821e-05
2717,PH_Walker_biasprop_01_05_w_ac2,trend,1.52708182821975e-06,2.20420168146283e-05
2718,PH_Walker_biasprop_01_05_w_tau,trend,0.0121766025070389,0.0313717246343551
2719,PH_Walker_biasprop_01_05_w_min,trend,0.00982277183238884,0.0260913939377675
2720,PH_Walker_biasprop_01_05_w_max,trend,0.000209450726687326,0.000904949223501525
2721,PH_Walker_biasprop_01_05_w_propzcross,trend,1.72998018997263e-06,2.30966961197847e-05
2722,PH_Walker_biasprop_01_05_sw_meanabsdiff,trend,3.39893536496135e-06,3.29970314557503e-05
2724,PH_Walker_biasprop_01_05_sw_ac1rat,trend,6.1384547346443e-05,0.000310236107185574
2725,PH_Walker_biasprop_01_05_sw_minrat,trend,0.00519689746784096,0.0150758754101738
2726,PH_Walker_biasprop_01_05_sw_maxrat,trend,6.82179820007579e-05,0.000340181611715062
2727,PH_Walker_biasprop_01_05_sw_propcross,trend,7.18988102492802e-05,0.00035628964744699
2728,PH_Walker_biasprop_01_05_sw_ansarib_pval,trend,2.70418358018658e-05,0.000156481273479925
2729,PH_Walker_biasprop_01_05_sw_distdiff,trend,8.64595004250958e-07,2.00475224311821e-05
2732,PH_Walker_biasprop_01_05_res_ac1,trend,6.95480101290475e-06,5.46854850915251e-05
2735,PH_Walker_momentum_2_w_std,trend,3.04637264727127e-05,0.000170692816991987
2736,PH_Walker_momentum_2_w_ac1,trend,1.78653201486373e-07,2.00475224311821e-05
2737,PH_Walker_momentum_2_w_ac2,trend,2.33762332210425e-07,2.00475224311821e-05
2738,PH_Walker_momentum_2_w_tau,trend,5.82159585412248e-05,0.00029590340069954
2741,PH_Walker_momentum_2_w_momentumzcross,trend,6.26998872165287e-07,2.00475224311821e-05
2742,PH_Walker_momentum_2_sw_meanabsdiff,trend,2.18616188569126e-07,2.00475224311821e-05
2744,PH_Walker_momentum_2_sw_ac1rat,trend,0.000155349545893666,0.000695700043158794
2746,PH_Walker_momentum_2_sw_maxrat,trend,0.010943570085506,0.0285463507069137
2748,PH_Walker_momentum_2_sw_ansarib_pval,trend,0.0033836301270019,0.0103338678041826
2749,PH_Walker_momentum_2_sw_distdiff,trend,2.18599433306592e-05,0.000131270343241325
2755,PH_Walker_momentum_5_w_std,trend,0.00629414882979977,0.0178017341307055
2756,PH_Walker_momentum_5_w_ac1,trend,1.1149831476865e-06,2.05549742977646e-05
2757,PH_Walker_momentum_5_w_ac2,trend,1.18773136379583e-06,2.0614381426271e-05
2758,PH_Walker_momentum_5_w_tau,trend,6.18178925154075e-06,5.01020641389112e-05
2761,PH_Walker_momentum_5_w_momentumzcross,trend,4.59245894147181e-06,4.08499222843917e-05
2762,PH_Walker_momentum_5_sw_meanabsdiff,trend,1.34716678791654e-06,2.12559620018051e-05
2763,PH_Walker_momentum_5_sw_taudiff,trend,0.00159305660196512,0.00530720542115347
2764,PH_Walker_momentum_5_sw_ac1rat,trend,2.50614204546602e-06,2.69391341322299e-05
2765,PH_Walker_momentum_5_sw_minrat,trend,0.0172213319317616,0.0419250763005186
2766,PH_Walker_momentum_5_sw_maxrat,trend,0.00561318037248673,0.0160802703424378
2767,PH_Walker_momentum_5_sw_propcross,trend,0.00263725978627337,0.00828553670601383
2772,PH_Walker_momentum_5_res_ac1,trend,0.00049718147462051,0.00194606346171592
2775,PH_Walker_runningvar_15_50_w_std,trend,3.04637264727127e-05,0.000170692816991987
2776,PH_Walker_runningvar_15_50_w_ac1,trend,2.85533069149158e-07,2.00475224311821e-05
2777,PH_Walker_runningvar_15_50_w_ac2,trend,2.04420430353178e-07,2.00475224311821e-05
2778,PH_Walker_runningvar_15_50_w_tau,trend,0.000171721588064445,0.000761827194929294
2781,PH_Walker_runningvar_15_50_w_propzcross,trend,7.60661190228156e-07,2.00475224311821e-05
2782,PH_Walker_runningvar_15_50_sw_meanabsdiff,trend,1.34716678791654e-06,2.12559620018051e-05
2784,PH_Walker_runningvar_15_50_sw_ac1rat,trend,0.00263725978627337,0.00828553670601383
2789,PH_Walker_runningvar_15_50_sw_distdiff,trend,0.000452716478387203,0.00178874539711457
2792,PH_Walker_runningvar_15_50_res_ac1,trend,0.0101844541042579,0.0268516396464984
2793,EN_SampEn_5_005_sampen0,"entropy,distribution",0.0210589482429528,0.0496045930807191
2794,EN_SampEn_5_005_sampen1,entropy,9.82136182665932e-07,2.00475224311821e-05
2795,EN_SampEn_5_005_sampen2,entropy,7.8197737788281e-06,5.93868838955611e-05
2796,EN_SampEn_5_005_sampen3,entropy,1.47412616174406e-05,9.51894897184276e-05
2800,EN_SampEn_5_01_sampen0,"entropy,distribution",0.017814839449509,0.0431779283115484
2801,EN_SampEn_5_01_sampen1,entropy,9.21562980967866e-07,2.00475224311821e-05
2802,EN_SampEn_5_01_sampen2,entropy,7.3751706263707e-06,5.71074147739433e-05
2803,EN_SampEn_5_01_sampen3,entropy,7.3751706263707e-06,5.71074147739433e-05
2804,EN_SampEn_5_01_sampen4,entropy,2.35690423947498e-06,2.62468396996932e-05
2805,EN_SampEn_5_01_sampen5,entropy,2.8322842707188e-06,2.91671995230607e-05
2806,EN_SampEn_5_01_meanchsampen,entropy,6.95480101290475e-06,5.46854850915251e-05
2807,EN_SampEn_5_015_sampen0,"entropy,distribution",0.0166452400339562,0.0408158263548009
2808,EN_SampEn_5_015_sampen1,entropy,9.82136182665932e-07,2.00475224311821e-05
2809,EN_SampEn_5_015_sampen2,entropy,7.8197737788281e-06,5.93868838955611e-05
2810,EN_SampEn_5_015_sampen3,entropy,7.8197737788281e-06,5.93868838955611e-05
2811,EN_SampEn_5_015_sampen4,entropy,5.49139337197368e-06,4.61900180082325e-05
2812,EN_SampEn_5_015_sampen5,entropy,5.17450467954947e-06,4.40979344906276e-05
2813,EN_SampEn_5_015_meanchsampen,entropy,1.04550591732956e-05,7.39544742317808e-05
2814,EN_SampEn_5_02_sampen0,"entropy,distribution",0.0203717531519052,0.0482093100861182
2815,EN_SampEn_5_02_sampen1,entropy,9.82136182665932e-07,2.00475224311821e-05
2816,EN_SampEn_5_02_sampen2,entropy,9.86802931933148e-06,7.07871941898819e-05
2817,EN_SampEn_5_02_sampen3,entropy,6.55740619856895e-06,5.21951929631058e-05
2818,EN_SampEn_5_02_sampen4,entropy,5.17450467954947e-06,4.40979344906276e-05
2819,EN_SampEn_5_02_sampen5,entropy,2.50614204546602e-06,2.69391341322299e-05
2820,EN_SampEn_5_02_meanchsampen,entropy,6.18178925154075e-06,5.01020641389112e-05
2821,EN_SampEn_5_03_sampen0,"entropy,distribution",0.01842619348603,0.0444176127529097
2822,EN_SampEn_5_03_sampen1,entropy,9.21562980967866e-07,2.00475224311821e-05
2823,EN_SampEn_5_03_sampen2,entropy,8.7870425947142e-06,6.53381349048968e-05
2824,EN_SampEn_5_03_sampen3,entropy,5.49139337197368e-06,4.61900180082325e-05
2825,EN_SampEn_5_03_sampen4,entropy,3.83548211191478e-06,3.62942695590234e-05
2826,EN_SampEn_5_03_sampen5,entropy,2.8322842707188e-06,2.91671995230607e-05
2827,EN_SampEn_5_03_meanchsampen,entropy,6.55740619856895e-06,5.21951929631058e-05
2828,EN_SampEn_5_01_diff1_sampen0,entropy,9.21562980967866e-07,2.00475224311821e-05
2829,EN_SampEn_5_01_diff1_sampen1,entropy,2.21621930828942e-06,2.55187970837986e-05
2830,EN_SampEn_5_01_diff1_sampen2,entropy,5.17450467954947e-06,4.40979344906276e-05
2831,EN_SampEn_5_01_diff1_sampen3,entropy,5.17450467954947e-06,4.40979344906276e-05
2832,EN_SampEn_5_01_diff1_sampen4,entropy,1.56018019057256e-05,9.98403078787259e-05
2833,EN_SampEn_5_01_diff1_sampen5,entropy,8.41011855946992e-05,0.000408786910308661
2835,EN_SampEn_5_02_diff1_sampen0,entropy,9.21562980967866e-07,2.00475224311821e-05
2836,EN_SampEn_5_02_diff1_sampen1,entropy,2.35690423947498e-06,2.62468396996932e-05
2837,EN_SampEn_5_02_diff1_sampen2,entropy,5.17450467954947e-06,4.40979344906276e-05
2838,EN_SampEn_5_02_diff1_sampen3,entropy,4.07343157778537e-06,3.7841434866215e-05
2839,EN_SampEn_5_02_diff1_sampen4,entropy,5.17450467954947e-06,4.40979344906276e-05
2840,EN_SampEn_5_02_diff1_sampen5,entropy,7.3751706263707e-06,5.71074147739433e-05
2842,EN_mse_1-10_2_015_sampen_s2,entropy,4.5298014109361e-07,2.00475224311821e-05
2843,EN_mse_1-10_2_015_sampen_s3,entropy,1.26503510150617e-06,2.12559620018051e-05
2844,EN_mse_1-10_2_015_sampen_s4,entropy,0.000267581120235988,0.00112469418287023
2848,EN_mse_1-10_2_015_sampen_s8,entropy,0.00583240319190966,0.0166613332451341
2849,EN_mse_1-10_2_015_sampen_s9,entropy,0.0166452400339562,0.0408158263548009
2852,EN_mse_1-10_2_015_maxScale,entropy,0.000571752457828775,0.00219889005942868
2853,EN_mse_1-10_2_015_minSampEn,entropy,9.3125620761273e-06,6.74142337067364e-05
2856,EN_mse_1-10_2_015_stdSampEn,entropy,6.47159490551713e-05,0.000324995549383627
2857,EN_mse_1-10_2_015_cvSampEn,entropy,2.8835208146233e-05,0.000164153072934875
2858,EN_mse_1-10_2_015_meanch,entropy,4.07343157778537e-06,3.7841434866215e-05
2861,EN_mse_1-10_2_015_diff1_sampen_s3,entropy,0.00205509104458358,0.00664728539693489
2862,EN_mse_1-10_2_015_diff1_sampen_s4,entropy,2.50614204546602e-06,2.69391341322299e-05
2863,EN_mse_1-10_2_015_diff1_sampen_s5,entropy,3.4829427824527e-07,2.00475224311821e-05
2864,EN_mse_1-10_2_015_diff1_sampen_s6,entropy,3.72030155408931e-07,2.00475224311821e-05
2865,EN_mse_1-10_2_015_diff1_sampen_s7,entropy,2.49919961928664e-07,2.00475224311821e-05
2866,EN_mse_1-10_2_015_diff1_sampen_s8,entropy,8.64595004250958e-07,2.00475224311821e-05
2867,EN_mse_1-10_2_015_diff1_sampen_s9,entropy,1.04653269791364e-06,2.00475224311821e-05
2868,EN_mse_1-10_2_015_diff1_sampen_s10,entropy,1.91117503015364e-07,2.00475224311821e-05
2871,EN_mse_1-10_2_015_diff1_minSampEn,entropy,2.04420430353178e-07,2.00475224311821e-05
2873,EN_mse_1-10_2_015_diff1_meanSampEn,entropy,3.72030155408931e-07,2.00475224311821e-05
2874,EN_mse_1-10_2_015_diff1_stdSampEn,entropy,4.5298014109361e-07,2.00475224311821e-05
2875,EN_mse_1-10_2_015_diff1_cvSampEn,entropy,3.72030155408931e-07,2.00475224311821e-05
2876,EN_mse_1-10_2_015_diff1_meanch,entropy,5.17450467954947e-06,4.40979344906276e-05
2887,EN_mse_1-10_2_015_rescale_tau_maxSampEn,entropy,0.00629414882979977,0.0178017341307055
2889,EN_mse_1-10_2_015_rescale_tau_minSampEn,entropy,0.00347668827269245,0.0106135194116171
2891,EN_mse_1-10_2_015_rescale_tau_meanSampEn,entropy,0.0160861401361776,0.039691044802025
2893,EN_mse_1-10_2_015_rescale_tau_cvSampEn,entropy,0.0172213319317616,0.0419250763005186
2895,EN_Randomize_statdist_xcn1fexpa,"entropy,slow",3.19894145993939e-06,3.19266022846124e-05
2901,EN_Randomize_statdist_xc1fexpa,"entropy,slow",1.52708182821975e-06,2.20420168146283e-05
2913,EN_Randomize_statdist_ac1fexpa,"entropy,slow",1.34716678791654e-06,2.12559620018051e-05
2919,EN_Randomize_statdist_ac2fexpa,"entropy,slow",1.78653201486373e-07,2.00475224311821e-05
2921,EN_Randomize_statdist_ac2fexpr2,"entropy,slow",0.00310530796992304,0.00954942589195003
2925,EN_Randomize_statdist_ac3fexpa,"entropy,slow",3.72030155408931e-07,2.00475224311821e-05
2927,EN_Randomize_statdist_ac3fexpr2,"entropy,slow",0.000140455025433301,0.000639052404720823
2931,EN_Randomize_statdist_ac4fexpa,"entropy,slow",1.04653269791364e-06,2.00475224311821e-05
2933,EN_Randomize_statdist_ac4fexpr2,"entropy,slow",0.000752398562734347,0.00276696029582306
2937,EN_Randomize_statdist_sampen2_015fexpa,"entropy,slow",3.39866324809848e-05,0.000187044761589086
2938,EN_Randomize_statdist_sampen2_015fexpb,"entropy,slow",3.19894145993939e-06,3.19266022846124e-05
2941,EN_Randomize_statdist_sampen2_015fexprmse,"entropy,slow",0.00427548416137376,0.0126873833579382
2942,EN_Randomize_statdist_sampen2_015diff,"entropy,slow",0.000901068977688017,0.00320921263524921
2943,EN_Randomize_statdist_sampen2_015hp,"entropy,slow",1.59924735932474e-05,0.000102248375642002
2958,EN_Randomize_dyndist_xcn1fexpa,"entropy,slow",3.83548211191478e-06,3.62942695590234e-05
2964,EN_Randomize_dyndist_xc1fexpa,"entropy,slow",2.35690423947498e-06,2.62468396996932e-05
2976,EN_Randomize_dyndist_ac1fexpa,"entropy,slow",1.95865484438265e-06,2.42818604052734e-05
2982,EN_Randomize_dyndist_ac2fexpa,"entropy,slow",2.85533069149158e-07,2.00475224311821e-05
2984,EN_Randomize_dyndist_ac2fexpr2,"entropy,slow",0.00159305660196512,0.00530720542115347
2988,EN_Randomize_dyndist_ac3fexpa,"entropy,slow",3.4829427824527e-07,2.00475224311821e-05
2990,EN_Randomize_dyndist_ac3fexpr2,"entropy,slow",3.78942790951893e-05,0.000206791173344607
2994,EN_Randomize_dyndist_ac4fexpa,"entropy,slow",1.04653269791364e-06,2.00475224311821e-05
2996,EN_Randomize_dyndist_ac4fexpr2,"entropy,slow",1.17306779714729e-05,8.11229392079699e-05
3000,EN_Randomize_dyndist_sampen2_015fexpa,"entropy,slow",4.00045227898351e-05,0.000216316249371175
3001,EN_Randomize_dyndist_sampen2_015fexpb,"entropy,slow",6.82179820007579e-05,0.000340181611715062
3004,EN_Randomize_dyndist_sampen2_015fexprmse,"entropy,slow",0.000598582921400376,0.00228147620175955
3005,EN_Randomize_dyndist_sampen2_015diff,"entropy,slow",0.000861541430768804,0.00310102621211472
3006,EN_Randomize_dyndist_sampen2_015hp,"entropy,slow",0.00108890017491686,0.00379647900279686
3021,EN_Randomize_permute_xcn1fexpa,"entropy,slow",3.19894145993939e-06,3.19266022846124e-05
3027,EN_Randomize_permute_xc1fexpa,"entropy,slow",2.50614204546602e-06,2.69391341322299e-05
3032,EN_Randomize_permute_xc1hp,"entropy,slow",0.00763288178779231,0.021077061234742
3039,EN_Randomize_permute_ac1fexpa,"entropy,slow",1.84090878581554e-06,2.3560983668819e-05
3045,EN_Randomize_permute_ac2fexpa,"entropy,slow",2.04420430353178e-07,2.00475224311821e-05
3047,EN_Randomize_permute_ac2fexpr2,"entropy,slow",0.0117525566357291,0.0303892416496542
3051,EN_Randomize_permute_ac3fexpa,"entropy,slow",4.83557438253742e-07,2.00475224311821e-05
3053,EN_Randomize_permute_ac3fexpr2,"entropy,slow",0.00018970647056619,0.000828699352086562
3057,EN_Randomize_permute_ac4fexpa,"entropy,slow",1.04653269791364e-06,2.00475224311821e-05
3059,EN_Randomize_permute_ac4fexpr2,"entropy,slow",0.000147725636058422,0.000667014991238408
3063,EN_Randomize_permute_sampen2_015fexpa,"entropy,slow",1.47412616174406e-05,9.51894897184276e-05
3064,EN_Randomize_permute_sampen2_015fexpb,"entropy,slow",4.22259746751932e-05,0.000224741986378964
3067,EN_Randomize_permute_sampen2_015fexprmse,"entropy,slow",4.22259746751932e-05,0.000224741986378964
3068,EN_Randomize_permute_sampen2_015diff,"entropy,slow",0.000718970297700572,0.00266885374983686
3069,EN_Randomize_permute_sampen2_015hp,"entropy,slow",0.0015869140625,0.00530661676163064
3078,EN_Randomize_permute_swss5_1fexpb,"entropy,slow,stationarity",0.0121766025070389,0.0313717246343551
3085,FC_LocalSimple_mean1_meanabserr,forecasting,9.82136182665932e-07,2.00475224311821e-05
3087,FC_LocalSimple_mean1_swm,forecasting,0.000985214086551646,0.00347240388306167
3089,FC_LocalSimple_mean1_ac1,forecasting,0.00499939877018464,0.0145623093117617
3090,FC_LocalSimple_mean1_ac2,forecasting,5.82159585412248e-05,0.00029590340069954
3091,FC_LocalSimple_mean1_taures,forecasting,7.60661190228156e-07,2.00475224311821e-05
3094,FC_LocalSimple_mean2_meanabserr,forecasting,5.16120692670543e-07,2.00475224311821e-05
3095,FC_LocalSimple_mean2_stderr,forecasting,4.24272170812157e-07,2.00475224311821e-05
3097,FC_LocalSimple_mean2_swm,forecasting,0.00181057379343184,0.00594282431460377
3099,FC_LocalSimple_mean2_ac1,forecasting,0.00049718147462051,0.00194606346171592
3100,FC_LocalSimple_mean2_ac2,forecasting,2.31118018635252e-05,0.000137626428502799
3101,FC_LocalSimple_mean2_taures,forecasting,3.97323460579137e-07,2.00475224311821e-05
3104,FC_LocalSimple_mean3_meanabserr,forecasting,5.50793468636543e-07,2.00475224311821e-05
3105,FC_LocalSimple_mean3_stderr,forecasting,5.50793468636543e-07,2.00475224311821e-05
3107,FC_LocalSimple_mean3_swm,forecasting,0.00173520694047121,0.0057218408657985
3109,FC_LocalSimple_mean3_ac1,forecasting,6.47159490551713e-05,0.000324995549383627
3110,FC_LocalSimple_mean3_ac2,forecasting,3.19894145993939e-06,3.19266022846124e-05
3111,FC_LocalSimple_mean3_taures,forecasting,9.02593269845031e-08,2.00475224311821e-05
3112,FC_LocalSimple_mean3_tauresrat,forecasting,0.0203717531519052,0.0482093100861182
3114,FC_LocalSimple_mean4_meanabserr,forecasting,7.60661190228156e-07,2.00475224311821e-05
3115,FC_LocalSimple_mean4_stderr,forecasting,6.26998872165287e-07,2.00475224311821e-05
3117,FC_LocalSimple_mean4_swm,forecasting,0.00605931502191424,0.0172059400223231
3119,FC_LocalSimple_mean4_ac1,forecasting,2.72896655970471e-05,0.000156481273479925
3120,FC_LocalSimple_mean4_ac2,forecasting,3.97323460579137e-07,2.00475224311821e-05
3121,FC_LocalSimple_mean4_taures,forecasting,4.81936651692488e-08,2.00475224311821e-05
3122,FC_LocalSimple_mean4_tauresrat,forecasting,0.00788327688124583,0.021650867729427
3124,FC_LocalSimple_meantau_meanabserr,forecasting,3.39866324809848e-05,0.000187044761589086
3125,FC_LocalSimple_meantau_stderr,forecasting,6.95480101290475e-06,5.46854850915251e-05
3129,FC_LocalSimple_meantau_ac1,forecasting,2.0836178159175e-06,2.48358867304337e-05
3130,FC_LocalSimple_meantau_ac2,forecasting,1.72998018997263e-06,2.30966961197847e-05
3131,FC_LocalSimple_meantau_taures,forecasting,0.00013352242572232,0.000611419293075952
3134,FC_LoopLocalSimple_mean_stderr_meansgndiff,forecasting,0.0001220703125,0.000566266195404172
3135,FC_LoopLocalSimple_mean_stderr_peakpos,forecasting,0.0001220703125,0.000566266195404172
3136,FC_LoopLocalSimple_mean_stderr_peaksize,forecasting,1.91117503015364e-07,2.00475224311821e-05
3137,FC_LoopLocalSimple_mean_sws_chn,forecasting,0.0183441852692948,0.0444004157742522
3138,FC_LoopLocalSimple_mean_sws_meansgndiff,forecasting,0.00157983627597139,0.00528543250578864
3150,FC_LoopLocalSimple_mean_ac1_stdn,forecasting,3.39866324809848e-05,0.000187044761589086
3153,FC_LoopLocalSimple_mean_ac2_stdn,forecasting,5.50793468636543e-07,2.00475224311821e-05
3155,FC_LocalSimple_median3_meanabserr,forecasting,4.24272170812157e-07,2.00475224311821e-05
3156,FC_LocalSimple_median3_stderr,forecasting,3.72030155408931e-07,2.00475224311821e-05
3158,FC_LocalSimple_median3_swm,forecasting,0.000752398562734347,0.00276696029582306
3160,FC_LocalSimple_median3_ac1,forecasting,8.85862417242377e-05,0.000428247076161464
3161,FC_LocalSimple_median3_ac2,forecasting,5.17450467954947e-06,4.40979344906276e-05
3162,FC_LocalSimple_median3_taures,forecasting,1.36205222978583e-07,2.00475224311821e-05
3165,FC_LocalSimple_median5_meanabserr,forecasting,1.1149831476865e-06,2.05549742977646e-05
3166,FC_LocalSimple_median5_stderr,forecasting,9.21562980967866e-07,2.00475224311821e-05
3170,FC_LocalSimple_median5_ac1,forecasting,6.18178925154075e-06,5.01020641389112e-05
3171,FC_LocalSimple_median5_ac2,forecasting,1.66976483886586e-07,2.00475224311821e-05
3172,FC_LocalSimple_median5_taures,forecasting,4.81936651692488e-08,2.00475224311821e-05
3173,FC_LocalSimple_median5_tauresrat,forecasting,0.00561318037248673,0.0160802703424378
3175,FC_LocalSimple_median7_meanabserr,forecasting,1.65101028457949e-05,0.000103969815797059
3176,FC_LocalSimple_median7_stderr,forecasting,1.47412616174406e-05,9.51894897184276e-05
3179,FC_LocalSimple_median7_gofr2,forecasting,0.00223455572247879,0.00715943202213376
3180,FC_LocalSimple_median7_ac1,forecasting,2.50614204546602e-06,2.69391341322299e-05
3181,FC_LocalSimple_median7_ac2,forecasting,1.66976483886586e-07,2.00475224311821e-05
3182,FC_LocalSimple_median7_taures,forecasting,1.03591204136718e-07,2.00475224311821e-05
3183,FC_LocalSimple_median7_tauresrat,forecasting,0.00223455572247879,0.00715943202213376
3185,FC_LocalSimple_lfit2_meanabserr,forecasting,9.86802931933148e-06,7.07871941898819e-05
3190,FC_LocalSimple_lfit2_ac2,forecasting,0.00364794442843455,0.0110415876447215
3192,FC_LocalSimple_lfit2_tauresrat,forecasting,0.00029481867962687,0.00122399633852089
3194,FC_LocalSimple_lfit3_meanabserr,forecasting,1.26503510150617e-06,2.12559620018051e-05
3195,FC_LocalSimple_lfit3_stderr,forecasting,1.18773136379583e-06,2.0614381426271e-05
3197,FC_LocalSimple_lfit3_swm,forecasting,0.0105579451035292,0.027692715575641
3198,FC_LocalSimple_lfit3_gofr2,forecasting,0.0027478022249797,0.00857979843482033
3200,FC_LocalSimple_lfit3_ac2,forecasting,0.0121766025070389,0.0313717246343551
3202,FC_LocalSimple_lfit3_tauresrat,forecasting,0.000280890693437725,0.00117026825205085
3204,FC_LocalSimple_lfit4_meanabserr,forecasting,3.05130403710894e-07,2.00475224311821e-05
3205,FC_LocalSimple_lfit4_stderr,forecasting,2.85533069149158e-07,2.00475224311821e-05
3207,FC_LocalSimple_lfit4_swm,forecasting,0.0172213319317616,0.0419250763005186
3210,FC_LocalSimple_lfit4_ac2,forecasting,0.00395041253231895,0.0118562360101146
3211,FC_LocalSimple_lfit4_taures,forecasting,0.00818056932224017,0.0223209092396707
3212,FC_LocalSimple_lfit4_tauresrat,forecasting,0.00078726537066868,0.00286909709983228
3214,FC_LocalSimple_lfit5_meanabserr,forecasting,2.04420430353178e-07,2.00475224311821e-05
3215,FC_LocalSimple_lfit5_stderr,forecasting,1.91117503015364e-07,2.00475224311821e-05
3217,FC_LocalSimple_lfit5_swm,forecasting,0.0197042011871398,0.046988973072281
3219,FC_LocalSimple_lfit5_ac1,forecasting,0.0135312008308029,0.0342662011074709
3220,FC_LocalSimple_lfit5_ac2,forecasting,0.000474463308048828,0.0018653485635776
3221,FC_LocalSimple_lfit5_taures,forecasting,0.000431902709468371,0.00171507794675052
3222,FC_LocalSimple_lfit5_tauresrat,forecasting,0.00173520694047121,0.0057218408657985
3224,FC_LocalSimple_lfittau_meanabserr,forecasting,0.00540141912727418,0.0155487453518135
3225,FC_LocalSimple_lfittau_stderr,forecasting,0.00605931502191424,0.0172059400223231
3227,FC_LocalSimple_lfittau_swm,forecasting,0.00223455572247879,0.00715943202213376
3229,FC_LocalSimple_lfittau_ac1,forecasting,4.32549215748757e-06,3.92104486530975e-05
3230,FC_LocalSimple_lfittau_ac2,forecasting,3.39893536496135e-06,3.29970314557503e-05
3231,FC_LocalSimple_lfittau_taures,forecasting,4.00045227898351e-05,0.000216316249371175
3233,DN_SimpleFit_gauss1_r2_ks,"distribution,gof,gauss1",0.00364794442843455,0.0110415876447215
3234,DN_SimpleFit_gauss1_rmse_ks,"distribution,gof,gauss1",0.00411003277270197,0.0122834914786003
3240,DN_SimpleFit_gauss1_AC1_hsqrt,"distribution,gof,gauss1",0.00122842305321242,0.00422088770963764
3256,DN_SimpleFit_exp1_AC2_ks,"distribution,gof,exp1",0.00117574116189045,0.00405947312373238
3260,DN_SimpleFit_exp1_AC1_hsqrt,"distribution,gof,exp1",0.00982277183238884,0.0260913939377675
3268,DN_CompareKSFit_norm_adiff,"distribution,ksdensity,raw",0.0121766025070389,0.0313717246343551
3269,DN_CompareKSFit_norm_psy,"distribution,ksdensity,raw",0.0126141510785048,0.0323467744413117
3272,DN_CompareKSFit_norm_relent,"distribution,ksdensity,raw",0.00499939877018464,0.0145623093117617
3280,DN_CompareKSFit_uni_psx,"distribution,ksdensity,raw,locationDependent",0.00205509104458358,0.00664728539693489
3284,DN_CompareKSFit_beta_psy,"distribution,ksdensity,raw",0.00848785630958759,0.0230093659043906
3287,DN_CompareKSFit_beta_relent,"distribution,ksdensity,raw",0.00880542419332382,0.023716653504804
3347,DN_OutlierInclude_p_001_mfexpa,"distribution,outliers",0.00379644200152357,0.0114569471089236
3348,DN_OutlierInclude_p_001_mfexpb,"distribution,outliers",0.00678854239663417,0.0189961729038336
3349,DN_OutlierInclude_p_001_mfexpc,"distribution,outliers",0.00253079653773657,0.00798277844083928
3372,DN_OutlierInclude_p_001_stdrfexpa,"distribution,outliers",0.01842619348603,0.0444176127529097
3374,DN_OutlierInclude_p_001_stdrfexpc,"distribution,outliers",0.0150172581412796,0.0374169499066335
3417,ST_LocalExtrema_l50_minabsmin,"distribution,stationarity",0.00242827797978465,0.00770380120559409
3419,ST_LocalExtrema_l50_meanmax,"distribution,stationarity",1.10753480969413e-05,7.72668402527787e-05
3420,ST_LocalExtrema_l50_meanabsmin,"distribution,stationarity",6.95480101290475e-06,5.46854850915251e-05
3422,ST_LocalExtrema_l50_medianmax,"distribution,stationarity",5.17450467954947e-06,4.40979344906276e-05
3423,ST_LocalExtrema_l50_medianabsmin,"distribution,stationarity",4.22259746751932e-05,0.000224741986378964
3425,ST_LocalExtrema_l50_stdmax,"distribution,stationarity",0.00205509104458358,0.00664728539693489
3426,ST_LocalExtrema_l50_stdmin,"distribution,stationarity",0.00480871169077813,0.0140818075685503
3427,ST_LocalExtrema_l50_stdext,"distribution,stationarity",1.31540392168145e-05,8.81394944132314e-05
3429,ST_LocalExtrema_l50_meanabsext,"distribution,stationarity",8.28993397906581e-06,6.22926823601186e-05
3430,ST_LocalExtrema_l50_medianabsext,"distribution,stationarity",5.82681221138167e-06,4.8157486290583e-05
3433,ST_LocalExtrema_l50_maxmaxmed,"distribution,stationarity",0.000108887185280847,0.000513479927407893
3434,ST_LocalExtrema_l50_minminmed,"distribution,stationarity",0.00350474766316831,0.0106443808668825
3435,ST_LocalExtrema_l50_maxabsext,"distribution,stationarity",3.21794070598959e-05,0.000178757736641857
3438,ST_LocalExtrema_l100_minmax,"distribution,stationarity",0.00253079653773657,0.00798277844083928
3439,ST_LocalExtrema_l100_minabsmin,"distribution,stationarity",0.00982277183238884,0.0260913939377675
3441,ST_LocalExtrema_l100_meanmax,"distribution,stationarity",3.21794070598959e-05,0.000178757736641857
3442,ST_LocalExtrema_l100_meanabsmin,"distribution,stationarity",0.000155349545893666,0.000695700043158794
3444,ST_LocalExtrema_l100_medianmax,"distribution,stationarity",1.95471950625266e-05,0.00011970554222456
3445,ST_LocalExtrema_l100_medianabsmin,"distribution,stationarity",0.000163342672991421,0.00072737575782663
3446,ST_LocalExtrema_l100_medianext,"distribution,stationarity",0.0121766025070389,0.0313717246343551
3447,ST_LocalExtrema_l100_stdmax,"distribution,stationarity",0.00152607557784433,0.00511037826444246
3449,ST_LocalExtrema_l100_stdext,"distribution,stationarity",0.000340582796086869,0.00138569878613731
3451,ST_LocalExtrema_l100_meanabsext,"distribution,stationarity",4.70247342896548e-05,0.000247505923968331
3452,ST_LocalExtrema_l100_medianabsext,"distribution,stationarity",2.58231003683401e-05,0.000150620641164843
3455,ST_LocalExtrema_l100_maxmaxmed,"distribution,stationarity",0.000267581120235988,0.00112469418287023
3456,ST_LocalExtrema_l100_minminmed,"distribution,stationarity",0.00583240319190966,0.0166613332451341
3457,ST_LocalExtrema_l100_maxabsext,"distribution,stationarity",4.9613796147306e-05,0.000258456642301779
3460,ST_LocalExtrema_n25_minmax,"distribution,stationarity",0.000985214086551646,0.00347240388306167
3461,ST_LocalExtrema_n25_minabsmin,"distribution,stationarity",0.01842619348603,0.0444176127529097
3463,ST_LocalExtrema_n25_meanmax,"distribution,stationarity",0.000942271767787704,0.00333924596592495
3464,ST_LocalExtrema_n25_meanabsmin,"distribution,stationarity",0.00181057379343184,0.00594282431460377
3466,ST_LocalExtrema_n25_medianmax,"distribution,stationarity",0.000280890693437725,0.00117026825205085
3467,ST_LocalExtrema_n25_medianabsmin,"distribution,stationarity",0.00166273463464593,0.00551352267480916
3469,ST_LocalExtrema_n25_stdmax,"distribution,stationarity",0.000520910653425132,0.00202557388512199
3473,ST_LocalExtrema_n25_meanabsext,"distribution,stationarity",0.000411985081919444,0.00164886717825577
3474,ST_LocalExtrema_n25_medianabsext,"distribution,stationarity",0.00122842305321242,0.00422088770963764
3477,ST_LocalExtrema_n25_maxmaxmed,"distribution,stationarity",0.000392927991788058,0.00158238573263374
3478,ST_LocalExtrema_n25_minminmed,"distribution,stationarity",0.017814839449509,0.0431779283115484
3479,ST_LocalExtrema_n25_maxabsext,"distribution,stationarity",2.8835208146233e-05,0.000164153072934875
3482,ST_LocalExtrema_n50_minmax,"distribution,stationarity",0.000901068977688017,0.00320921263524921
3483,ST_LocalExtrema_n50_minabsmin,"distribution,stationarity",0.0197042011871398,0.046988973072281
3485,ST_LocalExtrema_n50_meanmax,"distribution,stationarity",6.47159490551713e-05,0.000324995549383627
3486,ST_LocalExtrema_n50_meanabsmin,"distribution,stationarity",0.000155349545893666,0.000695700043158794
3488,ST_LocalExtrema_n50_medianmax,"distribution,stationarity",5.52026967449372e-05,0.000282809496066935
3489,ST_LocalExtrema_n50_medianabsmin,"distribution,stationarity",0.000571568005964199,0.00219889005942868
3491,ST_LocalExtrema_n50_stdmax,"distribution,stationarity",0.00128327762626588,0.00439240191847428
3492,ST_LocalExtrema_n50_stdmin,"distribution,stationarity",0.0105579451035292,0.027692715575641
3493,ST_LocalExtrema_n50_stdext,"distribution,stationarity",0.000901068977688017,0.00320921263524921
3495,ST_LocalExtrema_n50_meanabsext,"distribution,stationarity",7.57669573527021e-05,0.000372603779213426
3496,ST_LocalExtrema_n50_medianabsext,"distribution,stationarity",3.04637264727127e-05,0.000170692816991987
3499,ST_LocalExtrema_n50_maxmaxmed,"distribution,stationarity",0.000324636730799297,0.00133455515676938
3500,ST_LocalExtrema_n50_minminmed,"distribution,stationarity",0.0126141510785048,0.0323467744413117
3501,ST_LocalExtrema_n50_maxabsext,"distribution,stationarity",5.52026967449372e-05,0.000282809496066935
3504,ST_LocalExtrema_n100_minmax,"distribution,stationarity",0.00427548416137376,0.0126873833579382
3505,ST_LocalExtrema_n100_minabsmin,"distribution,stationarity",0.00134038555683954,0.00457466840406242
3507,ST_LocalExtrema_n100_meanmax,"distribution,stationarity",1.31540392168145e-05,8.81394944132314e-05
3508,ST_LocalExtrema_n100_meanabsmin,"distribution,stationarity",1.47412616174406e-05,9.51894897184276e-05
3510,ST_LocalExtrema_n100_medianmax,"distribution,stationarity",2.50614204546602e-06,2.69391341322299e-05
3511,ST_LocalExtrema_n100_medianabsmin,"distribution,stationarity",2.72896655970471e-05,0.000156481273479925
3513,ST_LocalExtrema_n100_stdmax,"distribution,stationarity",0.00128327762626588,0.00439240191847428
3514,ST_LocalExtrema_n100_stdmin,"distribution,stationarity",0.00323359045900606,0.00991392921425555
3515,ST_LocalExtrema_n100_stdext,"distribution,stationarity",4.22259746751932e-05,0.000224741986378964
3517,ST_LocalExtrema_n100_meanabsext,"distribution,stationarity",2.18599433306592e-05,0.000131270343241325
3518,ST_LocalExtrema_n100_medianabsext,"distribution,stationarity",2.06727974704263e-05,0.00012562564201499
3519,ST_LocalExtrema_n100_diffmaxabsmin,"distribution,stationarity",0.00653714319617325,0.0183866841833869
3521,ST_LocalExtrema_n100_maxmaxmed,"distribution,stationarity",0.000140455025433301,0.000639052404720823
3522,ST_LocalExtrema_n100_minminmed,"distribution,stationarity",0.00197040771953243,0.00641125803941142
3523,ST_LocalExtrema_n100_maxabsext,"distribution,stationarity",5.82159585412248e-05,0.00029590340069954
3524,EX_MovingThreshold_01_01_meanq,outliers,1.1149831476865e-06,2.05549742977646e-05
3525,EX_MovingThreshold_01_01_medianq,outliers,4.07343157778537e-06,3.7841434866215e-05
3527,EX_MovingThreshold_01_01_maxq,outliers,0.0145066650137748,0.0363868270137546
3528,EX_MovingThreshold_01_01_minq,outliers,2.31118018635252e-05,0.000137626428502799
3530,EX_MovingThreshold_01_01_meanqover,outliers,9.21562980967866e-07,2.00475224311821e-05
3531,EX_MovingThreshold_01_01_pkick,outliers,8.64595004250958e-07,2.00475224311821e-05
3532,EX_MovingThreshold_01_01_stdkickf,outliers,0.00788327688124583,0.021650867729427
3533,EX_MovingThreshold_01_01_meankickf,outliers,1.1149831476865e-06,2.05549742977646e-05
3534,EX_MovingThreshold_01_01_mediankickf,outliers,1.72065071477183e-05,0.000108259509162832
3535,EX_MovingThreshold_01_002_meanq,outliers,2.66442794601493e-06,2.79647039289709e-05
3536,EX_MovingThreshold_01_002_medianq,outliers,3.83548211191478e-06,3.62942695590234e-05
3538,EX_MovingThreshold_01_002_maxq,outliers,0.0190558322334121,0.0456877702739084
3539,EX_MovingThreshold_01_002_minq,outliers,0.000147725636058422,0.000667014991238408
3541,EX_MovingThreshold_01_002_meanqover,outliers,3.39893536496135e-06,3.29970314557503e-05
3542,EX_MovingThreshold_01_002_pkick,outliers,1.72998018997263e-06,2.30966961197847e-05
3544,EX_MovingThreshold_01_002_meankickf,outliers,4.83557438253742e-07,2.00475224311821e-05
3545,EX_MovingThreshold_01_002_mediankickf,outliers,1.36757520214434e-06,2.15302326072105e-05
3546,EX_MovingThreshold_1_01_meanq,outliers,2.50614204546602e-06,2.69391341322299e-05
3547,EX_MovingThreshold_1_01_medianq,outliers,6.55740619856895e-06,5.21951929631058e-05
3548,EX_MovingThreshold_1_01_iqrq,outliers,1.39260980630824e-05,9.20131047510622e-05
3550,EX_MovingThreshold_1_01_minq,outliers,0.000242716287295376,0.00103114573157845
3552,EX_MovingThreshold_1_01_meanqover,outliers,2.50614204546602e-06,2.69391341322299e-05
3553,EX_MovingThreshold_1_01_pkick,outliers,2.21621930828942e-06,2.55187970837986e-05
3554,EX_MovingThreshold_1_01_stdkickf,outliers,2.44316942629559e-05,0.000144398618251823
3555,EX_MovingThreshold_1_01_meankickf,outliers,5.17450467954947e-06,4.40979344906276e-05
3556,EX_MovingThreshold_1_01_mediankickf,outliers,0.00671925667364304,0.0188690728057
3557,EX_MovingThreshold_1_002_meanq,outliers,2.8322842707188e-06,2.91671995230607e-05
3558,EX_MovingThreshold_1_002_medianq,outliers,3.39893536496135e-06,3.29970314557503e-05
3561,EX_MovingThreshold_1_002_minq,outliers,0.000545691962300163,0.00211615477042396
3563,EX_MovingThreshold_1_002_meanqover,outliers,3.0102618480377e-06,3.05578078611074e-05
3564,EX_MovingThreshold_1_002_pkick,outliers,3.0102618480377e-06,3.05578078611074e-05
3565,EX_MovingThreshold_1_002_stdkickf,outliers,0.00310530796992304,0.00954942589195003
3566,EX_MovingThreshold_1_002_meankickf,outliers,0.000231112917058414,0.000986562398192967
3567,EX_MovingThreshold_1_002_mediankickf,outliers,0.000361480514948708,0.00146569535292023
3569,SB_BinaryStats_mean_pstretch1,"symbolic,distribution,stationarity",2.35690423947498e-06,2.62468396996932e-05
3570,SB_BinaryStats_mean_longstretch1,"symbolic,distribution,correlation",0.0018300050740386,0.00599896857338981
3571,SB_BinaryStats_mean_meanstretch1,"symbolic,distribution,correlation",1.95865484438265e-06,2.42818604052734e-05
3572,SB_BinaryStats_mean_stdstretch1,"symbolic,distribution,correlation",9.86802931933148e-06,7.07871941898819e-05
3573,SB_BinaryStats_mean_longstretch0,"symbolic,distribution,correlation",0.00242732468112146,0.00770380120559409
3574,SB_BinaryStats_mean_meanstretch0,"symbolic,distribution,correlation",1.34716678791654e-06,2.12559620018051e-05
3575,SB_BinaryStats_mean_stdstretch0,"symbolic,distribution,correlation",1.65101028457949e-05,0.000103969815797059
3581,SB_BinaryStats_diff_pstretch1,"symbolic,distribution,correlation",0.00444695290880556,0.0131359555413285
3582,SB_BinaryStats_diff_longstretch1,"symbolic,distribution,correlation",1.02519615318827e-05,7.34489316348806e-05
3583,SB_BinaryStats_diff_longstretch0,"symbolic,distribution,correlation",5.56856513298562e-07,2.00475224311821e-05
3584,SB_BinaryStats_diff_meanstretch1,"symbolic,distribution,correlation",0.00298168202047877,0.00920106212390586
3585,SB_BinaryStats_diff_meanstretch0,"symbolic,distribution,correlation",0.00395041253231895,0.0118562360101146
3587,SB_BinaryStats_diff_stdstretch1,"symbolic,distribution,correlation",3.39866324809848e-05,0.000187044761589086
3588,SB_BinaryStats_diff_stdstretch0,"symbolic,distribution,correlation",1.04550591732956e-05,7.39544742317808e-05
3591,SB_BinaryStats_diff_diff21stretch0,"symbolic,distribution,correlation",0.0203717531519052,0.0482093100861182
3593,SB_BinaryStats_iqr_pstretch1,"symbolic,distribution,correlation",1.52708182821975e-06,2.20420168146283e-05
3595,SB_BinaryStats_iqr_longstretch0,"symbolic,distribution,correlation",0.000598508896330331,0.00228147620175955
3596,SB_BinaryStats_iqr_meanstretch1,"symbolic,distribution,correlation",1.72998018997263e-06,2.30966961197847e-05
3597,SB_BinaryStats_iqr_meanstretch0,"symbolic,distribution,correlation",1.72998018997263e-06,2.30966961197847e-05
3599,SB_BinaryStats_iqr_stdstretch1,"symbolic,distribution,correlation",2.66442794601493e-06,2.79647039289709e-05
3600,SB_BinaryStats_iqr_stdstretch0,"symbolic,distribution,correlation",1.56018019057256e-05,9.98403078787259e-05
3602,SB_BinaryStats_iqr_diff21stretch1,"symbolic,distribution,correlation",0.000254864490291098,0.00107760886090995
3606,SB_MotifTwo_diff_dd,"symbolic,motifs",0.0160861401361776,0.039691044802025
3607,SB_MotifTwo_diff_du,"symbolic,motifs",0.00444695290880556,0.0131359555413285
3608,SB_MotifTwo_diff_ud,"symbolic,motifs",0.00444695290880556,0.0131359555413285
3609,SB_MotifTwo_diff_uu,"symbolic,motifs",0.00364794442843455,0.0110415876447215
3610,SB_MotifTwo_diff_hh,"symbolic,motifs",0.00298168202047877,0.00920106212390586
3611,SB_MotifTwo_diff_ddd,"symbolic,motifs",0.00122842305321242,0.00422088770963764
3612,SB_MotifTwo_diff_ddu,"symbolic,motifs",6.47159490551713e-05,0.000324995549383627
3614,SB_MotifTwo_diff_duu,"symbolic,motifs",0.000140455025433301,0.000639052404720823
3615,SB_MotifTwo_diff_udd,"symbolic,motifs",8.41011855946992e-05,0.000408786910308661
3617,SB_MotifTwo_diff_uud,"symbolic,motifs",0.000140455025433301,0.000639052404720823
3618,SB_MotifTwo_diff_uuu,"symbolic,motifs",0.000752398562734347,0.00276696029582306
3619,SB_MotifTwo_diff_hhh,"symbolic,motifs",0.00848785630958759,0.0230093659043906
3620,SB_MotifTwo_diff_dddd,"symbolic,motifs",0.000199349058622623,0.00086656560852693
3621,SB_MotifTwo_diff_dddu,"symbolic,motifs",0.000656213856332496,0.00246678172301217
3623,SB_MotifTwo_diff_dduu,"symbolic,motifs",1.72998018997263e-06,2.30966961197847e-05
3627,SB_MotifTwo_diff_duuu,"symbolic,motifs",0.00336668407320579,0.0102865280656644
3628,SB_MotifTwo_diff_uddd,"symbolic,motifs",0.000686926233975337,0.00256731464336581
3629,SB_MotifTwo_diff_uddu,"symbolic,motifs",0.0140114417696054,0.0352689846595373
3632,SB_MotifTwo_diff_uudd,"symbolic,motifs",2.32023286224466e-06,2.62468396996932e-05
3634,SB_MotifTwo_diff_uuud,"symbolic,motifs",0.00336668407320579,0.0102865280656644
3635,SB_MotifTwo_diff_uuuu,"symbolic,motifs",0.000231112917058414,0.000986562398192967
3636,SB_MotifTwo_diff_hhhh,"symbolic,motifs",0.0135312008308029,0.0342662011074709
3639,SB_MotifTwo_mean_dd,"symbolic,motifs",1.65101028457949e-05,0.000103969815797059
3640,SB_MotifTwo_mean_du,"symbolic,motifs",2.35690423947498e-06,2.62468396996932e-05
3641,SB_MotifTwo_mean_ud,"symbolic,motifs",2.35690423947498e-06,2.62468396996932e-05
3642,SB_MotifTwo_mean_uu,"symbolic,motifs",5.82681221138167e-06,4.8157486290583e-05
3643,SB_MotifTwo_mean_hh,"symbolic,motifs",1.84090878581554e-06,2.3560983668819e-05
3644,SB_MotifTwo_mean_ddd,"symbolic,motifs",1.84090878581554e-06,2.3560983668819e-05
3645,SB_MotifTwo_mean_ddu,"symbolic,motifs",8.11026050600951e-07,2.00475224311821e-05
3646,SB_MotifTwo_mean_dud,"symbolic,motifs",0.00181038644708936,0.00594282431460377
3647,SB_MotifTwo_mean_duu,"symbolic,motifs",7.60661190228156e-07,2.00475224311821e-05
3648,SB_MotifTwo_mean_udd,"symbolic,motifs",8.64595004250958e-07,2.00475224311821e-05
3649,SB_MotifTwo_mean_udu,"symbolic,motifs",0.00387238469525964,0.0116663376339829
3650,SB_MotifTwo_mean_uud,"symbolic,motifs",7.60661190228156e-07,2.00475224311821e-05
3651,SB_MotifTwo_mean_uuu,"symbolic,motifs",1.62549066485909e-06,2.26803756296809e-05
3652,SB_MotifTwo_mean_hhh,"symbolic,motifs",2.0836178159175e-06,2.48358867304337e-05
3653,SB_MotifTwo_mean_dddd,"symbolic,motifs",1.43441430774462e-06,2.17639492833918e-05
3654,SB_MotifTwo_mean_dddu,"symbolic,motifs",1.34684716489111e-06,2.12559620018051e-05
3655,SB_MotifTwo_mean_ddud,"symbolic,motifs",0.00192888350050235,0.00630497702782488
3656,SB_MotifTwo_mean_dduu,"symbolic,motifs",4.83557438253742e-07,2.00475224311821e-05
3657,SB_MotifTwo_mean_dudd,"symbolic,motifs",0.00078726537066868,0.00286909709983228
3659,SB_MotifTwo_mean_duud,"symbolic,motifs",0.00011460879331106,0.000535141845932743
3660,SB_MotifTwo_mean_duuu,"symbolic,motifs",7.13316180766304e-07,2.00475224311821e-05
3661,SB_MotifTwo_mean_uddd,"symbolic,motifs",1.26503510150617e-06,2.12559620018051e-05
3662,SB_MotifTwo_mean_uddu,"symbolic,motifs",2.72896655970471e-05,0.000156481273479925
3663,SB_MotifTwo_mean_udud,"symbolic,motifs",0.0132397882093036,0.0337081691940623
3664,SB_MotifTwo_mean_uduu,"symbolic,motifs",0.00982277183238884,0.0260913939377675
3665,SB_MotifTwo_mean_uudd,"symbolic,motifs",3.72030155408931e-07,2.00475224311821e-05
3666,SB_MotifTwo_mean_uudu,"symbolic,motifs",0.00395041253231895,0.0118562360101146
3667,SB_MotifTwo_mean_uuud,"symbolic,motifs",6.68816911061285e-07,2.00475224311821e-05
3668,SB_MotifTwo_mean_uuuu,"symbolic,motifs",9.82136182665932e-07,2.00475224311821e-05
3669,SB_MotifTwo_mean_hhhh,"symbolic,motifs",2.21621930828942e-06,2.55187970837986e-05
3672,SB_MotifTwo_median_dd,"symbolic,motifs",2.21621930828942e-06,2.55187970837986e-05
3673,SB_MotifTwo_median_du,"symbolic,motifs",2.21621930828942e-06,2.55187970837986e-05
3674,SB_MotifTwo_median_ud,"symbolic,motifs",2.21621930828942e-06,2.55187970837986e-05
3675,SB_MotifTwo_median_uu,"symbolic,motifs",2.21621930828942e-06,2.55187970837986e-05
3676,SB_MotifTwo_median_hh,"symbolic,motifs",1.52708182821975e-06,2.20420168146283e-05
3677,SB_MotifTwo_median_ddd,"symbolic,motifs",1.04653269791364e-06,2.00475224311821e-05
3678,SB_MotifTwo_median_ddu,"symbolic,motifs",6.26998872165287e-07,2.00475224311821e-05
3679,SB_MotifTwo_median_dud,"symbolic,motifs",0.000901068977688017,0.00320921263524921
3680,SB_MotifTwo_median_duu,"symbolic,motifs",6.26998872165287e-07,2.00475224311821e-05
3681,SB_MotifTwo_median_udd,"symbolic,motifs",6.68816911061285e-07,2.00475224311821e-05
3682,SB_MotifTwo_median_udu,"symbolic,motifs",0.00146627314464377,0.00494502355321567
3683,SB_MotifTwo_median_uud,"symbolic,motifs",6.68816911061285e-07,2.00475224311821e-05
3684,SB_MotifTwo_median_uuu,"symbolic,motifs",9.82136182665932e-07,2.00475224311821e-05
3685,SB_MotifTwo_median_hhh,"symbolic,motifs",1.72998018997263e-06,2.30966961197847e-05
3686,SB_MotifTwo_median_dddd,"symbolic,motifs",1.18773136379583e-06,2.0614381426271e-05
3687,SB_MotifTwo_median_dddu,"symbolic,motifs",1.1149831476865e-06,2.05549742977646e-05
3688,SB_MotifTwo_median_ddud,"symbolic,motifs",0.00146627314464377,0.00494502355321567
3689,SB_MotifTwo_median_dduu,"symbolic,motifs",6.68816911061285e-07,2.00475224311821e-05
3690,SB_MotifTwo_median_dudd,"symbolic,motifs",0.00117574116189045,0.00405947312373238
3691,SB_MotifTwo_median_dudu,"symbolic,motifs",0.00547872215106973,0.0157648956033207
3692,SB_MotifTwo_median_duud,"symbolic,motifs",0.000147725636058422,0.000667014991238408
3693,SB_MotifTwo_median_duuu,"symbolic,motifs",5.87706654304219e-07,2.00475224311821e-05
3694,SB_MotifTwo_median_uddd,"symbolic,motifs",1.04653269791364e-06,2.00475224311821e-05
3695,SB_MotifTwo_median_uddu,"symbolic,motifs",1.95471950625266e-05,0.00011970554222456
3696,SB_MotifTwo_median_udud,"symbolic,motifs",0.00800705004346963,0.0219823179434143
3697,SB_MotifTwo_median_uduu,"symbolic,motifs",0.00146627314464377,0.00494502355321567
3698,SB_MotifTwo_median_uudd,"symbolic,motifs",5.16120692670543e-07,2.00475224311821e-05
3699,SB_MotifTwo_median_uudu,"symbolic,motifs",0.00146169723557975,0.00494364901539236
3700,SB_MotifTwo_median_uuud,"symbolic,motifs",5.87706654304219e-07,2.00475224311821e-05
3701,SB_MotifTwo_median_uuuu,"symbolic,motifs",8.11026050600951e-07,2.00475224311821e-05
3702,SB_MotifTwo_median_hhhh,"symbolic,motifs",1.84090878581554e-06,2.3560983668819e-05
3703,SB_MotifThree_quantile_aa,"symbolic,motifs",1.95865484438265e-06,2.42818604052734e-05
3704,SB_MotifThree_quantile_ab,"symbolic,motifs",1.84090878581554e-06,2.3560983668819e-05
3705,SB_MotifThree_quantile_ac,"symbolic,motifs",1.95865484438265e-06,2.42818604052734e-05
3706,SB_MotifThree_quantile_ba,"symbolic,motifs",1.84090878581554e-06,2.3560983668819e-05
3707,SB_MotifThree_quantile_bb,"symbolic,motifs",1.62549066485909e-06,2.26803756296809e-05
3708,SB_MotifThree_quantile_bc,"symbolic,motifs",1.04653269791364e-06,2.00475224311821e-05
3709,SB_MotifThree_quantile_ca,"symbolic,motifs",4.59147528894795e-06,4.08499222843917e-05
3710,SB_MotifThree_quantile_cb,"symbolic,motifs",1.62549066485909e-06,2.26803756296809e-05
3711,SB_MotifThree_quantile_cc,"symbolic,motifs",1.84090878581554e-06,2.3560983668819e-05
3712,SB_MotifThree_quantile_hh,"symbolic,motifs",2.0836178159175e-06,2.48358867304337e-05
3713,SB_MotifThree_quantile_aaa,"symbolic,motifs",1.52708182821975e-06,2.20420168146283e-05
3714,SB_MotifThree_quantile_aab,"symbolic,motifs",6.26998872165287e-07,2.00475224311821e-05
3715,SB_MotifThree_quantile_aac,"symbolic,motifs",1.38577771936461e-06,2.17639492833918e-05
3716,SB_MotifThree_quantile_aba,"symbolic,motifs",0.00247943226427178,0.00785373667040214
3718,SB_MotifThree_quantile_abc,"symbolic,motifs",1.04653269791364e-06,2.00475224311821e-05
3720,SB_MotifThree_quantile_acb,"symbolic,motifs",0.00229122055596308,0.00733437943150393
3721,SB_MotifThree_quantile_acc,"symbolic,motifs",1.52708182821975e-06,2.20420168146283e-05
3722,SB_MotifThree_quantile_baa,"symbolic,motifs",4.5298014109361e-07,2.00475224311821e-05
3723,SB_MotifThree_quantile_bab,"symbolic,motifs",0.000264518032614956,0.00111709811281189
3724,SB_MotifThree_quantile_bac,"symbolic,motifs",0.00112810884500294,0.00392165243822223
3726,SB_MotifThree_quantile_bbb,"symbolic,motifs",1.52708182821975e-06,2.20420168146283e-05
3727,SB_MotifThree_quantile_bbc,"symbolic,motifs",0.00223455572247879,0.00715943202213376
3728,SB_MotifThree_quantile_bca,"symbolic,motifs",0.00737610406787626,0.0204473535438284
3729,SB_MotifThree_quantile_bcb,"symbolic,motifs",0.000324636730799297,0.00133455515676938
3730,SB_MotifThree_quantile_bcc,"symbolic,motifs",1.52708182821975e-06,2.20420168146283e-05
3731,SB_MotifThree_quantile_caa,"symbolic,motifs",2.21470447723322e-06,2.55187970837986e-05
3732,SB_MotifThree_quantile_cab,"symbolic,motifs",0.00289175985320104,0.00897808163847234
3734,SB_MotifThree_quantile_cba,"symbolic,motifs",1.01359644242303e-06,2.00475224311821e-05
3735,SB_MotifThree_quantile_cbb,"symbolic,motifs",0.00745099023922627,0.0206360222099147
3736,SB_MotifThree_quantile_cbc,"symbolic,motifs",0.00313138788729291,0.0096254670436183
3737,SB_MotifThree_quantile_cca,"symbolic,motifs",2.08266342556955e-06,2.48358867304337e-05
3738,SB_MotifThree_quantile_ccb,"symbolic,motifs",1.79568694673315e-06,2.3560983668819e-05
3739,SB_MotifThree_quantile_ccc,"symbolic,motifs",9.21562980967866e-07,2.00475224311821e-05
3740,SB_MotifThree_quantile_hhh,"symbolic,motifs",1.84090878581554e-06,2.3560983668819e-05
3741,SB_MotifThree_quantile_aaaa,"symbolic,motifs",5.50793468636543e-07,2.00475224311821e-05
3742,SB_MotifThree_quantile_aaab,"symbolic,motifs",0.000103435837958387,0.000490372700141161
3743,SB_MotifThree_quantile_aaac,"symbolic,motifs",1.26413037412721e-06,2.12559620018051e-05
3744,SB_MotifThree_quantile_aaba,"symbolic,motifs",0.00146610415444856,0.00494502355321567
3746,SB_MotifThree_quantile_aabc,"symbolic,motifs",3.39893536496135e-06,3.29970314557503e-05
3748,SB_MotifThree_quantile_aacb,"symbolic,motifs",0.00329665796141248,0.0101029362848455
3749,SB_MotifThree_quantile_aacc,"symbolic,motifs",1.22521116144542e-06,2.12131450726171e-05
3750,SB_MotifThree_quantile_abaa,"symbolic,motifs",0.00122450179059203,0.00422088770963764
3751,SB_MotifThree_quantile_abab,"symbolic,motifs",0.0140008225529039,0.0352689846595373
3753,SB_MotifThree_quantile_abba,"symbolic,motifs",0.000741474702242389,0.00274666006306967
3754,SB_MotifThree_quantile_abbb,"symbolic,motifs",0.0121581226255231,0.0313717246343551
3756,SB_MotifThree_quantile_abca,"symbolic,motifs",0.0117393451143802,0.0303892416496542
3757,SB_MotifThree_quantile_abcb,"symbolic,motifs",9.57093883871624e-05,0.000457399602258595
3758,SB_MotifThree_quantile_abcc,"symbolic,motifs",8.7870425947142e-06,6.53381349048968e-05
3762,SB_MotifThree_quantile_acba,"symbolic,motifs",0.005237483074002,0.015187420356397
3763,SB_MotifThree_quantile_acbb,"symbolic,motifs",0.0199011651483174,0.0474427776199084
3766,SB_MotifThree_quantile_accb,"symbolic,motifs",0.000384158580293756,0.00155234097522451
3767,SB_MotifThree_quantile_accc,"symbolic,motifs",1.17897511457105e-06,2.0614381426271e-05
3768,SB_MotifThree_quantile_baaa,"symbolic,motifs",0.00011460879331106,0.000535141845932743
3769,SB_MotifThree_quantile_baab,"symbolic,motifs",4.22259746751932e-05,0.000224741986378964
3770,SB_MotifThree_quantile_baac,"symbolic,motifs",0.000994942489125461,0.00350322155003304
3772,SB_MotifThree_quantile_babb,"symbolic,motifs",0.00284536525436953,0.00887664145115895
3773,SB_MotifThree_quantile_babc,"symbolic,motifs",5.27220811577915e-05,0.000272059702334187
3776,SB_MotifThree_quantile_bacc,"symbolic,motifs",0.00101612225058357,0.00357602667416057
3778,SB_MotifThree_quantile_bbab,"symbolic,motifs",0.0020548831187654,0.00664728539693489
3779,SB_MotifThree_quantile_bbac,"symbolic,motifs",0.00169461544658066,0.00561400536213592
3780,SB_MotifThree_quantile_bbba,"symbolic,motifs",0.000393883579318084,0.0015853368497893
3781,SB_MotifThree_quantile_bbbb,"symbolic,motifs",1.72998018997263e-06,2.30966961197847e-05
3783,SB_MotifThree_quantile_bbca,"symbolic,motifs",0.0203322448677029,0.0482093100861182
3784,SB_MotifThree_quantile_bbcb,"symbolic,motifs",0.00144406559072403,0.00490734037420832
3786,SB_MotifThree_quantile_bcaa,"symbolic,motifs",0.00812615882761545,0.0222921149642681
3789,SB_MotifThree_quantile_bcba,"symbolic,motifs",2.24651433822284e-05,0.000134790860293371
3790,SB_MotifThree_quantile_bcbb,"symbolic,motifs",0.00888119181112679,0.0239026327261642
3791,SB_MotifThree_quantile_bcbc,"symbolic,motifs",0.00660691862323012,0.0185682594482249
3792,SB_MotifThree_quantile_bcca,"symbolic,motifs",0.000160420219855336,0.000717956153767655
3793,SB_MotifThree_quantile_bccb,"symbolic,motifs",5.72813165332568e-05,0.000293247372986083
3794,SB_MotifThree_quantile_bccc,"symbolic,motifs",0.000199349058622623,0.00086656560852693
3795,SB_MotifThree_quantile_caaa,"symbolic,motifs",4.48999835379853e-06,4.06499087603439e-05
3796,SB_MotifThree_quantile_caab,"symbolic,motifs",0.000568339051850206,0.00219889005942868
3797,SB_MotifThree_quantile_caac,"symbolic,motifs",0.0087890625,0.023716653504804
3799,SB_MotifThree_quantile_cabb,"symbolic,motifs",0.0123098312408667,0.0317034958776719
3804,SB_MotifThree_quantile_cbaa,"symbolic,motifs",8.64595004250958e-07,2.00475224311821e-05
3805,SB_MotifThree_quantile_cbab,"symbolic,motifs",0.000173949497728249,0.000771230296469919
3806,SB_MotifThree_quantile_cbac,"symbolic,motifs",0.0156940193532286,0.03889886510539
3808,SB_MotifThree_quantile_cbbb,"symbolic,motifs",0.0102943512523372,0.0271112522248821
3809,SB_MotifThree_quantile_cbbc,"symbolic,motifs",0.00691692288374976,0.0193402055955848
3812,SB_MotifThree_quantile_cbcc,"symbolic,motifs",0.00181038644708936,0.00594282431460377
3813,SB_MotifThree_quantile_ccaa,"symbolic,motifs",1.62473092519463e-06,2.26803756296809e-05
3814,SB_MotifThree_quantile_ccab,"symbolic,motifs",0.00271195252577817,0.00851268379948718
3816,SB_MotifThree_quantile_ccba,"symbolic,motifs",2.63487581134169e-06,2.79647039289709e-05
3818,SB_MotifThree_quantile_ccbc,"symbolic,motifs",0.00985752763085494,0.0261739427690909
3819,SB_MotifThree_quantile_ccca,"symbolic,motifs",3.29457817123665e-06,3.28350395889635e-05
3820,SB_MotifThree_quantile_cccb,"symbolic,motifs",0.000278134011217052,0.00116646700095573
3821,SB_MotifThree_quantile_cccc,"symbolic,motifs",7.60661190228156e-07,2.00475224311821e-05
3822,SB_MotifThree_quantile_hhhh,"symbolic,motifs",1.84090878581554e-06,2.3560983668819e-05
3823,SB_MotifThree_diffquant_aa,"symbolic,motifs",0.00745286355810579,0.0206360222099147
3825,SB_MotifThree_diffquant_ac,"symbolic,motifs",0.00232957338585228,0.00743374179987659
3826,SB_MotifThree_diffquant_ba,"symbolic,motifs",0.0203717531519052,0.0482093100861182
3827,SB_MotifThree_diffquant_bb,"symbolic,motifs",0.0150172581412796,0.0374169499066335
3829,SB_MotifThree_diffquant_ca,"symbolic,motifs",0.00583240319190966,0.0166613332451341
3830,SB_MotifThree_diffquant_cb,"symbolic,motifs",0.00848785630958759,0.0230093659043906
3831,SB_MotifThree_diffquant_cc,"symbolic,motifs",0.00427548416137376,0.0126873833579382
3832,SB_MotifThree_diffquant_hh,"symbolic,motifs",0.00298168202047877,0.00920106212390586
3833,SB_MotifThree_diffquant_aaa,"symbolic,motifs",0.000686926233975337,0.00256731464336581
3835,SB_MotifThree_diffquant_aac,"symbolic,motifs",0.000120613121939985,0.000560602858082908
3837,SB_MotifThree_diffquant_abb,"symbolic,motifs",0.00149340708697459,0.00503414724344442
3838,SB_MotifThree_diffquant_abc,"symbolic,motifs",8.85844172906076e-05,0.000428247076161464
3841,SB_MotifThree_diffquant_acc,"symbolic,motifs",0.000103435837958387,0.000490372700141161
3851,SB_MotifThree_diffquant_caa,"symbolic,motifs",0.000194906693224623,0.000850893269316821
3854,SB_MotifThree_diffquant_cba,"symbolic,motifs",1.3151481218086e-05,8.81394944132314e-05
3857,SB_MotifThree_diffquant_cca,"symbolic,motifs",0.000571568005964199,0.00219889005942868
3859,SB_MotifThree_diffquant_ccc,"symbolic,motifs",0.000942271767787704,0.00333924596592495
3860,SB_MotifThree_diffquant_hhh,"symbolic,motifs",0.0135312008308029,0.0342662011074709
3861,SB_MotifThree_diffquant_aaaa,"symbolic,motifs",0.00011460879331106,0.000535141845932743
3863,SB_MotifThree_diffquant_aaac,"symbolic,motifs",0.000220000414898439,0.000944357909406618
3864,SB_MotifThree_diffquant_aaba,"symbolic,motifs",0.00183020809061682,0.00599896857338981
3865,SB_MotifThree_diffquant_aabb,"symbolic,motifs",0.0150162729045787,0.0374169499066335
3866,SB_MotifThree_diffquant_aabc,"symbolic,motifs",0.00306656886051355,0.00945481109680001
3869,SB_MotifThree_diffquant_aacc,"symbolic,motifs",4.18731026562769e-07,2.00475224311821e-05
3870,SB_MotifThree_diffquant_abaa,"symbolic,motifs",0.000218715568349408,0.000943832616358029
3873,SB_MotifThree_diffquant_abba,"symbolic,motifs",0.0104874260400069,0.0276095167224154
3877,SB_MotifThree_diffquant_abcb,"symbolic,motifs",0.0207189531285172,0.049014651084617
3878,SB_MotifThree_diffquant_abcc,"symbolic,motifs",0.010943570085506,0.0285463507069137
3885,SB_MotifThree_diffquant_acca,"symbolic,motifs",0.013509997239987,0.0342662011074709
3886,SB_MotifThree_diffquant_accb,"symbolic,motifs",0.00078726537066868,0.00286909709983228
3887,SB_MotifThree_diffquant_accc,"symbolic,motifs",3.88951509063112e-05,0.000211927943223055
3890,SB_MotifThree_diffquant_baac,"symbolic,motifs",0.00217949791134003,0.00702096294119316
3893,SB_MotifThree_diffquant_babc,"symbolic,motifs",0.0203705255088485,0.0482093100861182
3896,SB_MotifThree_diffquant_bacc,"symbolic,motifs",0.0203641194098571,0.0482093100861182
3900,SB_MotifThree_diffquant_bbba,"symbolic,motifs",0.0142552597766686,0.0358700242470912
3909,SB_MotifThree_diffquant_bcba,"symbolic,motifs",0.00263725978627337,0.00828553670601383
3912,SB_MotifThree_diffquant_bcca,"symbolic,motifs",0.0101028746735958,0.0267854158633785
3915,SB_MotifThree_diffquant_caaa,"symbolic,motifs",0.000456139558891734,0.00180127031136159
3916,SB_MotifThree_diffquant_caab,"symbolic,motifs",0.00280437823984011,0.00875261208539573
3917,SB_MotifThree_diffquant_caac,"symbolic,motifs",0.00641357566751854,0.0181251010524471
3924,SB_MotifThree_diffquant_cbaa,"symbolic,motifs",0.00480829888545441,0.0140818075685503
3925,SB_MotifThree_diffquant_cbab,"symbolic,motifs",0.00192848875157988,0.00630497702782488
3927,SB_MotifThree_diffquant_cbba,"symbolic,motifs",0.0100981478562514,0.0267828625214629
3932,SB_MotifThree_diffquant_cbcc,"symbolic,motifs",0.000718970297700572,0.00266885374983686
3933,SB_MotifThree_diffquant_ccaa,"symbolic,motifs",4.87516924146122e-06,4.27237737958596e-05
3936,SB_MotifThree_diffquant_ccba,"symbolic,motifs",0.00286256220704461,0.00889131063523766
3938,SB_MotifThree_diffquant_ccbc,"symbolic,motifs",0.00184918420179984,0.00605837697053761
3939,SB_MotifThree_diffquant_ccca,"symbolic,motifs",0.00402191676666848,0.0120657503000054
3941,SB_MotifThree_diffquant_cccc,"symbolic,motifs",0.000199349058622623,0.00086656560852693
3942,SB_MotifThree_diffquant_hhhh,"symbolic,motifs",0.0190558322334121,0.0456877702739084
3944,MF_AR_arcov_1_res_std,"model,gof",8.11026050600951e-07,2.00475224311821e-05
3945,MF_AR_arcov_1_res_AC1,"model,gof",0.010943570085506,0.0285463507069137
3946,MF_AR_arcov_1_res_AC2,"model,gof",9.32965976131512e-05,0.000446168406327409
3947,MF_AR_arcov_2_a2,"model,fit",0.000392927991788058,0.00158238573263374
3949,MF_AR_arcov_2_var,"model,fit",2.18599433306592e-05,0.000131270343241325
3951,MF_AR_arcov_2_res_std,"model,gof",1.47412616174406e-05,9.51894897184276e-05
3954,MF_AR_arcov_3_a2,"model,fit",0.00395041253231895,0.0118562360101146
3957,MF_AR_arcov_3_var,"model,fit",3.39866324809848e-05,0.000187044761589086
3959,MF_AR_arcov_3_res_std,"model,gof",1.95471950625266e-05,0.00011970554222456
3960,MF_AR_arcov_3_res_AC1,"model,gof",0.0166452400339562,0.0408158263548009
3962,MF_AR_arcov_4_a2,"model,fit",0.00982277183238884,0.0260913939377675
3966,MF_AR_arcov_4_var,"model,fit",2.58231003683401e-05,0.000150620641164843
3968,MF_AR_arcov_4_res_std,"model,gof",1.65101028457949e-05,0.000103969815797059
3971,MF_AR_arcov_5_a2,"model,fit",0.0105579451035292,0.027692715575641
3974,MF_AR_arcov_5_a5,"model,fit",0.00350474766316831,0.0106443808668825
3975,MF_AR_arcov_5_a6,"model,fit",0.0150172581412796,0.0374169499066335
3976,MF_AR_arcov_5_var,"model,fit",3.04637264727127e-05,0.000170692816991987
3978,MF_AR_arcov_5_res_std,"model,gof",1.65101028457949e-05,0.000103969815797059
3982,DN_SimpleFit_sin1_resAC1,model,9.82136182665932e-07,2.00475224311821e-05
3983,DN_SimpleFit_sin1_resAC2,model,2.85533069149158e-07,2.00475224311821e-05
3986,DN_SimpleFit_sin2_resAC1,model,8.11026050600951e-07,2.00475224311821e-05
3987,DN_SimpleFit_sin2_resAC2,model,2.33762332210425e-07,2.00475224311821e-05
3990,DN_SimpleFit_sin3_resAC1,model,7.13316180766304e-07,2.00475224311821e-05
3991,DN_SimpleFit_sin3_resAC2,model,2.18616188569126e-07,2.00475224311821e-05
4010,SC_FluctAnal_2_nothing_50_logi_r2_linfitint,scaling,0.0101844541042579,0.0268516396464984
4017,SC_FluctAnal_2_endptdiff_50_logi_linfitint,scaling,4.9613796147306e-05,0.000258456642301779
4041,SC_FluctAnal_2_range_50_logi_linfitint,scaling,0.000340582796086869,0.00138569878613731
4047,SC_FluctAnal_2_range_50_logi_logtausplit,scaling,0.0113733601785648,0.0295699053820486
4048,SC_FluctAnal_2_range_50_logi_prop_r1,scaling,0.0131219063549362,0.0334439418415925
4050,SC_FluctAnal_2_range_50_logi_meanssr,scaling,0.00411003277270197,0.0122834914786003
4053,SC_FluctAnal_2_range_50_logi_r1_alpha,scaling,0.00197040771953243,0.00641125803941142
4054,SC_FluctAnal_2_range_50_logi_r1_se1,scaling,1.56018019057256e-05,9.98403078787259e-05
4055,SC_FluctAnal_2_range_50_logi_r1_se2,scaling,1.74686653178146e-05,0.000109041247720674
4056,SC_FluctAnal_2_range_50_logi_r1_ssr,scaling,0.00350474766316831,0.0106443808668825
4065,SC_FluctAnal_2_std_50_logi_linfitint,scaling,8.41011855946992e-05,0.000408786910308661
4067,SC_FluctAnal_2_std_50_logi_se1,scaling,0.000686926233975337,0.00256731464336581
4068,SC_FluctAnal_2_std_50_logi_se2,scaling,0.000686926233975337,0.00256731464336581
4069,SC_FluctAnal_2_std_50_logi_ssr,scaling,0.000861541430768804,0.00310102621211472
4074,SC_FluctAnal_2_std_50_logi_meanssr,scaling,0.00173520694047121,0.0057218408657985
4077,SC_FluctAnal_2_std_50_logi_r1_alpha,scaling,0.00605931502191424,0.0172059400223231
4078,SC_FluctAnal_2_std_50_logi_r1_se1,scaling,0.000571568005964199,0.00219889005942868
4079,SC_FluctAnal_2_std_50_logi_r1_se2,scaling,0.00078726537066868,0.00286909709983228
4080,SC_FluctAnal_2_std_50_logi_r1_ssr,scaling,0.0130655617316131,0.0333122670305121
4089,SC_FluctAnal_2_iqr_50_logi_linfitint,scaling,1.47412616174406e-05,9.51894897184276e-05
4091,SC_FluctAnal_2_iqr_50_logi_se1,scaling,0.00102996237816126,0.0036104494004904
4092,SC_FluctAnal_2_iqr_50_logi_se2,scaling,0.00102996237816126,0.0036104494004904
4093,SC_FluctAnal_2_iqr_50_logi_ssr,scaling,0.000340582796086869,0.00138569878613731
4097,SC_FluctAnal_2_iqr_50_logi_ratsplitminerr,scaling,0.00731756136170696,0.02029297219404
4098,SC_FluctAnal_2_iqr_50_logi_meanssr,scaling,0.00205509104458358,0.00664728539693489
4099,SC_FluctAnal_2_iqr_50_logi_stdssr,scaling,0.0126141510785048,0.0323467744413117
4101,SC_FluctAnal_2_iqr_50_logi_r1_alpha,scaling,0.000985214086551646,0.00347240388306167
4113,SC_FluctAnal_2_rsrange_50_logi_linfitint,scaling,0.00788327688124583,0.021650867729427
4114,SC_FluctAnal_2_rsrange_50_logi_alpha,scaling,0.00286256220704461,0.00889131063523766
4115,SC_FluctAnal_2_rsrange_50_logi_se1,scaling,9.32965976131512e-05,0.000446168406327409
4116,SC_FluctAnal_2_rsrange_50_logi_se2,scaling,9.32965976131512e-05,0.000446168406327409
4117,SC_FluctAnal_2_rsrange_50_logi_ssr,scaling,8.28993397906581e-06,6.22926823601186e-05
4118,SC_FluctAnal_2_rsrange_50_logi_resac1,scaling,0.000452716478387203,0.00178874539711457
4121,SC_FluctAnal_2_rsrange_50_logi_ratsplitminerr,scaling,0.000155349545893666,0.000695700043158794
4122,SC_FluctAnal_2_rsrange_50_logi_meanssr,scaling,2.72896655970471e-05,0.000156481273479925
4123,SC_FluctAnal_2_rsrange_50_logi_stdssr,scaling,0.000686926233975337,0.00256731464336581
4138,SC_FluctAnal_2_rsrangefit_50_1_logi_alpha,scaling,0.00653714319617325,0.0183866841833869
4139,SC_FluctAnal_2_rsrangefit_50_1_logi_se1,scaling,0.000220031677037124,0.000944357909406618
4140,SC_FluctAnal_2_rsrangefit_50_1_logi_se2,scaling,0.000220031677037124,0.000944357909406618
4141,SC_FluctAnal_2_rsrangefit_50_1_logi_ssr,scaling,6.18178925154075e-06,5.01020641389112e-05
4142,SC_FluctAnal_2_rsrangefit_50_1_logi_resac1,scaling,0.00205509104458358,0.00664728539693489
4145,SC_FluctAnal_2_rsrangefit_50_1_logi_ratsplitminerr,scaling,0.00011460879331106,0.000535141845932743
4146,SC_FluctAnal_2_rsrangefit_50_1_logi_meanssr,scaling,6.55740619856895e-06,5.21951929631058e-05
4147,SC_FluctAnal_2_rsrangefit_50_1_logi_stdssr,scaling,0.000171721588064445,0.000761827194929294
4156,SC_FluctAnal_2_rsrangefit_50_1_logi_r2_se1,scaling,0.00848785630958759,0.0230093659043906
4157,SC_FluctAnal_2_rsrangefit_50_1_logi_r2_se2,scaling,0.00444695290880556,0.0131359555413285
4161,SC_FluctAnal_2_dfa_50_0_logi_linfitint,scaling,8.85862417242377e-05,0.000428247076161464
4163,SC_FluctAnal_2_dfa_50_0_logi_se1,scaling,0.000656213856332496,0.00246678172301217
4164,SC_FluctAnal_2_dfa_50_0_logi_se2,scaling,0.000656213856332496,0.00246678172301217
4165,SC_FluctAnal_2_dfa_50_0_logi_ssr,scaling,0.000598582921400376,0.00228147620175955
4170,SC_FluctAnal_2_dfa_50_0_logi_meanssr,scaling,0.00102996237816126,0.0036104494004904
4173,SC_FluctAnal_2_dfa_50_0_logi_r1_alpha,scaling,0.00350474766316831,0.0106443808668825
4174,SC_FluctAnal_2_dfa_50_0_logi_r1_se1,scaling,0.000431902709468371,0.00171507794675052
4175,SC_FluctAnal_2_dfa_50_0_logi_r1_se2,scaling,0.000431902709468371,0.00171507794675052
4176,SC_FluctAnal_2_dfa_50_0_logi_r1_ssr,scaling,0.0101844541042579,0.0268516396464984
4177,SC_FluctAnal_2_dfa_50_0_logi_r1_resac1,scaling,0.00731756136170696,0.02029297219404
4186,SC_FluctAnal_2_dfa_50_1_logi_alpha,scaling,0.00947257968258233,0.0252933872500022
4187,SC_FluctAnal_2_dfa_50_1_logi_se1,scaling,1.31540392168145e-05,8.81394944132314e-05
4188,SC_FluctAnal_2_dfa_50_1_logi_se2,scaling,1.31540392168145e-05,8.81394944132314e-05
4189,SC_FluctAnal_2_dfa_50_1_logi_ssr,scaling,1.52708182821975e-06,2.20420168146283e-05
4190,SC_FluctAnal_2_dfa_50_1_logi_resac1,scaling,0.000431902709468371,0.00171507794675052
4193,SC_FluctAnal_2_dfa_50_1_logi_ratsplitminerr,scaling,4.22259746751932e-05,0.000224741986378964
4194,SC_FluctAnal_2_dfa_50_1_logi_meanssr,scaling,1.26503510150617e-06,2.12559620018051e-05
4195,SC_FluctAnal_2_dfa_50_1_logi_stdssr,scaling,0.00286256220704461,0.00889131063523766
4204,SC_FluctAnal_2_dfa_50_1_logi_r2_se1,scaling,0.00214310157010038,0.00690684364711699
4205,SC_FluctAnal_2_dfa_50_1_logi_r2_se2,scaling,0.00540141912727418,0.0155487453518135
4207,SC_FluctAnal_2_dfa_50_1_logi_r2_resac1,scaling,0.0140114417696054,0.0352689846595373
4209,SC_FluctAnal_2_dfa_50_2_logi_linfitint,scaling,0.000411985081919444,0.00164886717825577
4210,SC_FluctAnal_2_dfa_50_2_logi_alpha,scaling,0.000431902709468371,0.00171507794675052
4211,SC_FluctAnal_2_dfa_50_2_logi_se1,scaling,2.18599433306592e-05,0.000131270343241325
4212,SC_FluctAnal_2_dfa_50_2_logi_se2,scaling,2.18599433306592e-05,0.000131270343241325
4213,SC_FluctAnal_2_dfa_50_2_logi_ssr,scaling,0.000103435837958387,0.000490372700141161
4214,SC_FluctAnal_2_dfa_50_2_logi_resac1,scaling,2.21621930828942e-06,2.55187970837986e-05
4218,SC_FluctAnal_2_dfa_50_2_logi_meanssr,scaling,7.18988102492802e-05,0.00035628964744699
4228,SC_FluctAnal_2_dfa_50_2_logi_r2_se1,scaling,0.00152607557784433,0.00511037826444246
4229,SC_FluctAnal_2_dfa_50_2_logi_r2_se2,scaling,0.00107658530464083,0.00375538285677654
4230,SC_FluctAnal_2_dfa_50_2_logi_r2_ssr,scaling,0.017814839449509,0.0431779283115484
4233,SC_FluctAnal_2_dfa_50_3_logi_linfitint,scaling,5.17450467954947e-06,4.40979344906276e-05
4234,SC_FluctAnal_2_dfa_50_3_logi_alpha,scaling,5.82681221138167e-06,4.8157486290583e-05
4235,SC_FluctAnal_2_dfa_50_3_logi_se1,scaling,9.82136182665932e-07,2.00475224311821e-05
4236,SC_FluctAnal_2_dfa_50_3_logi_se2,scaling,9.82136182665932e-07,2.00475224311821e-05
4238,SC_FluctAnal_2_dfa_50_3_logi_resac1,scaling,1.43441430774462e-06,2.17639492833918e-05
4239,SC_FluctAnal_2_dfa_50_3_logi_logtausplit,scaling,0.000162213619161487,0.000725526155847353
4240,SC_FluctAnal_2_dfa_50_3_logi_prop_r1,scaling,0.000133181562830062,0.000611419293075952
4242,SC_FluctAnal_2_dfa_50_3_logi_meanssr,scaling,0.0105579451035292,0.027692715575641
4259,SC_FluctAnal_2_dfa_50_1_2_logi_se1,scaling,0.00018970647056619,0.000828699352086562
4260,SC_FluctAnal_2_dfa_50_1_2_logi_se2,scaling,0.00018970647056619,0.000828699352086562
4261,SC_FluctAnal_2_dfa_50_1_2_logi_ssr,scaling,2.72896655970471e-05,0.000156481273479925
4265,SC_FluctAnal_2_dfa_50_1_2_logi_ratsplitminerr,scaling,0.00982277183238884,0.0260913939377675
4266,SC_FluctAnal_2_dfa_50_1_2_logi_meanssr,scaling,1.31540392168145e-05,8.81394944132314e-05
4268,SC_FluctAnal_2_dfa_50_1_2_logi_r1_linfitint,scaling,0.00818056932224017,0.0223209092396707
4269,SC_FluctAnal_2_dfa_50_1_2_logi_r1_alpha,scaling,0.000942271767787704,0.00333924596592495
4270,SC_FluctAnal_2_dfa_50_1_2_logi_r1_se1,scaling,0.000147725636058422,0.000667014991238408
4271,SC_FluctAnal_2_dfa_50_1_2_logi_r1_se2,scaling,5.2337595654733e-05,0.000270467923514219
4272,SC_FluctAnal_2_dfa_50_1_2_logi_r1_ssr,scaling,1.24229200737778e-05,8.44331415902605e-05
4273,SC_FluctAnal_2_dfa_50_1_2_logi_r1_resac1,scaling,0.00788327688124583,0.021650867729427
4279,SC_FluctAnal_2_dfa_50_1_2_logi_r2_resac1,scaling,0.00561318037248673,0.0160802703424378
4281,SC_FluctAnal_2_dfa_50_1_3_logi_linfitint,scaling,0.000147725636058422,0.000667014991238408
4283,SC_FluctAnal_2_dfa_50_1_3_logi_se1,scaling,0.00082362694217216,0.00298266123180514
4284,SC_FluctAnal_2_dfa_50_1_3_logi_se2,scaling,0.00082362694217216,0.00298266123180514
4285,SC_FluctAnal_2_dfa_50_1_3_logi_ssr,scaling,0.000340582796086869,0.00138569878613731
4289,SC_FluctAnal_2_dfa_50_1_3_logi_ratsplitminerr,scaling,0.000626782424265422,0.00236991696656362
4290,SC_FluctAnal_2_dfa_50_1_3_logi_meanssr,scaling,0.000626782424265422,0.00236991696656362
4291,SC_FluctAnal_2_dfa_50_1_3_logi_stdssr,scaling,0.00152607557784433,0.00511037826444246
4292,SC_FluctAnal_2_dfa_50_1_3_logi_r1_linfitint,scaling,0.01842619348603,0.0444176127529097
4293,SC_FluctAnal_2_dfa_50_1_3_logi_r1_alpha,scaling,0.00253079653773657,0.00798277844083928
4294,SC_FluctAnal_2_dfa_50_1_3_logi_r1_se1,scaling,0.00480871169077813,0.0140818075685503
4295,SC_FluctAnal_2_dfa_50_1_3_logi_r1_se2,scaling,0.00499939877018464,0.0145623093117617
4296,SC_FluctAnal_2_dfa_50_1_3_logi_r1_ssr,scaling,0.00102996237816126,0.0036104494004904
4298,SC_FluctAnal_2_dfa_50_1_3_logi_r2_linfitint,scaling,0.00336668407320579,0.0102865280656644
4306,SC_FluctAnal_mag_2_dfa_50_2_logi_alpha,scaling,0.0105579451035292,0.027692715575641
4309,SC_FluctAnal_mag_2_dfa_50_2_logi_ssr,scaling,7.8197737788281e-06,5.93868838955611e-05
4310,SC_FluctAnal_mag_2_dfa_50_2_logi_resac1,scaling,0.00336668407320579,0.0102865280656644
4311,SC_FluctAnal_mag_2_dfa_50_2_logi_logtausplit,scaling,0.00660322425253034,0.0185652089217724
4312,SC_FluctAnal_mag_2_dfa_50_2_logi_prop_r1,scaling,0.00415861781718651,0.0124234779123002
4313,SC_FluctAnal_mag_2_dfa_50_2_logi_ratsplitminerr,scaling,1.43441430774462e-06,2.17639492833918e-05
4314,SC_FluctAnal_mag_2_dfa_50_2_logi_meanssr,scaling,0.000901068977688017,0.00320921263524921
4315,SC_FluctAnal_mag_2_dfa_50_2_logi_stdssr,scaling,2.49919961928664e-07,2.00475224311821e-05
4329,SC_FluctAnal_sign_2_dfa_50_2_logi_linfitint,scaling,0.00117574116189045,0.00405947312373238
4330,SC_FluctAnal_sign_2_dfa_50_2_logi_alpha,scaling,0.000656213856332496,0.00246678172301217
4331,SC_FluctAnal_sign_2_dfa_50_2_logi_se1,scaling,5.2337595654733e-05,0.000270467923514219
4332,SC_FluctAnal_sign_2_dfa_50_2_logi_se2,scaling,5.2337595654733e-05,0.000270467923514219
4333,SC_FluctAnal_sign_2_dfa_50_2_logi_ssr,scaling,0.00848785630958759,0.0230093659043906
4334,SC_FluctAnal_sign_2_dfa_50_2_logi_resac1,scaling,2.18599433306592e-05,0.000131270343241325
4340,SC_FluctAnal_sign_2_dfa_50_2_logi_r1_linfitint,scaling,0.0150172581412796,0.0374169499066335
4353,SC_MMA_0__n5_5_meanHurstExponent,"scaling,fractal",9.21562980967866e-07,2.00475224311821e-05
4355,SC_MMA_0__n5_5_minHurstExponent,"scaling,fractal",0.000254864490291098,0.00107760886090995
4356,SC_MMA_0__n5_5_maxHurstExponent,"scaling,fractal",4.07343157778537e-06,3.7841434866215e-05
4357,SC_MMA_0__n5_5_scaleHurstStd,"scaling,fractal",0.00379644200152357,0.0114569471089236
4358,SC_MMA_0__n5_5_scaleHurstTrend,"scaling,fractal",0.00134038555683954,0.00457466840406242
4364,SC_MMA_0__n5_5_minHurstScale,"scaling,fractal",1.86577395009554e-05,0.000115752811062597
4368,SP_Summaries_pgram_hamm_maxw,FourierSpectrum,0.00122842305321242,0.00422088770963764
4371,SP_Summaries_pgram_hamm_numPromPeaks_1,FourierSpectrum,4.24699862078892e-05,0.000225871765213258
4373,SP_Summaries_pgram_hamm_numPromPeaks_5,FourierSpectrum,0.000620353609677003,0.00235939940484316
4374,SP_Summaries_pgram_hamm_numPeaks_overmean,FourierSpectrum,0.000277158238520581,0.00116357405623154
4376,SP_Summaries_pgram_hamm_meanProm_2,FourierSpectrum,0.0210589482429528,0.0496045930807191
4382,SP_Summaries_pgram_hamm_w_weighted_peak_prom,FourierSpectrum,2.35690423947498e-06,2.62468396996932e-05
4383,SP_Summaries_pgram_hamm_w_weighted_peak_height,FourierSpectrum,1.95865484438265e-06,2.42818604052734e-05
4386,SP_Summaries_pgram_hamm_iqr,FourierSpectrum,3.72030155408931e-07,2.00475224311821e-05
4388,SP_Summaries_pgram_hamm_q25,FourierSpectrum,6.47159490551713e-05,0.000324995549383627
4389,SP_Summaries_pgram_hamm_median,FourierSpectrum,6.18178925154075e-06,5.01020641389112e-05
4390,SP_Summaries_pgram_hamm_q75,FourierSpectrum,4.83557438253742e-07,2.00475224311821e-05
4393,SP_Summaries_pgram_hamm_logstd,FourierSpectrum,0.00519689746784096,0.0150758754101738
4395,SP_Summaries_pgram_hamm_logmean,FourierSpectrum,1.17306779714729e-05,8.11229392079699e-05
4401,SP_Summaries_pgram_hamm_tau,FourierSpectrum,1.84801124407888e-05,0.000114750855260605
4402,SP_Summaries_pgram_hamm_wmax_5,FourierSpectrum,0.00437804314602536,0.0129863088900027
4403,SP_Summaries_pgram_hamm_wmax_10,FourierSpectrum,0.00049718147462051,0.00194606346171592
4404,SP_Summaries_pgram_hamm_wmax_25,FourierSpectrum,0.00018970647056619,0.000828699352086562
4405,SP_Summaries_pgram_hamm_centroid,FourierSpectrum,1.84801124407888e-05,0.000114750855260605
4406,SP_Summaries_pgram_hamm_wmax_75,FourierSpectrum,5.87706654304219e-07,2.00475224311821e-05
4407,SP_Summaries_pgram_hamm_wmax_90,FourierSpectrum,6.26998872165287e-07,2.00475224311821e-05
4408,SP_Summaries_pgram_hamm_wmax_95,FourierSpectrum,5.17450467954947e-06,4.40979344906276e-05
4409,SP_Summaries_pgram_hamm_wmax_99,FourierSpectrum,4.07343157778537e-06,3.7841434866215e-05
4410,SP_Summaries_pgram_hamm_w10_90,FourierSpectrum,2.0836178159175e-06,2.48358867304337e-05
4411,SP_Summaries_pgram_hamm_w25_75,FourierSpectrum,0.016226732352366,0.0400240649634096
4412,SP_Summaries_pgram_hamm_fpoly2csS_p1,FourierSpectrum,0.00678854239663417,0.0189961729038336
4413,SP_Summaries_pgram_hamm_fpoly2csS_p2,FourierSpectrum,0.00128327762626588,0.00439240191847428
4414,SP_Summaries_pgram_hamm_fpoly2csS_p3,FourierSpectrum,1.47412616174406e-05,9.51894897184276e-05
4416,SP_Summaries_pgram_hamm_fpoly2_r2,FourierSpectrum,5.16120692670543e-07,2.00475224311821e-05
4417,SP_Summaries_pgram_hamm_fpoly2_rmse,FourierSpectrum,0.0210589482429528,0.0496045930807191
4419,SP_Summaries_pgram_hamm_fpolysat_b,FourierSpectrum,1.52708182821975e-06,2.20420168146283e-05
4421,SP_Summaries_pgram_hamm_fpolysat_rmse,FourierSpectrum,0.0166452400339562,0.0408158263548009
4422,SP_Summaries_pgram_hamm_spect_shann_ent,FourierSpectrum,0.00818056932224017,0.0223209092396707
4423,SP_Summaries_pgram_hamm_spect_shann_ent_norm,FourierSpectrum,0.00818056932224017,0.0223209092396707
4424,SP_Summaries_pgram_hamm_sfm,FourierSpectrum,5.17450467954947e-06,4.40979344906276e-05
4426,SP_Summaries_pgram_hamm_ylogareatopeak,FourierSpectrum,3.78942790951893e-05,0.000206791173344607
4427,SP_Summaries_pgram_hamm_linfitloglog_all_a1,FourierSpectrum,1.10753480969413e-05,7.72668402527787e-05
4428,SP_Summaries_pgram_hamm_linfitloglog_all_a2,FourierSpectrum,0.000140455025433301,0.000639052404720823
4430,SP_Summaries_pgram_hamm_linfitloglog_all_sigma,FourierSpectrum,0.00653714319617325,0.0183866841833869
4431,SP_Summaries_pgram_hamm_linfitloglog_all_sea1,FourierSpectrum,0.00653714319617325,0.0183866841833869
4432,SP_Summaries_pgram_hamm_linfitloglog_lf_a1,FourierSpectrum,2.67153931978667e-07,2.00475224311821e-05
4433,SP_Summaries_pgram_hamm_linfitloglog_lf_a2,FourierSpectrum,1.45796399486326e-07,2.00475224311821e-05
4434,SP_Summaries_pgram_hamm_linfitloglog_lf_sigrat,FourierSpectrum,0.000686926233975337,0.00256731464336581
4437,SP_Summaries_pgram_hamm_linfitloglog_hf_a1,FourierSpectrum,4.87516924146122e-06,4.27237737958596e-05
4442,SP_Summaries_pgram_hamm_linfitloglog_mf_a1,FourierSpectrum,1.18820146520854e-07,2.00475224311821e-05
4447,SP_Summaries_pgram_hamm_linfitsemilog_all_a1,FourierSpectrum,0.00678854239663417,0.0189961729038336
4448,SP_Summaries_pgram_hamm_linfitsemilog_all_a2,FourierSpectrum,0.00102996237816126,0.0036104494004904
4453,SP_Summaries_pgram_hamm_logarea_2_1,FourierSpectrum,1.18773136379583e-06,2.0614381426271e-05
4454,SP_Summaries_pgram_hamm_area_2_2,FourierSpectrum,2.72896655970471e-05,0.000156481273479925
4455,SP_Summaries_pgram_hamm_logarea_2_2,FourierSpectrum,4.70247342896548e-05,0.000247505923968331
4457,SP_Summaries_pgram_hamm_statav2_s,FourierSpectrum,0.00629414882979977,0.0178017341307055
4459,SP_Summaries_pgram_hamm_logarea_3_1,FourierSpectrum,7.3751706263707e-06,5.71074147739433e-05
4460,SP_Summaries_pgram_hamm_area_3_2,FourierSpectrum,2.8322842707188e-06,2.91671995230607e-05
4461,SP_Summaries_pgram_hamm_logarea_3_2,FourierSpectrum,2.21621930828942e-06,2.55187970837986e-05
4462,SP_Summaries_pgram_hamm_area_3_3,FourierSpectrum,0.00018970647056619,0.000828699352086562
4463,SP_Summaries_pgram_hamm_logarea_3_3,FourierSpectrum,9.82427974942328e-05,0.000468248993281286
4466,SP_Summaries_pgram_hamm_area_4_1,FourierSpectrum,0.0113416610170194,0.0294982674697039
4468,SP_Summaries_pgram_hamm_area_4_2,FourierSpectrum,7.33249101920975e-08,2.00475224311821e-05
4469,SP_Summaries_pgram_hamm_logarea_4_2,FourierSpectrum,1.56039295066102e-07,2.00475224311821e-05
4470,SP_Summaries_pgram_hamm_area_4_3,FourierSpectrum,2.31118018635252e-05,0.000137626428502799
4471,SP_Summaries_pgram_hamm_logarea_4_3,FourierSpectrum,2.58231003683401e-05,0.000150620641164843
4472,SP_Summaries_pgram_hamm_area_4_4,FourierSpectrum,0.000392927991788058,0.00158238573263374
4473,SP_Summaries_pgram_hamm_logarea_4_4,FourierSpectrum,0.000126913156158702,0.000584161720068128
4476,SP_Summaries_pgram_hamm_area_5_1,FourierSpectrum,0.00117574116189045,0.00405947312373238
4478,SP_Summaries_pgram_hamm_area_5_2,FourierSpectrum,1.03591204136718e-07,2.00475224311821e-05
4479,SP_Summaries_pgram_hamm_logarea_5_2,FourierSpectrum,1.1095309646974e-07,2.00475224311821e-05
4480,SP_Summaries_pgram_hamm_area_5_3,FourierSpectrum,2.66442794601493e-06,2.79647039289709e-05
4481,SP_Summaries_pgram_hamm_logarea_5_3,FourierSpectrum,2.35690423947498e-06,2.62468396996932e-05
4482,SP_Summaries_pgram_hamm_area_5_4,FourierSpectrum,7.57669573527021e-05,0.000372603779213426
4483,SP_Summaries_pgram_hamm_logarea_5_4,FourierSpectrum,7.57669573527021e-05,0.000372603779213426
4484,SP_Summaries_pgram_hamm_area_5_5,FourierSpectrum,0.000474463308048828,0.0018653485635776
4485,SP_Summaries_pgram_hamm_logarea_5_5,FourierSpectrum,0.000209450726687326,0.000904949223501525
4492,SP_Summaries_welch_rect_maxw,FourierSpectrum,0.000340582796086869,0.00138569878613731
4495,SP_Summaries_welch_rect_numPromPeaks_1,FourierSpectrum,2.15207890342775e-06,2.55187970837986e-05
4497,SP_Summaries_welch_rect_numPromPeaks_5,FourierSpectrum,8.9707208154025e-06,6.65648063841546e-05
4498,SP_Summaries_welch_rect_numPeaks_overmean,FourierSpectrum,6.7980533571555e-05,0.000340181611715062
4500,SP_Summaries_welch_rect_meanProm_2,FourierSpectrum,0.0117525566357291,0.0303892416496542
4506,SP_Summaries_welch_rect_w_weighted_peak_prom,FourierSpectrum,1.34716678791654e-06,2.12559620018051e-05
4507,SP_Summaries_welch_rect_w_weighted_peak_height,FourierSpectrum,1.34716678791654e-06,2.12559620018051e-05
4510,SP_Summaries_welch_rect_iqr,FourierSpectrum,3.2602341299532e-07,2.00475224311821e-05
4512,SP_Summaries_welch_rect_q25,FourierSpectrum,0.000280890693437725,0.00117026825205085
4513,SP_Summaries_welch_rect_median,FourierSpectrum,2.31118018635252e-05,0.000137626428502799
4514,SP_Summaries_welch_rect_q75,FourierSpectrum,2.85533069149158e-07,2.00475224311821e-05
4519,SP_Summaries_welch_rect_logmean,FourierSpectrum,4.00045227898351e-05,0.000216316249371175
4525,SP_Summaries_welch_rect_tau,FourierSpectrum,4.07343157778537e-06,3.7841434866215e-05
4526,SP_Summaries_welch_rect_wmax_5,FourierSpectrum,0.00427237411254907,0.0126873833579382
4527,SP_Summaries_welch_rect_wmax_10,FourierSpectrum,0.000598582921400376,0.00228147620175955
4528,SP_Summaries_welch_rect_wmax_25,FourierSpectrum,1.47412616174406e-05,9.51894897184276e-05
4529,SP_Summaries_welch_rect_centroid,FourierSpectrum,1.04550591732956e-05,7.39544742317808e-05
4530,SP_Summaries_welch_rect_wmax_75,FourierSpectrum,6.26998872165287e-07,2.00475224311821e-05
4531,SP_Summaries_welch_rect_wmax_90,FourierSpectrum,5.16120692670543e-07,2.00475224311821e-05
4532,SP_Summaries_welch_rect_wmax_95,FourierSpectrum,7.8197737788281e-06,5.93868838955611e-05
4533,SP_Summaries_welch_rect_wmax_99,FourierSpectrum,4.70247342896548e-05,0.000247505923968331
4534,SP_Summaries_welch_rect_w10_90,FourierSpectrum,2.50614204546602e-06,2.69391341322299e-05
4536,SP_Summaries_welch_rect_fpoly2csS_p1,FourierSpectrum,0.000280890693437725,0.00117026825205085
4537,SP_Summaries_welch_rect_fpoly2csS_p2,FourierSpectrum,2.06727974704263e-05,0.00012562564201499
4538,SP_Summaries_welch_rect_fpoly2csS_p3,FourierSpectrum,1.34716678791654e-06,2.12559620018051e-05
4539,SP_Summaries_welch_rect_fpoly2_sse,FourierSpectrum,0.00947257968258233,0.0252933872500022
4540,SP_Summaries_welch_rect_fpoly2_r2,FourierSpectrum,3.4829427824527e-07,2.00475224311821e-05
4541,SP_Summaries_welch_rect_fpoly2_rmse,FourierSpectrum,0.00818056932224017,0.0223209092396707
4542,SP_Summaries_welch_rect_fpolysat_a,FourierSpectrum,0.00480871169077813,0.0140818075685503
4543,SP_Summaries_welch_rect_fpolysat_b,FourierSpectrum,1.18773136379583e-06,2.0614381426271e-05
4545,SP_Summaries_welch_rect_fpolysat_rmse,FourierSpectrum,0.00205509104458358,0.00664728539693489
4546,SP_Summaries_welch_rect_spect_shann_ent,FourierSpectrum,0.0027478022249797,0.00857979843482033
4547,SP_Summaries_welch_rect_spect_shann_ent_norm,FourierSpectrum,0.0027478022249797,0.00857979843482033
4548,SP_Summaries_welch_rect_sfm,FourierSpectrum,4.00045227898351e-05,0.000216316249371175
4550,SP_Summaries_welch_rect_ylogareatopeak,FourierSpectrum,4.32549215748757e-06,3.92104486530975e-05
4551,SP_Summaries_welch_rect_linfitloglog_all_a1,FourierSpectrum,4.00045227898351e-05,0.000216316249371175
4552,SP_Summaries_welch_rect_linfitloglog_all_a2,FourierSpectrum,0.000340582796086869,0.00138569878613731
4553,SP_Summaries_welch_rect_linfitloglog_all_sigrat,FourierSpectrum,0.0140114417696054,0.0352689846595373
4554,SP_Summaries_welch_rect_linfitloglog_all_sigma,FourierSpectrum,7.57669573527021e-05,0.000372603779213426
4555,SP_Summaries_welch_rect_linfitloglog_all_sea1,FourierSpectrum,7.57669573527021e-05,0.000372603779213426
4556,SP_Summaries_welch_rect_linfitloglog_lf_a1,FourierSpectrum,2.67153931978667e-07,2.00475224311821e-05
4557,SP_Summaries_welch_rect_linfitloglog_lf_a2,FourierSpectrum,1.91117503015364e-07,2.00475224311821e-05
4558,SP_Summaries_welch_rect_linfitloglog_lf_sigrat,FourierSpectrum,4.32549215748757e-06,3.92104486530975e-05
4561,SP_Summaries_welch_rect_linfitloglog_hf_a1,FourierSpectrum,0.000163342672991421,0.00072737575782663
4566,SP_Summaries_welch_rect_linfitloglog_mf_a1,FourierSpectrum,1.78653201486373e-07,2.00475224311821e-05
4571,SP_Summaries_welch_rect_linfitsemilog_all_a1,FourierSpectrum,0.00011460879331106,0.000535141845932743
4572,SP_Summaries_welch_rect_linfitsemilog_all_a2,FourierSpectrum,0.00540141912727418,0.0155487453518135
4576,SP_Summaries_welch_rect_area_2_1,FourierSpectrum,0.000180503538081067,0.000796319390567187
4577,SP_Summaries_welch_rect_logarea_2_1,FourierSpectrum,9.21562980967866e-07,2.00475224311821e-05
4578,SP_Summaries_welch_rect_area_2_2,FourierSpectrum,0.000180503538081067,0.000796319390567187
4579,SP_Summaries_welch_rect_logarea_2_2,FourierSpectrum,0.000209450726687326,0.000904949223501525
4581,SP_Summaries_welch_rect_statav2_s,FourierSpectrum,0.0135312008308029,0.0342662011074709
4582,SP_Summaries_welch_rect_area_3_1,FourierSpectrum,9.3125620761273e-06,6.74142337067364e-05
4583,SP_Summaries_welch_rect_logarea_3_1,FourierSpectrum,9.82136182665932e-07,2.00475224311821e-05
4584,SP_Summaries_welch_rect_area_3_2,FourierSpectrum,6.18178925154075e-06,5.01020641389112e-05
4585,SP_Summaries_welch_rect_logarea_3_2,FourierSpectrum,7.8197737788281e-06,5.93868838955611e-05
4586,SP_Summaries_welch_rect_area_3_3,FourierSpectrum,0.000598582921400376,0.00228147620175955
4587,SP_Summaries_welch_rect_logarea_3_3,FourierSpectrum,0.00078726537066868,0.00286909709983228
4590,SP_Summaries_welch_rect_area_4_1,FourierSpectrum,5.87706654304219e-07,2.00475224311821e-05
4591,SP_Summaries_welch_rect_logarea_4_1,FourierSpectrum,0.00519689746784096,0.0150758754101738
4592,SP_Summaries_welch_rect_area_4_2,FourierSpectrum,9.67031093838127e-08,2.00475224311821e-05
4593,SP_Summaries_welch_rect_logarea_4_2,FourierSpectrum,3.05130403710894e-07,2.00475224311821e-05
4594,SP_Summaries_welch_rect_area_4_3,FourierSpectrum,0.00013352242572232,0.000611419293075952
4595,SP_Summaries_welch_rect_logarea_4_3,FourierSpectrum,0.000147725636058422,0.000667014991238408
4596,SP_Summaries_welch_rect_area_4_4,FourierSpectrum,0.000718970297700572,0.00266885374983686
4597,SP_Summaries_welch_rect_logarea_4_4,FourierSpectrum,0.000901068977688017,0.00320921263524921
4600,SP_Summaries_welch_rect_area_5_1,FourierSpectrum,2.04420430353178e-07,2.00475224311821e-05
4602,SP_Summaries_welch_rect_area_5_2,FourierSpectrum,8.42321392028478e-08,2.00475224311821e-05
4603,SP_Summaries_welch_rect_logarea_5_2,FourierSpectrum,1.66976483886586e-07,2.00475224311821e-05
4604,SP_Summaries_welch_rect_area_5_3,FourierSpectrum,1.47412616174406e-05,9.51894897184276e-05
4605,SP_Summaries_welch_rect_logarea_5_3,FourierSpectrum,9.3125620761273e-06,6.74142337067364e-05
4606,SP_Summaries_welch_rect_area_5_4,FourierSpectrum,0.000324636730799297,0.00133455515676938
4607,SP_Summaries_welch_rect_logarea_5_4,FourierSpectrum,0.00029481867962687,0.00122399633852089
4608,SP_Summaries_welch_rect_area_5_5,FourierSpectrum,0.000752398562734347,0.00276696029582306
4609,SP_Summaries_welch_rect_logarea_5_5,FourierSpectrum,0.000901068977688017,0.00320921263524921
4616,SP_Summaries_fft_maxw,FourierSpectrum,0.000340582796086869,0.00138569878613731
4619,SP_Summaries_fft_numPromPeaks_1,FourierSpectrum,2.15207890342775e-06,2.55187970837986e-05
4621,SP_Summaries_fft_numPromPeaks_5,FourierSpectrum,8.9707208154025e-06,6.65648063841546e-05
4622,SP_Summaries_fft_numPeaks_overmean,FourierSpectrum,6.7980533571555e-05,0.000340181611715062
4624,SP_Summaries_fft_meanProm_2,FourierSpectrum,0.0117525566357291,0.0303892416496542
4630,SP_Summaries_fft_w_weighted_peak_prom,FourierSpectrum,1.34716678791654e-06,2.12559620018051e-05
4631,SP_Summaries_fft_w_weighted_peak_height,FourierSpectrum,1.34716678791654e-06,2.12559620018051e-05
4634,SP_Summaries_fft_iqr,FourierSpectrum,3.2602341299532e-07,2.00475224311821e-05
4636,SP_Summaries_fft_q25,FourierSpectrum,0.000280890693437725,0.00117026825205085
4637,SP_Summaries_fft_median,FourierSpectrum,2.31118018635252e-05,0.000137626428502799
4638,SP_Summaries_fft_q75,FourierSpectrum,2.85533069149158e-07,2.00475224311821e-05
4643,SP_Summaries_fft_logmean,FourierSpectrum,4.00045227898351e-05,0.000216316249371175
4649,SP_Summaries_fft_tau,FourierSpectrum,4.07343157778537e-06,3.7841434866215e-05
4650,SP_Summaries_fft_wmax_5,FourierSpectrum,0.00427237411254907,0.0126873833579382
4651,SP_Summaries_fft_wmax_10,FourierSpectrum,0.000598582921400376,0.00228147620175955
4652,SP_Summaries_fft_wmax_25,FourierSpectrum,1.47412616174406e-05,9.51894897184276e-05
4653,SP_Summaries_fft_centroid,FourierSpectrum,1.04550591732956e-05,7.39544742317808e-05
4654,SP_Summaries_fft_wmax_75,FourierSpectrum,6.26998872165287e-07,2.00475224311821e-05
4655,SP_Summaries_fft_wmax_90,FourierSpectrum,5.16120692670543e-07,2.00475224311821e-05
4656,SP_Summaries_fft_wmax_95,FourierSpectrum,7.8197737788281e-06,5.93868838955611e-05
4657,SP_Summaries_fft_wmax_99,FourierSpectrum,4.70247342896548e-05,0.000247505923968331
4658,SP_Summaries_fft_w10_90,FourierSpectrum,2.50614204546602e-06,2.69391341322299e-05
4660,SP_Summaries_fft_fpoly2csS_p1,FourierSpectrum,0.000280890693437725,0.00117026825205085
4661,SP_Summaries_fft_fpoly2csS_p2,FourierSpectrum,2.06727974704263e-05,0.00012562564201499
4662,SP_Summaries_fft_fpoly2csS_p3,FourierSpectrum,1.34716678791654e-06,2.12559620018051e-05
4663,SP_Summaries_fft_fpoly2_sse,FourierSpectrum,0.00947257968258233,0.0252933872500022
4664,SP_Summaries_fft_fpoly2_r2,FourierSpectrum,3.4829427824527e-07,2.00475224311821e-05
4665,SP_Summaries_fft_fpoly2_rmse,FourierSpectrum,0.00818056932224017,0.0223209092396707
4666,SP_Summaries_fft_fpolysat_a,FourierSpectrum,0.00480871169077813,0.0140818075685503
4667,SP_Summaries_fft_fpolysat_b,FourierSpectrum,1.18773136379583e-06,2.0614381426271e-05
4669,SP_Summaries_fft_fpolysat_rmse,FourierSpectrum,0.00205509104458358,0.00664728539693489
4670,SP_Summaries_fft_spect_shann_ent,FourierSpectrum,0.0027478022249797,0.00857979843482033
4671,SP_Summaries_fft_spect_shann_ent_norm,FourierSpectrum,0.0027478022249797,0.00857979843482033
4672,SP_Summaries_fft_sfm,FourierSpectrum,4.00045227898351e-05,0.000216316249371175
4674,SP_Summaries_fft_ylogareatopeak,FourierSpectrum,4.32549215748757e-06,3.92104486530975e-05
4675,SP_Summaries_fft_linfitloglog_all_a1,FourierSpectrum,4.00045227898351e-05,0.000216316249371175
4676,SP_Summaries_fft_linfitloglog_all_a2,FourierSpectrum,0.000340582796086869,0.00138569878613731
4677,SP_Summaries_fft_linfitloglog_all_sigrat,FourierSpectrum,0.0140114417696054,0.0352689846595373
4678,SP_Summaries_fft_linfitloglog_all_sigma,FourierSpectrum,7.57669573527021e-05,0.000372603779213426
4679,SP_Summaries_fft_linfitloglog_all_sea1,FourierSpectrum,7.57669573527021e-05,0.000372603779213426
4680,SP_Summaries_fft_linfitloglog_lf_a1,FourierSpectrum,2.67153931978667e-07,2.00475224311821e-05
4681,SP_Summaries_fft_linfitloglog_lf_a2,FourierSpectrum,1.91117503015364e-07,2.00475224311821e-05
4682,SP_Summaries_fft_linfitloglog_lf_sigrat,FourierSpectrum,4.32549215748757e-06,3.92104486530975e-05
4685,SP_Summaries_fft_linfitloglog_hf_a1,FourierSpectrum,0.000155349545893666,0.000695700043158794
4690,SP_Summaries_fft_linfitloglog_mf_a1,FourierSpectrum,1.78653201486373e-07,2.00475224311821e-05
4695,SP_Summaries_fft_linfitsemilog_all_a1,FourierSpectrum,0.00011460879331106,0.000535141845932743
4696,SP_Summaries_fft_linfitsemilog_all_a2,FourierSpectrum,0.00540141912727418,0.0155487453518135
4700,SP_Summaries_fft_area_2_1,FourierSpectrum,0.000180503538081067,0.000796319390567187
4701,SP_Summaries_fft_logarea_2_1,FourierSpectrum,9.21562980967866e-07,2.00475224311821e-05
4702,SP_Summaries_fft_area_2_2,FourierSpectrum,0.000180503538081067,0.000796319390567187
4703,SP_Summaries_fft_logarea_2_2,FourierSpectrum,0.000209450726687326,0.000904949223501525
4705,SP_Summaries_fft_statav2_s,FourierSpectrum,0.0135312008308029,0.0342662011074709
4706,SP_Summaries_fft_area_3_1,FourierSpectrum,9.3125620761273e-06,6.74142337067364e-05
4707,SP_Summaries_fft_logarea_3_1,FourierSpectrum,9.82136182665932e-07,2.00475224311821e-05
4708,SP_Summaries_fft_area_3_2,FourierSpectrum,6.18178925154075e-06,5.01020641389112e-05
4709,SP_Summaries_fft_logarea_3_2,FourierSpectrum,7.8197737788281e-06,5.93868838955611e-05
4710,SP_Summaries_fft_area_3_3,FourierSpectrum,0.000598582921400376,0.00228147620175955
4711,SP_Summaries_fft_logarea_3_3,FourierSpectrum,0.00078726537066868,0.00286909709983228
4714,SP_Summaries_fft_area_4_1,FourierSpectrum,5.87706654304219e-07,2.00475224311821e-05
4715,SP_Summaries_fft_logarea_4_1,FourierSpectrum,0.00519689746784096,0.0150758754101738
4716,SP_Summaries_fft_area_4_2,FourierSpectrum,9.67031093838127e-08,2.00475224311821e-05
4717,SP_Summaries_fft_logarea_4_2,FourierSpectrum,3.05130403710894e-07,2.00475224311821e-05
4718,SP_Summaries_fft_area_4_3,FourierSpectrum,0.00013352242572232,0.000611419293075952
4719,SP_Summaries_fft_logarea_4_3,FourierSpectrum,0.000147725636058422,0.000667014991238408
4720,SP_Summaries_fft_area_4_4,FourierSpectrum,0.000718970297700572,0.00266885374983686
4721,SP_Summaries_fft_logarea_4_4,FourierSpectrum,0.000901068977688017,0.00320921263524921
4724,SP_Summaries_fft_area_5_1,FourierSpectrum,2.04420430353178e-07,2.00475224311821e-05
4726,SP_Summaries_fft_area_5_2,FourierSpectrum,8.42321392028478e-08,2.00475224311821e-05
4727,SP_Summaries_fft_logarea_5_2,FourierSpectrum,1.66976483886586e-07,2.00475224311821e-05
4728,SP_Summaries_fft_area_5_3,FourierSpectrum,1.47412616174406e-05,9.51894897184276e-05
4729,SP_Summaries_fft_logarea_5_3,FourierSpectrum,9.3125620761273e-06,6.74142337067364e-05
4730,SP_Summaries_fft_area_5_4,FourierSpectrum,0.000324636730799297,0.00133455515676938
4731,SP_Summaries_fft_logarea_5_4,FourierSpectrum,0.00029481867962687,0.00122399633852089
4732,SP_Summaries_fft_area_5_5,FourierSpectrum,0.000752398562734347,0.00276696029582306
4733,SP_Summaries_fft_logarea_5_5,FourierSpectrum,0.000901068977688017,0.00320921263524921
4740,NL_crptool_fnn_10_2_mi_fnn2,"nonlinear,dimension,crptool",0.010683719829272,0.02801228824801
4742,NL_crptool_fnn_10_2_mi_fnn4,"nonlinear,dimension,crptool",0.0117212468238679,0.0303892416496542
4743,NL_crptool_fnn_10_2_mi_fnn5,"nonlinear,dimension,crptool",5.52026967449372e-05,0.000282809496066935
4744,NL_crptool_fnn_10_2_mi_fnn6,"nonlinear,dimension,crptool",8.64595004250958e-07,2.00475224311821e-05
4745,NL_crptool_fnn_10_2_mi_fnn7,"nonlinear,dimension,crptool",1.298737499443e-06,2.12559620018051e-05
4746,NL_crptool_fnn_10_2_mi_fnn8,"nonlinear,dimension,crptool",2.4164556163252e-07,2.00475224311821e-05
4747,NL_crptool_fnn_10_2_mi_fnn9,"nonlinear,dimension,crptool",1.38239304282173e-07,2.00475224311821e-05
4748,NL_crptool_fnn_10_2_mi_fnn10,"nonlinear,dimension,crptool",1.03947214941817e-05,7.39544742317808e-05
4749,NL_crptool_fnn_10_2_mi_firstunder005,"nonlinear,dimension,crptool",0.0078125,0.0215396164277412
4750,NL_crptool_fnn_10_2_mi_firstunder01,"nonlinear,dimension,crptool",7.72817581517475e-05,0.000379790739646295
4751,NL_crptool_fnn_10_2_mi_firstunder02,"nonlinear,dimension,crptool",3.90300301072958e-07,2.00475224311821e-05
4752,NL_crptool_fnn_10_2_mi_firstunder05,"nonlinear,dimension,crptool",0.000330932586632738,0.00135965143561118
4757,NL_crptool_fnn_10_2_ac_fnn3,"nonlinear,dimension,crptool",0.00745286355810579,0.0206360222099147
4758,NL_crptool_fnn_10_2_ac_fnn4,"nonlinear,dimension,crptool",0.00181057379343184,0.00594282431460377
4759,NL_crptool_fnn_10_2_ac_fnn5,"nonlinear,dimension,crptool",1.64250864406431e-05,0.000103969815797059
4760,NL_crptool_fnn_10_2_ac_fnn6,"nonlinear,dimension,crptool",2.0836178159175e-06,2.48358867304337e-05
4761,NL_crptool_fnn_10_2_ac_fnn7,"nonlinear,dimension,crptool",5.17450467954947e-06,4.40979344906276e-05
4762,NL_crptool_fnn_10_2_ac_fnn8,"nonlinear,dimension,crptool",2.35636986938498e-06,2.62468396996932e-05
4763,NL_crptool_fnn_10_2_ac_fnn9,"nonlinear,dimension,crptool",2.8322842707188e-06,2.91671995230607e-05
4764,NL_crptool_fnn_10_2_ac_fnn10,"nonlinear,dimension,crptool",6.82179820007579e-05,0.000340181611715062
4765,NL_crptool_fnn_10_2_ac_firstunder005,"nonlinear,dimension,crptool",0.001953125,0.00638128443526171
4766,NL_crptool_fnn_10_2_ac_firstunder01,"nonlinear,dimension,crptool",0.000182710212757447,0.000805555064425026
4767,NL_crptool_fnn_10_2_ac_firstunder02,"nonlinear,dimension,crptool",1.98640948320573e-06,2.45831128391165e-05
4768,NL_crptool_fnn_10_2_ac_firstunder05,"nonlinear,dimension,crptool",3.08959886962322e-05,0.000172978643243421
4769,NL_crptool_fnn_10_2_ac_firstunder07,"nonlinear,dimension,crptool",0.0093223760474375,0.0249766671511917
4772,NL_crptool_fnn_10_2_1_fnn2,"nonlinear,dimension,crptool",0.000787429263065268,0.00286909709983228
4774,NL_crptool_fnn_10_2_1_fnn4,"nonlinear,dimension,crptool",0.00625185467018578,0.017745591477081
4775,NL_crptool_fnn_10_2_1_fnn5,"nonlinear,dimension,crptool",0.00242780130160228,0.00770380120559409
4776,NL_crptool_fnn_10_2_1_fnn6,"nonlinear,dimension,crptool",0.0158319213561694,0.0392133492413858
4778,NL_crptool_fnn_10_2_1_fnn8,"nonlinear,dimension,crptool",0.0112975134138677,0.029448023975488
4784,NL_crptool_fnn_10_2_1_firstunder05,"nonlinear,dimension,crptool",0.00173215099836025,0.0057218408657985
4786,NL_crptool_fnn_10_2_1_firstunder08,"nonlinear,dimension,crptool",0.018422125454099,0.0444176127529097
5068,NL_BoxCorrDim_50_ac_5_mind3,"nonlinear,correlation,tstool,dimension",0.0135312008308029,0.0342662011074709
5071,NL_BoxCorrDim_50_ac_5_mind4,"nonlinear,correlation,tstool,dimension",0.00480871169077813,0.0140818075685503
5073,NL_BoxCorrDim_50_ac_5_mediand5,"nonlinear,correlation,tstool,dimension",0.0130655617316131,0.0333122670305121
5094,NL_BoxCorrDim_50_ac_5_meanr7,"nonlinear,correlation,tstool,dimension",0.0145066650137748,0.0363868270137546
5095,NL_BoxCorrDim_50_ac_5_medianr7,"nonlinear,correlation,tstool,dimension",0.017814839449509,0.0431779283115484
5096,NL_BoxCorrDim_50_ac_5_minr7,"nonlinear,correlation,tstool,dimension",0.0166452400339562,0.0408158263548009
5097,NL_BoxCorrDim_50_ac_5_meanchr7,"nonlinear,correlation,tstool,dimension",0.0140114417696054,0.0352689846595373
5104,NL_BoxCorrDim_50_ac_5_minr9,"nonlinear,correlation,tstool,dimension",0.0150172581412796,0.0374169499066335
5105,NL_BoxCorrDim_50_ac_5_meanchr9,"nonlinear,correlation,tstool,dimension",0.0091335656357516,0.0244800199864438
5108,NL_BoxCorrDim_50_ac_5_minr10,"nonlinear,correlation,tstool,dimension",0.0113416610170194,0.0294982674697039
5109,NL_BoxCorrDim_50_ac_5_meanchr10,"nonlinear,correlation,tstool,dimension",0.00583240319190966,0.0166613332451341
5110,NL_BoxCorrDim_50_ac_5_meanr11,"nonlinear,correlation,tstool,dimension",0.0190558322334121,0.0456877702739084
5112,NL_BoxCorrDim_50_ac_5_minr11,"nonlinear,correlation,tstool,dimension",0.00519689746784096,0.0150758754101738
5113,NL_BoxCorrDim_50_ac_5_meanchr11,"nonlinear,correlation,tstool,dimension",0.000626782424265422,0.00236991696656362
5114,NL_BoxCorrDim_50_ac_5_meanr12,"nonlinear,correlation,tstool,dimension",0.0210589482429528,0.0496045930807191
5116,NL_BoxCorrDim_50_ac_5_minr12,"nonlinear,correlation,tstool,dimension",0.00540141912727418,0.0155487453518135
5117,NL_BoxCorrDim_50_ac_5_meanchr12,"nonlinear,correlation,tstool,dimension",0.00336668407320579,0.0102865280656644
5118,NL_BoxCorrDim_50_ac_5_meanr13,"nonlinear,correlation,tstool,dimension",0.017814839449509,0.0431779283115484
5119,NL_BoxCorrDim_50_ac_5_medianr13,"nonlinear,correlation,tstool,dimension",0.0203717531519052,0.0482093100861182
5120,NL_BoxCorrDim_50_ac_5_minr13,"nonlinear,correlation,tstool,dimension",0.000656213856332496,0.00246678172301217
5122,NL_BoxCorrDim_50_ac_5_meanr14,"nonlinear,correlation,tstool,dimension",0.0160861401361776,0.039691044802025
5123,NL_BoxCorrDim_50_ac_5_medianr14,"nonlinear,correlation,tstool,dimension",0.01842619348603,0.0444176127529097
5124,NL_BoxCorrDim_50_ac_5_minr14,"nonlinear,correlation,tstool,dimension",0.00082362694217216,0.00298266123180514
5126,NL_BoxCorrDim_50_ac_5_meanr15,"nonlinear,correlation,tstool,dimension",0.0203717531519052,0.0482093100861182
5128,NL_BoxCorrDim_50_ac_5_minr15,"nonlinear,correlation,tstool,dimension",0.000861541430768804,0.00310102621211472
5130,NL_BoxCorrDim_50_ac_5_meanr16,"nonlinear,correlation,tstool,dimension",0.017814839449509,0.0431779283115484
5131,NL_BoxCorrDim_50_ac_5_medianr16,"nonlinear,correlation,tstool,dimension",0.0166452400339562,0.0408158263548009
5132,NL_BoxCorrDim_50_ac_5_minr16,"nonlinear,correlation,tstool,dimension",0.000626782424265422,0.00236991696656362
5134,NL_BoxCorrDim_50_ac_5_meanr17,"nonlinear,correlation,tstool,dimension",0.0197042011871398,0.046988973072281
5135,NL_BoxCorrDim_50_ac_5_medianr17,"nonlinear,correlation,tstool,dimension",0.0150172581412796,0.0374169499066335
5136,NL_BoxCorrDim_50_ac_5_minr17,"nonlinear,correlation,tstool,dimension",0.000171721588064445,0.000761827194929294
5139,NL_BoxCorrDim_50_ac_5_medianr18,"nonlinear,correlation,tstool,dimension",0.0135312008308029,0.0342662011074709
5140,NL_BoxCorrDim_50_ac_5_minr18,"nonlinear,correlation,tstool,dimension",0.00270103667229582,0.00848216105916021
5142,NL_BoxCorrDim_50_ac_5_stdmean,"nonlinear,correlation,tstool,dimension",0.0155436158790251,0.038552935027934
5143,NL_BoxCorrDim_50_ac_5_stdmedian,"nonlinear,correlation,tstool,dimension",0.0101844541042579,0.0268516396464984
5145,NL_BoxCorrDim_50_ac_5_minstretch,"nonlinear,correlation,tstool,dimension",0.0024799531054516,0.00785373667040214
5146,NL_BoxCorrDim_50_ac_5_iqrstretch,"nonlinear,correlation,tstool,dimension",0.0155436158790251,0.038552935027934
5147,NL_TSTL_GPCorrSum2_n1_05_40_20_ac_fnnmar_robfit_a1,"nonlinear,correlation,tstool,stochastic",6.82179820007579e-05,0.000340181611715062
5148,NL_TSTL_GPCorrSum2_n1_05_40_20_ac_fnnmar_robfit_a2,"nonlinear,correlation,tstool,stochastic",7.3751706263707e-06,5.71074147739433e-05
5156,NL_TSTL_GPCorrSum2_n1_05_40_20_ac_fnnmar_minlnr,"nonlinear,correlation,tstool,stochastic",4.9613796147306e-05,0.000258456642301779
5158,NL_TSTL_GPCorrSum2_n1_05_40_20_ac_fnnmar_maxlnCr,"nonlinear,correlation,tstool,stochastic",0.00788327688124583,0.021650867729427
5161,NL_TSTL_GPCorrSum2_n1_05_100_20_ac_fnnmar_robfit_a1,"nonlinear,correlation,tstool,stochastic",4.9613796147306e-05,0.000258456642301779
5162,NL_TSTL_GPCorrSum2_n1_05_100_20_ac_fnnmar_robfit_a2,"nonlinear,correlation,tstool,stochastic",8.7870425947142e-06,6.53381349048968e-05
5170,NL_TSTL_GPCorrSum2_n1_05_100_20_ac_fnnmar_minlnr,"nonlinear,correlation,tstool,stochastic",0.000267581120235988,0.00112469418287023
5172,NL_TSTL_GPCorrSum2_n1_05_100_20_ac_fnnmar_maxlnCr,"nonlinear,correlation,tstool,stochastic",0.00818056932224017,0.0223209092396707
5175,NL_TSTL_GPCorrSum2_n1_01_40_20_ac_fnnmar_robfit_a1,"nonlinear,correlation,tstool,stochastic",0.000120613121939985,0.000560602858082908
5176,NL_TSTL_GPCorrSum2_n1_01_40_20_ac_fnnmar_robfit_a2,"nonlinear,correlation,tstool,stochastic",0.000140455025433301,0.000639052404720823
5180,NL_TSTL_GPCorrSum2_n1_01_40_20_ac_fnnmar_robfit_sea2,"nonlinear,correlation,tstool,stochastic",0.0160861401361776,0.039691044802025
5184,NL_TSTL_GPCorrSum2_n1_01_40_20_ac_fnnmar_minlnr,"nonlinear,correlation,tstool,stochastic",0.000171721588064445,0.000761827194929294
5186,NL_TSTL_GPCorrSum2_n1_01_40_20_ac_fnnmar_rangelnCr,"nonlinear,correlation,tstool,stochastic",0.000120613121939985,0.000560602858082908
5187,NL_TSTL_GPCorrSum2_n1_01_40_20_ac_fnnmar_meanlnCr,"nonlinear,correlation,tstool,stochastic",0.00242827797978465,0.00770380120559409
5188,NL_TSTL_GPCorrSum2_n1_01_40_40_ac_fnnmar_robfit_a1,"nonlinear,correlation,tstool,stochastic",4.22259746751932e-05,0.000224741986378964
5189,NL_TSTL_GPCorrSum2_n1_01_40_40_ac_fnnmar_robfit_a2,"nonlinear,correlation,tstool,stochastic",0.000309391534112162,0.00128076216215366
5193,NL_TSTL_GPCorrSum2_n1_01_40_40_ac_fnnmar_robfit_sea2,"nonlinear,correlation,tstool,stochastic",0.00540141912727418,0.0155487453518135
5197,NL_TSTL_GPCorrSum2_n1_01_40_40_ac_fnnmar_minlnr,"nonlinear,correlation,tstool,stochastic",0.000452716478387203,0.00178874539711457
5199,NL_TSTL_GPCorrSum2_n1_01_40_40_ac_fnnmar_maxlnCr,"nonlinear,correlation,tstool,stochastic",1.31540392168145e-05,8.81394944132314e-05
5200,NL_TSTL_GPCorrSum2_n1_01_40_40_ac_fnnmar_rangelnCr,"nonlinear,correlation,tstool,stochastic",0.000231112917058414,0.000986562398192967
5201,NL_TSTL_GPCorrSum2_n1_01_40_40_ac_fnnmar_meanlnCr,"nonlinear,correlation,tstool,stochastic",0.000598582921400376,0.00228147620175955
5203,TSTL_delaytime_01_1_tau2,"nonlinear,correlation,tstool,tau",0.00128327762626588,0.00439240191847428
5204,TSTL_delaytime_01_1_tau3,"nonlinear,correlation,tstool,tau",0.00310530796992304,0.00954942589195003
5205,TSTL_delaytime_01_1_difftau12,"nonlinear,correlation,tstool,tau",0.00480871169077813,0.0140818075685503
5206,TSTL_delaytime_01_1_difftau13,"nonlinear,correlation,tstool,tau",0.00982277183238884,0.0260913939377675
5214,NL_TSTL_dimensions_50_ac_fnnmar_bc_meanmmax,"nonlinear,tstool,scaling,dimension",9.86802931933148e-06,7.07871941898819e-05
5217,NL_TSTL_dimensions_50_ac_fnnmar_bc_minm3,"nonlinear,tstool,scaling,dimension",0.0150172581412796,0.0374169499066335
5218,NL_TSTL_dimensions_50_ac_fnnmar_bc_minmmax,"nonlinear,tstool,scaling,dimension",0.00114868131947315,0.00399121888152879
5219,NL_TSTL_dimensions_50_ac_fnnmar_bc_mindiff,"nonlinear,tstool,scaling,dimension",0.0117525566357291,0.0303892416496542
5224,NL_TSTL_dimensions_50_ac_fnnmar_bc_lfitmmax,"nonlinear,tstool,scaling,dimension",1.10753480969413e-05,7.72668402527787e-05
5228,NL_TSTL_dimensions_50_ac_fnnmar_bc_lfitbmax,"nonlinear,tstool,scaling,dimension",9.3125620761273e-06,6.74142337067364e-05
5232,NL_TSTL_dimensions_50_ac_fnnmar_bc_lfitmeansqdevmax,"nonlinear,tstool,scaling,dimension",6.18178925154075e-06,5.01020641389112e-05
5235,NL_TSTL_dimensions_50_ac_fnnmar_co_meanm3,"nonlinear,tstool,scaling,dimension",0.0210589482429528,0.0496045930807191
5236,NL_TSTL_dimensions_50_ac_fnnmar_co_meanmmax,"nonlinear,tstool,scaling,dimension",1.24229200737778e-05,8.44331415902605e-05
5239,NL_TSTL_dimensions_50_ac_fnnmar_co_minm3,"nonlinear,tstool,scaling,dimension",0.0135312008308029,0.0342662011074709
5240,NL_TSTL_dimensions_50_ac_fnnmar_co_minmmax,"nonlinear,tstool,scaling,dimension",0.00218986131171493,0.00705115524622781
5241,NL_TSTL_dimensions_50_ac_fnnmar_co_mindiff,"nonlinear,tstool,scaling,dimension",0.00411003277270197,0.0122834914786003
5242,NL_TSTL_dimensions_50_ac_fnnmar_co_meandiff,"nonlinear,tstool,scaling,dimension",0.01842619348603,0.0444176127529097
5246,NL_TSTL_dimensions_50_ac_fnnmar_co_lfitmmax,"nonlinear,tstool,scaling,dimension",2.72896655970471e-05,0.000156481273479925
5250,NL_TSTL_dimensions_50_ac_fnnmar_co_lfitbmax,"nonlinear,tstool,scaling,dimension",1.39260980630824e-05,9.20131047510622e-05
5254,NL_TSTL_dimensions_50_ac_fnnmar_co_lfitmeansqdevmax,"nonlinear,tstool,scaling,dimension",5.2337595654733e-05,0.000270467923514219
5282,NL_TSTL_dimensions_50_ac_fnnmar_scr_bc_mopt_minbad,"nonlinear,tstool,scaling,dimension",1.74686653178146e-05,0.000109041247720674
5283,NL_TSTL_dimensions_50_ac_fnnmar_scr_bc_mopt_logrmin,"nonlinear,tstool,scaling,dimension",0.00387212407180911,0.0116663376339829
5284,NL_TSTL_dimensions_50_ac_fnnmar_scr_bc_mopt_logrmax,"nonlinear,tstool,scaling,dimension",0.00260452699166444,0.00821170317797259
5286,NL_TSTL_dimensions_50_ac_fnnmar_scr_bc_mopt_pgone,"nonlinear,tstool,scaling,dimension",0.0023190629319181,0.00741683228023785
5289,NL_TSTL_dimensions_50_ac_fnnmar_scr_bc_mopt_scaling_exp,"nonlinear,tstool,scaling,dimension",4.87516924146122e-06,4.27237737958596e-05
5290,NL_TSTL_dimensions_50_ac_fnnmar_scr_bc_mopt_scaling_int,"nonlinear,tstool,scaling,dimension",7.3751706263707e-06,5.71074147739433e-05
5291,NL_TSTL_dimensions_50_ac_fnnmar_scr_co_m1_minbad,"nonlinear,tstool,scaling,dimension",0.0027478022249797,0.00857979843482033
5301,NL_TSTL_dimensions_50_ac_fnnmar_scr_co_m2_logrmin,"nonlinear,tstool,scaling,dimension",0.00159847393213824,0.00532027151594747
5303,NL_TSTL_dimensions_50_ac_fnnmar_scr_co_m2_logrrange,"nonlinear,tstool,scaling,dimension",0.00159847393213824,0.00532027151594747
5304,NL_TSTL_dimensions_50_ac_fnnmar_scr_co_m2_pgone,"nonlinear,tstool,scaling,dimension",0.00187044418610416,0.00612520976912893
5318,NL_TSTL_dimensions_50_ac_fnnmar_scr_co_mopt_minbad,"nonlinear,tstool,scaling,dimension",0.00166273463464593,0.00551352267480916
5319,NL_TSTL_dimensions_50_ac_fnnmar_scr_co_mopt_logrmin,"nonlinear,tstool,scaling,dimension",0.0078125,0.0215396164277412
5320,NL_TSTL_dimensions_50_ac_fnnmar_scr_co_mopt_logrmax,"nonlinear,tstool,scaling,dimension",0.000333943402892486,0.00137043901671449
5321,NL_TSTL_dimensions_50_ac_fnnmar_scr_co_mopt_logrrange,"nonlinear,tstool,scaling,dimension",0.000590180786303865,0.00226278366128141
5322,NL_TSTL_dimensions_50_ac_fnnmar_scr_co_mopt_pgone,"nonlinear,tstool,scaling,dimension",0.000586023508451054,0.0022480556798586
5325,NL_TSTL_dimensions_50_ac_fnnmar_scr_co_mopt_scaling_exp,"nonlinear,tstool,scaling,dimension",0.000155349545893666,0.000695700043158794
5326,NL_TSTL_dimensions_50_ac_fnnmar_scr_co_mopt_scaling_int,"nonlinear,tstool,scaling,dimension",0.00011460879331106,0.000535141845932743
5327,NL_TSTL_dimensions_50_ac_fnnmar_bc_minscalingexp,"nonlinear,tstool,scaling,dimension",9.06983443352604e-06,6.72301477385118e-05
5329,NL_TSTL_dimensions_50_ac_fnnmar_bc_meanscalingexp,"nonlinear,tstool,scaling,dimension",1.74686653178146e-05,0.000109041247720674
5331,NL_TSTL_dimensions_50_ac_fnnmar_co_minscalingexp,"nonlinear,tstool,scaling,dimension",2.8835208146233e-05,0.000164153072934875
5333,NL_TSTL_dimensions_50_ac_fnnmar_co_meanscalingexp,"nonlinear,tstool,scaling,dimension",0.000985214086551646,0.00347240388306167
5336,NL_TSTL_FractalDimensions_5_20_02_1_10_0_32_ac_fnnmar_maxDq,"nonlinear,tstool,dimension,correlation,stochastic",0.00011460879331106,0.000535141845932743
5337,NL_TSTL_FractalDimensions_5_20_02_1_10_0_32_ac_fnnmar_meanDq,"nonlinear,tstool,dimension,correlation,stochastic",1.95471950625266e-05,0.00011970554222456
5338,NL_TSTL_FractalDimensions_5_20_02_1_10_0_32_ac_fnnmar_maxq,"nonlinear,tstool,dimension,correlation,stochastic",5.17450467954947e-06,4.40979344906276e-05
5339,NL_TSTL_FractalDimensions_5_20_02_1_10_0_32_ac_fnnmar_rangeq,"nonlinear,tstool,dimension,correlation,stochastic",0.000103435837958387,0.000490372700141161
5340,NL_TSTL_FractalDimensions_5_20_02_1_10_0_32_ac_fnnmar_meanq,"nonlinear,tstool,dimension,correlation,stochastic",3.04637264727127e-05,0.000170692816991987
5341,NL_TSTL_FractalDimensions_5_20_02_1_10_0_32_ac_fnnmar_linfit_a,"nonlinear,tstool,dimension,correlation,stochastic",0.0190558322334121,0.0456877702739084
5342,NL_TSTL_FractalDimensions_5_20_02_1_10_0_32_ac_fnnmar_linfit_b,"nonlinear,tstool,dimension,correlation,stochastic",4.9613796147306e-05,0.000258456642301779
5355,NL_TSTL_FractalDimensions_2_100_02_1_5_10_32_ac_5_meanDq,"nonlinear,tstool,dimension,correlation,stochastic",0.00427548416137376,0.0126873833579382
5356,NL_TSTL_FractalDimensions_2_100_02_1_5_10_32_ac_5_maxq,"nonlinear,tstool,dimension,correlation,stochastic",0.00078726537066868,0.00286909709983228
5358,NL_TSTL_FractalDimensions_2_100_02_1_5_10_32_ac_5_meanq,"nonlinear,tstool,dimension,correlation,stochastic",0.00605931502191424,0.0172059400223231
5360,NL_TSTL_FractalDimensions_2_100_02_1_5_10_32_ac_5_linfit_b,"nonlinear,tstool,dimension,correlation,stochastic",0.0130655617316131,0.0333122670305121
5365,NL_TSTL_FractalDimensions_2_100_02_1_5_10_32_1_5_maxq,"nonlinear,tstool,dimension,correlation,stochastic",9.32965976131512e-05,0.000446168406327409
5371,NL_TSTL_FractalDimensions_2_10_n1_1_5_10_32_1_5_rangeDq,"nonlinear,tstool,dimension,correlation",0.0197042011871398,0.046988973072281
5374,NL_TSTL_FractalDimensions_2_10_n1_1_5_10_32_1_5_maxq,"nonlinear,tstool,dimension,correlation",0.000411985081919444,0.00164886717825577
5379,NL_TSTL_FractalDimensions_2_10_n1_1_5_10_32_1_5_linfit_rmsqres,"nonlinear,tstool,dimension,correlation",0.0155436158790251,0.038552935027934
5380,TSTL_localdensity_5_40_ac_fnnmar_minden,"nonlinear,tstool",5.2337595654733e-05,0.000270467923514219
5385,TSTL_localdensity_5_40_ac_fnnmar_meanden,"nonlinear,tstool",0.00223455572247879,0.00715943202213376
5386,TSTL_localdensity_5_40_ac_fnnmar_medianden,"nonlinear,tstool",8.85862417242377e-05,0.000428247076161464
5387,TSTL_localdensity_5_40_ac_fnnmar_ac1den,"nonlinear,tstool",2.21621930828942e-06,2.55187970837986e-05
5388,TSTL_localdensity_5_40_ac_fnnmar_ac2den,"nonlinear,tstool",1.74686653178146e-05,0.000109041247720674
5393,TSTL_localdensity_5_40_ac_fnnmar_taumiden,"nonlinear,tstool",0.000674954158524132,0.00253588901375804
5398,TSTL_localdensity_5_40_ac_2_stdden,"nonlinear,tstool",0.000901068977688017,0.00320921263524921
5399,TSTL_localdensity_5_40_ac_2_meanden,"nonlinear,tstool",0.000309391534112162,0.00128076216215366
5401,TSTL_localdensity_5_40_ac_2_ac1den,"nonlinear,tstool",3.0102618480377e-06,3.05578078611074e-05
5402,TSTL_localdensity_5_40_ac_2_ac2den,"nonlinear,tstool",1.17306779714729e-05,8.11229392079699e-05
5403,TSTL_localdensity_5_40_ac_2_ac3den,"nonlinear,tstool",0.00049718147462051,0.00194606346171592
5407,TSTL_localdensity_5_40_ac_2_taumiden,"nonlinear,tstool",0.00138226050448163,0.00471306456631111
5408,TSTL_localdensity_5_40_1_3_minden,"nonlinear,tstool",8.85862417242377e-05,0.000428247076161464
5410,TSTL_localdensity_5_40_1_3_iqrden,"nonlinear,tstool",4.59245894147181e-06,4.08499222843917e-05
5413,TSTL_localdensity_5_40_1_3_meanden,"nonlinear,tstool",3.19894145993939e-06,3.19266022846124e-05
5414,TSTL_localdensity_5_40_1_3_medianden,"nonlinear,tstool",3.39893536496135e-06,3.29970314557503e-05
5415,TSTL_localdensity_5_40_1_3_ac1den,"nonlinear,tstool",0.000209450726687326,0.000904949223501525
5416,TSTL_localdensity_5_40_1_3_ac2den,"nonlinear,tstool",0.000155349545893666,0.000695700043158794
5417,TSTL_localdensity_5_40_1_3_ac3den,"nonlinear,tstool",3.39866324809848e-05,0.000187044761589086
5418,TSTL_localdensity_5_40_1_3_ac4den,"nonlinear,tstool",5.52026967449372e-05,0.000282809496066935
5419,TSTL_localdensity_5_40_1_3_ac5den,"nonlinear,tstool",0.000140455025433301,0.000639052404720823
5421,TSTL_localdensity_5_40_1_3_taumiden,"nonlinear,tstool",0.000333615381749328,0.00136988289470757
5540,NL_TSTL_PoincareSection_max_1_pwithin1,"nonlinear,tstool",0.00214310157010038,0.00690684364711699
5541,NL_TSTL_PoincareSection_max_1_pwithin2,"nonlinear,tstool",0.00152607557784433,0.00511037826444246
5542,NL_TSTL_PoincareSection_max_1_meands,"nonlinear,tstool",0.000357259343652894,0.00144940563821779
5566,NL_TSTL_LargestLyap_n1_01_001_3_mi_fnnmar_p2,"nonlinear,tstool",0.00605931502191424,0.0172059400223231
5568,NL_TSTL_LargestLyap_n1_01_001_3_mi_fnnmar_p4,"nonlinear,tstool",0.00223455572247879,0.00715943202213376
5569,NL_TSTL_LargestLyap_n1_01_001_3_mi_fnnmar_p5,"nonlinear,tstool",0.000209450726687326,0.000904949223501525
5570,NL_TSTL_LargestLyap_n1_01_001_3_mi_fnnmar_maxp,"nonlinear,tstool",1.47412616174406e-05,9.51894897184276e-05
5590,NL_TSTL_LargestLyap_n1_01_001_3_mi_fnnmar_expfit_a,"nonlinear,tstool",3.04637264727127e-05,0.000170692816991987
5593,NL_TSTL_LargestLyap_n1_01_001_3_mi_fnnmar_expfit_rmse,"nonlinear,tstool",0.00848785630958759,0.0230093659043906
5594,NL_TSTL_LargestLyap_n1_01_001_3_1_4_p2,"nonlinear,tstool",7.98313205736858e-05,0.000390701291060762
5595,NL_TSTL_LargestLyap_n1_01_001_3_1_4_p3,"nonlinear,tstool",2.50614204546602e-06,2.69391341322299e-05
5596,NL_TSTL_LargestLyap_n1_01_001_3_1_4_p4,"nonlinear,tstool",0.0150172581412796,0.0374169499066335
5598,NL_TSTL_LargestLyap_n1_01_001_3_1_4_maxp,"nonlinear,tstool",5.17450467954947e-06,4.40979344906276e-05
5604,NL_TSTL_LargestLyap_n1_01_001_3_1_4_to09max,"nonlinear,tstool",0.00057197098088849,0.00219889005942868
5605,NL_TSTL_LargestLyap_n1_01_001_3_1_4_to08max,"nonlinear,tstool",0.00878642351627214,0.023716653504804
5606,NL_TSTL_LargestLyap_n1_01_001_3_1_4_to07max,"nonlinear,tstool",0.000423330307394989,0.00169141968973764
5615,NL_TSTL_LargestLyap_n1_01_001_3_1_4_ve_gradient,"nonlinear,tstool",5.17450467954947e-06,4.40979344906276e-05
5618,NL_TSTL_LargestLyap_n1_01_001_3_1_4_expfit_a,"nonlinear,tstool",4.59245894147181e-06,4.08499222843917e-05
5619,NL_TSTL_LargestLyap_n1_01_001_3_1_4_expfit_b,"nonlinear,tstool",2.72896655970471e-05,0.000156481273479925
5622,NL_TSTL_ReturnTime_10_1_1_n1_ac_8_max,"nonlinear,tstool",5.82681221138167e-06,4.8157486290583e-05
5623,NL_TSTL_ReturnTime_10_1_1_n1_ac_8_std,"nonlinear,tstool",5.82159585412248e-05,0.00029590340069954
5624,NL_TSTL_ReturnTime_10_1_1_n1_ac_8_pzeros,"nonlinear,tstool",7.98313205736858e-05,0.000390701291060762
5625,NL_TSTL_ReturnTime_10_1_1_n1_ac_8_pg05,"nonlinear,tstool",1.95470074850115e-05,0.00011970554222456
5632,NL_TSTL_ReturnTime_10_1_1_n1_ac_8_statrtys,"nonlinear,tstool",6.26998872165287e-07,2.00475224311821e-05
5633,NL_TSTL_ReturnTime_10_1_1_n1_ac_8_statrtym,"nonlinear,tstool",0.000155349545893666,0.000695700043158794
5634,NL_TSTL_ReturnTime_10_1_1_n1_ac_8_hhist,"nonlinear,tstool",6.55740619856895e-06,5.21951929631058e-05
5635,NL_TSTL_ReturnTime_10_1_1_n1_ac_8_hcgdist,"nonlinear,tstool",9.3125620761273e-06,6.74142337067364e-05
5636,NL_TSTL_ReturnTime_10_1_1_n1_ac_8_rangecgdist,"nonlinear,tstool",0.000340582796086869,0.00138569878613731
5638,NL_TSTL_ReturnTime_10_1_1_n1_ac_8_phisthistmin,"nonlinear,tstool",4.32549215748757e-06,3.92104486530975e-05
5639,NL_TSTL_ReturnTime_10_1_1_n1_ac_8_hhisthist,"nonlinear,tstool",3.61088889258424e-06,3.45828874288418e-05
5642,NL_TSTL_ReturnTime_5_1_40_n1_1_8_pzeros,"nonlinear,tstool",0.00146627314464377,0.00494502355321567
5652,NL_TSTL_ReturnTime_5_1_40_n1_1_8_hhist,"nonlinear,tstool",0.00653714319617325,0.0183866841833869
5653,NL_TSTL_ReturnTime_5_1_40_n1_1_8_hcgdist,"nonlinear,tstool",0.00880542419332382,0.023716653504804
5661,NL_TSTL_ReturnTime_005_1_005_n1_1_3_pg05,"nonlinear,tstool",0.00868724729566389,0.0235409184142971
5678,SD_TSTL_surrogates_1_100_1_tc3_stdsurr,"nonlinear,tstool,correlation,surrogate",0.00013352242572232,0.000611419293075952
5727,SD_TSTL_surrogates_mi_100_1_trev_stdsurr,"nonlinear,tstool,correlation,surrogate",0.00982277183238884,0.0260913939377675
5732,SD_TSTL_surrogates_1_100_2_trev_normpatponmax,"nonlinear,tstool,correlation,surrogate",0.0172213319317616,0.0419250763005186
5733,SD_TSTL_surrogates_1_100_2_trev_iqrsfrommedian,"nonlinear,tstool,correlation,surrogate",0.0150172581412796,0.0374169499066335
5734,SD_TSTL_surrogates_1_100_2_trev_stdsurr,"nonlinear,tstool,correlation,surrogate",0.00583240319190966,0.0166613332451341
5736,SD_TSTL_surrogates_1_100_2_trev_kspminfromext,"nonlinear,tstool,correlation,surrogate",0.0190558322334121,0.0456877702739084
5737,SD_TSTL_surrogates_1_100_2_trev_ksphereonmax,"nonlinear,tstool,correlation,surrogate",0.010943570085506,0.0285463507069137
5738,SD_TSTL_surrogates_1_100_2_trev_ksiqrsfrommode,"nonlinear,tstool,correlation,surrogate",0.0130655617316131,0.0333122670305121
5741,SD_TSTL_surrogates_mi_100_2_trev_stdsurr,"nonlinear,tstool,correlation,surrogate",0.00102996237816126,0.0036104494004904
5764,PP_Compare_poly1_statav10,"preprocessing,raw,stationarity",0.0203717531519052,0.0482093100861182
5766,PP_Compare_poly1_swms5_1,"preprocessing,raw,stationarity",0.0190558322334121,0.0456877702739084
5825,PP_Compare_sin1_statav8,"preprocessing,raw,stationarity",0.00411003277270197,0.0122834914786003
5826,PP_Compare_sin1_statav10,"preprocessing,raw,stationarity",0.00379644200152357,0.0114569471089236
5829,PP_Compare_sin1_swms5_2,"preprocessing,raw,stationarity",0.0166452400339562,0.0408158263548009
5830,PP_Compare_sin1_swms10_1,"preprocessing,raw,stationarity",0.00146169723557975,0.00494364901539236
5841,PP_Compare_sin1_gauss1_kd_resruns,"preprocessing,raw",0.0168109205697744,0.0411937020573399
5857,PP_Compare_sin2_statav10,"preprocessing,raw,stationarity",0.00605931502191424,0.0172059400223231
5861,PP_Compare_sin2_swms10_1,"preprocessing,raw,stationarity",0.00462463008225427,0.013632505246612
5872,PP_Compare_sin2_gauss1_kd_resruns,"preprocessing,raw",0.00880542419332382,0.023716653504804
5941,PP_Compare_spline44_htdt_ksn,"preprocessing,raw",0.00704859648267514,0.0196312377967578
5972,PP_Compare_spline64_htdt_ksn,"preprocessing,raw",0.00122842305321242,0.00422088770963764
5990,PP_Compare_diff1_swss10_1,"preprocessing,raw,stationarity",0.00947257968258233,0.0252933872500022
5991,PP_Compare_diff1_swss10_2,"preprocessing,raw,stationarity",0.00286256220704461,0.00889131063523766
6000,PP_Compare_diff1_kscn_olapint,"preprocessing,raw",0.00117574116189045,0.00405947312373238
6001,PP_Compare_diff1_kscn_relent,"preprocessing,raw",0.000431902709468371,0.00171507794675052
6002,PP_Compare_diff1_htdt_chi2n,"preprocessing,raw",0.0164265105604074,0.0405027890325222
6003,PP_Compare_diff1_htdt_ksn,"preprocessing,raw",0.00444695290880556,0.0131359555413285
6006,PP_Compare_diff1_olbt_s2,"preprocessing,raw",0.00159305660196512,0.00530720542115347
6007,PP_Compare_diff1_olbt_s5,"preprocessing,raw",0.00263725978627337,0.00828553670601383
6032,PP_Compare_diff2_kscn_relent,"preprocessing,raw",0.0150172581412796,0.0374169499066335
6043,PP_Compare_medianf3_statav10,"preprocessing,raw,stationarity",0.000752398562734347,0.00276696029582306
6046,PP_Compare_medianf3_swms5_2,"preprocessing,raw,stationarity",0.00818056932224017,0.0223209092396707
6047,PP_Compare_medianf3_swms10_1,"preprocessing,raw,stationarity",1.10753480969413e-05,7.72668402527787e-05
6053,PP_Compare_medianf3_swss10_2,"preprocessing,raw,stationarity",0.0210589482429528,0.0496045930807191
6059,PP_Compare_medianf3_kscn_adiff,"preprocessing,raw",0.00982277183238884,0.0260913939377675
6063,PP_Compare_medianf3_kscn_relent,"preprocessing,raw",0.00173520694047121,0.0057218408657985
6074,PP_Compare_medianf4_statav10,"preprocessing,raw,stationarity",1.43441430774462e-06,2.17639492833918e-05
6076,PP_Compare_medianf4_swms5_1,"preprocessing,raw,stationarity",0.000452716478387203,0.00178874539711457
6077,PP_Compare_medianf4_swms5_2,"preprocessing,raw,stationarity",6.47159490551713e-05,0.000324995549383627
6078,PP_Compare_medianf4_swms10_1,"preprocessing,raw,stationarity",1.52708182821975e-06,2.20420168146283e-05
6086,PP_Compare_medianf4_gauss1_kd_rmse,"preprocessing,raw",0.00411003277270197,0.0122834914786003
6090,PP_Compare_medianf4_kscn_adiff,"preprocessing,raw",0.00605931502191424,0.0172059400223231
6092,PP_Compare_medianf4_kscn_peaksepx,"preprocessing,raw",0.0145066650137748,0.0363868270137546
6099,PP_Compare_medianf4_olbt_s2,"preprocessing,raw",0.0190558322334121,0.0456877702739084
6100,PP_Compare_medianf4_olbt_s5,"preprocessing,raw",0.0203717531519052,0.0482093100861182
6102,PP_Compare_medianf10_statav4,"preprocessing,raw,stationarity",0.00848785630958759,0.0230093659043906
6103,PP_Compare_medianf10_statav6,"preprocessing,raw,stationarity",0.00629414882979977,0.0178017341307055
6104,PP_Compare_medianf10_statav8,"preprocessing,raw,stationarity",7.57669573527021e-05,0.000372603779213426
6105,PP_Compare_medianf10_statav10,"preprocessing,raw,stationarity",1.74686653178146e-05,0.000109041247720674
6107,PP_Compare_medianf10_swms5_1,"preprocessing,raw,stationarity",0.000171721588064445,0.000761827194929294
6108,PP_Compare_medianf10_swms5_2,"preprocessing,raw,stationarity",0.000718970297700572,0.00266885374983686
6109,PP_Compare_medianf10_swms10_1,"preprocessing,raw,stationarity",3.58899897678485e-05,0.000197062629003094
6124,PP_Compare_medianf10_kscn_olapint,"preprocessing,raw",0.00223455572247879,0.00715943202213376
6127,PP_Compare_medianf10_htdt_ksn,"preprocessing,raw",0.0126141510785048,0.0323467744413117
6130,PP_Compare_medianf10_olbt_s2,"preprocessing,raw",0.00629414882979977,0.0178017341307055
6131,PP_Compare_medianf10_olbt_s5,"preprocessing,raw",0.00152607557784433,0.00511037826444246
6133,PP_Compare_rav2_statav4,"preprocessing,raw,stationarity",0.0140114417696054,0.0352689846595373
6135,PP_Compare_rav2_statav8,"preprocessing,raw,stationarity",0.00139983011578967,0.00476156362521954
6136,PP_Compare_rav2_statav10,"preprocessing,raw,stationarity",0.000411985081919444,0.00164886717825577
6138,PP_Compare_rav2_swms5_1,"preprocessing,raw,stationarity",0.00298168202047877,0.00920106212390586
6139,PP_Compare_rav2_swms5_2,"preprocessing,raw,stationarity",0.00379644200152357,0.0114569471089236
6140,PP_Compare_rav2_swms10_1,"preprocessing,raw,stationarity",2.44316942629559e-05,0.000144398618251823
6164,PP_Compare_rav3_statav4,"preprocessing,raw,stationarity",0.0105579451035292,0.027692715575641
6166,PP_Compare_rav3_statav8,"preprocessing,raw,stationarity",0.000985214086551646,0.00347240388306167
6167,PP_Compare_rav3_statav10,"preprocessing,raw,stationarity",4.22259746751932e-05,0.000224741986378964
6169,PP_Compare_rav3_swms5_1,"preprocessing,raw,stationarity",0.000686926233975337,0.00256731464336581
6170,PP_Compare_rav3_swms5_2,"preprocessing,raw,stationarity",0.000626782424265422,0.00236991696656362
6171,PP_Compare_rav3_swms10_1,"preprocessing,raw,stationarity",3.83548211191478e-06,3.62942695590234e-05
6195,PP_Compare_rav4_statav4,"preprocessing,raw,stationarity",0.00540141912727418,0.0155487453518135
6196,PP_Compare_rav4_statav6,"preprocessing,raw,stationarity",0.0126141510785048,0.0323467744413117
6197,PP_Compare_rav4_statav8,"preprocessing,raw,stationarity",0.000411985081919444,0.00164886717825577
6198,PP_Compare_rav4_statav10,"preprocessing,raw,stationarity",2.44316942629559e-05,0.000144398618251823
6200,PP_Compare_rav4_swms5_1,"preprocessing,raw,stationarity",0.000180503538081067,0.000796319390567187
6201,PP_Compare_rav4_swms5_2,"preprocessing,raw,stationarity",0.00018970647056619,0.000828699352086562
6202,PP_Compare_rav4_swms10_1,"preprocessing,raw,stationarity",3.39893536496135e-06,3.29970314557503e-05
6216,PP_Compare_rav4_kscn_peaksepx,"preprocessing,raw",0.0210589482429528,0.0496045930807191
6223,PP_Compare_rav4_olbt_s2,"preprocessing,raw",0.00704859648267514,0.0196312377967578
6224,PP_Compare_rav4_olbt_s5,"preprocessing,raw",0.00444695290880556,0.0131359555413285
6226,PP_Compare_rav10_statav4,"preprocessing,raw,stationarity",0.00018970647056619,0.000828699352086562
6227,PP_Compare_rav10_statav6,"preprocessing,raw,stationarity",0.00323359045900606,0.00991392921425555
6228,PP_Compare_rav10_statav8,"preprocessing,raw,stationarity",2.18599433306592e-05,0.000131270343241325
6229,PP_Compare_rav10_statav10,"preprocessing,raw,stationarity",4.00045227898351e-05,0.000216316249371175
6231,PP_Compare_rav10_swms5_1,"preprocessing,raw,stationarity",8.41011855946992e-05,0.000408786910308661
6232,PP_Compare_rav10_swms5_2,"preprocessing,raw,stationarity",0.000985214086551646,0.00347240388306167
6233,PP_Compare_rav10_swms10_1,"preprocessing,raw,stationarity",4.07343157778537e-06,3.7841434866215e-05
6248,PP_Compare_rav10_kscn_olapint,"preprocessing,raw",0.00152607557784433,0.00511037826444246
6254,PP_Compare_rav10_olbt_s2,"preprocessing,raw",0.000242716287295376,0.00103114573157845
6255,PP_Compare_rav10_olbt_s5,"preprocessing,raw",0.000220031677037124,0.000944357909406618
6259,PP_Compare_resample_1_2_statav8,"preprocessing,raw,stationarity",0.0166452400339562,0.0408158263548009
6264,PP_Compare_resample_1_2_swms10_1,"preprocessing,raw,stationarity",0.0210589482429528,0.0496045930807191
6269,PP_Compare_resample_1_2_swss10_1,"preprocessing,raw,stationarity",0.00759569887611432,0.0209825284170922
6270,PP_Compare_resample_1_2_swss10_2,"preprocessing,raw,stationarity",0.00166273463464593,0.00551352267480916
6278,PP_Compare_resample_1_2_kscn_peaksepx,"preprocessing,raw",0.0155436158790251,0.038552935027934
6280,PP_Compare_resample_1_2_kscn_relent,"preprocessing,raw",0.00704859648267514,0.0196312377967578
6282,PP_Compare_resample_1_2_htdt_ksn,"preprocessing,raw",0.0203717531519052,0.0482093100861182
6311,PP_Compare_resample_2_1_kscn_relent,"preprocessing,raw",0.00605931502191424,0.0172059400223231
6313,PP_Compare_resample_2_1_htdt_ksn,"preprocessing,raw",0.00298168202047877,0.00920106212390586
6322,PP_Iterate_diff_swms5_2_jump,"preprocessing,raw,stationarity",0.0172213319317616,0.0419250763005186
6363,MF_GP_hyperparameters_covSEiso_covNoise_1_200_first_logh1,"model,GaussianProcess",0.00152607557784433,0.00511037826444246
6366,MF_GP_hyperparameters_covSEiso_covNoise_1_200_first_mlikelihood,"model,GaussianProcess",0.000340582796086869,0.00138569878613731
6374,MF_GP_hyperparameters_covSEiso_covPeriodic_covNoise_1_200_first_logh1,"model,GaussianProcess",0.000280890693437725,0.00117026825205085
6379,MF_GP_hyperparameters_covSEiso_covPeriodic_covNoise_1_200_first_mlikelihood,"model,GaussianProcess",0.000474463308048828,0.0018653485635776
6380,MF_GP_hyperparameters_covSEiso_covPeriodic_covNoise_1_200_first_rmserr,"model,GaussianProcess",0.000452716478387203,0.00178874539711457
6381,MF_GP_hyperparameters_covSEiso_covPeriodic_covNoise_1_200_first_mabserr_std,"model,GaussianProcess",0.000392927991788058,0.00158238573263374
6383,MF_GP_hyperparameters_covSEiso_covPeriodic_covNoise_1_200_first_std_S_data,"model,GaussianProcess",0.00605931502191424,0.0172059400223231
6402,MF_GP_LocalPrediction_covSEiso_covNoise_5_3_10_beforeafter_meanabserr_run,"model,GaussianProcess",0.0150172581412796,0.0374169499066335
6406,MF_GP_LocalPrediction_covSEiso_covNoise_5_3_10_beforeafter_minabserr_run,"model,GaussianProcess",0.00947257968258233,0.0252933872500022
6410,MF_GP_LocalPrediction_covSEiso_covNoise_5_3_10_beforeafter_meanlogh1,"model,GaussianProcess",0.00082362694217216,0.00298266123180514
6416,MF_GP_LocalPrediction_covSEiso_covNoise_5_3_10_beforeafter_maxmlik,"model,GaussianProcess",0.0197042011871398,0.046988973072281
6426,MF_GP_LocalPrediction_covSEiso_covNoise_10_3_20_frombefore_meanerrbar,"model,GaussianProcess",0.0121766025070389,0.0313717246343551
6427,MF_GP_LocalPrediction_covSEiso_covNoise_10_3_20_frombefore_minerrbar,"model,GaussianProcess",0.00653714319617325,0.0183866841833869
6428,MF_GP_LocalPrediction_covSEiso_covNoise_10_3_20_frombefore_meanlogh1,"model,GaussianProcess",0.00480871169077813,0.0140818075685503
6433,MF_GP_LocalPrediction_covSEiso_covNoise_10_3_20_frombefore_stdlogh3,"model,GaussianProcess",0.0027478022249797,0.00857979843482033
6434,MF_GP_LocalPrediction_covSEiso_covNoise_10_3_20_frombefore_maxmlik,"model,GaussianProcess",0.000656213856332496,0.00246678172301217
6436,MF_GP_LocalPrediction_covSEiso_covNoise_10_3_20_frombefore_stdmlik,"model,GaussianProcess",0.000861541430768804,0.00310102621211472
6442,MF_GP_LocalPrediction_covSEiso_covNoise_10_3_20_randomgap_minabserr_run,"model,GaussianProcess",0.0130655617316131,0.0333122670305121
6444,MF_GP_LocalPrediction_covSEiso_covNoise_10_3_20_randomgap_meanerrbar,"model,GaussianProcess",0.017814839449509,0.0431779283115484
6446,MF_GP_LocalPrediction_covSEiso_covNoise_10_3_20_randomgap_meanlogh1,"model,GaussianProcess",0.00197040771953243,0.00641125803941142
6452,MF_GP_LocalPrediction_covSEiso_covNoise_10_3_20_randomgap_maxmlik,"model,GaussianProcess",9.32965976131512e-05,0.000446168406327409
6454,MF_GP_LocalPrediction_covSEiso_covNoise_10_3_20_randomgap_stdmlik,"model,GaussianProcess",0.000752398562734347,0.00276696029582306
6466,WL_cwt_db3_32_meanabsC,"wavelet,cwt",8.28993397906581e-06,6.22926823601186e-05
6468,WL_cwt_db3_32_maxabsC,"wavelet,cwt",0.0027478022249797,0.00857979843482033
6472,WL_cwt_db3_32_pover98,"wavelet,cwt",0.000571568005964199,0.00219889005942868
6473,WL_cwt_db3_32_pover95,"wavelet,cwt",0.00223455572247879,0.00715943202213376
6474,WL_cwt_db3_32_pover90,"wavelet,cwt",0.00078726537066868,0.00286909709983228
6475,WL_cwt_db3_32_pover80,"wavelet,cwt",0.000357259343652894,0.00144940563821779
6476,WL_cwt_db3_32_gam1,"wavelet,cwt",4.83557438253742e-07,2.00475224311821e-05
6477,WL_cwt_db3_32_gam2,"wavelet,cwt",4.5298014109361e-07,2.00475224311821e-05
6478,WL_cwt_db3_32_SC_h,"wavelet,cwt",8.85862417242377e-05,0.000428247076161464
6479,WL_cwt_db3_32_dd_SC_h,"wavelet,cwt",0.00139983011578967,0.00476156362521954
6481,WL_cwt_db3_32_min_ssc,"wavelet,cwt",0.000254864490291098,0.00107760886090995
6482,WL_cwt_db3_32_maxonmed_ssc,"wavelet,cwt",0.00462463008225427,0.013632505246612
6484,WL_cwt_db3_32_std_ssc,"wavelet,cwt",0.00011460879331106,0.000535141845932743
6485,WL_cwt_db3_32_stat_2_m_s,"wavelet,cwt",0.000520910653425132,0.00202557388512199
6488,WL_cwt_db3_32_stat_5_m_s,"wavelet,cwt",0.00082362694217216,0.00298266123180514
6492,WL_cwt_sym2_32_meanabsC,"wavelet,cwt",6.18178925154075e-06,5.01020641389112e-05
6494,WL_cwt_sym2_32_maxabsC,"wavelet,cwt",0.000626782424265422,0.00236991696656362
6498,WL_cwt_sym2_32_pover98,"wavelet,cwt",0.00242827797978465,0.00770380120559409
6499,WL_cwt_sym2_32_pover95,"wavelet,cwt",0.00462463008225427,0.013632505246612
6500,WL_cwt_sym2_32_pover90,"wavelet,cwt",0.00519689746784096,0.0150758754101738
6501,WL_cwt_sym2_32_pover80,"wavelet,cwt",0.00350474766316831,0.0106443808668825
6502,WL_cwt_sym2_32_gam1,"wavelet,cwt",5.16120692670543e-07,2.00475224311821e-05
6503,WL_cwt_sym2_32_gam2,"wavelet,cwt",4.83557438253742e-07,2.00475224311821e-05
6504,WL_cwt_sym2_32_SC_h,"wavelet,cwt",3.78942790951893e-05,0.000206791173344607
6505,WL_cwt_sym2_32_dd_SC_h,"wavelet,cwt",0.000220031677037124,0.000944357909406618
6507,WL_cwt_sym2_32_min_ssc,"wavelet,cwt",2.58231003683401e-05,0.000150620641164843
6508,WL_cwt_sym2_32_maxonmed_ssc,"wavelet,cwt",0.00480871169077813,0.0140818075685503
6510,WL_cwt_sym2_32_std_ssc,"wavelet,cwt",9.32965976131512e-05,0.000446168406327409
6511,WL_cwt_sym2_32_stat_2_m_s,"wavelet,cwt",0.000231112917058414,0.000986562398192967
6514,WL_cwt_sym2_32_stat_5_m_s,"wavelet,cwt",0.000163342672991421,0.00072737575782663
6526,WL_DetailCoeffs_db3_max_wheremax_mean,wavelet,0.00487025000959281,0.0142444303609792
6528,WL_DetailCoeffs_db3_max_wheremax_max,wavelet,0.000225504413005047,0.000966098376245582
6532,WL_DetailCoeffs_db3_max_wslesr_mean,wavelet,0.00472085828136004,0.0139104047743926
6534,WL_DetailCoeffs_db3_max_wslesr_max,wavelet,0.00075289477667525,0.00276735497459766
6536,WL_coeffs_db3_1_mean_coeff,wavelet,1.10753480969413e-05,7.72668402527787e-05
6537,WL_coeffs_db3_1_max_coeff,wavelet,9.82427974942328e-05,0.000468248993281286
6538,WL_coeffs_db3_1_med_coeff,wavelet,1.04550591732956e-05,7.39544742317808e-05
6546,WL_coeffs_db3_2_mean_coeff,wavelet,2.04420430353178e-07,2.00475224311821e-05
6547,WL_coeffs_db3_2_max_coeff,wavelet,3.05130403710894e-07,2.00475224311821e-05
6548,WL_coeffs_db3_2_med_coeff,wavelet,2.49919961928664e-07,2.00475224311821e-05
6556,WL_coeffs_db3_3_mean_coeff,wavelet,9.3125620761273e-06,6.74142337067364e-05
6557,WL_coeffs_db3_3_max_coeff,wavelet,2.44316942629559e-05,0.000144398618251823
6558,WL_coeffs_db3_3_med_coeff,wavelet,1.10753480969413e-05,7.72668402527787e-05
6576,WL_coeffs_db3_5_mean_coeff,wavelet,1.84090878581554e-06,2.3560983668819e-05
6577,WL_coeffs_db3_5_max_coeff,wavelet,3.0102618480377e-06,3.05578078611074e-05
6578,WL_coeffs_db3_5_med_coeff,wavelet,2.31118018635252e-05,0.000137626428502799
6580,WL_coeffs_db3_5_wb90m,wavelet,0.0169735688362494,0.0415779400477628
6581,WL_coeffs_db3_5_wb75m,wavelet,0.00848335925171078,0.0230093659043906
6582,WL_coeffs_db3_5_wb50m,wavelet,0.0155436158790251,0.038552935027934
6584,WL_coeffs_db3_5_wb10m,wavelet,0.00880542419332382,0.023716653504804
6585,WL_coeffs_db3_5_wb1m,wavelet,0.00146627314464377,0.00494502355321567
6598,WL_fBM_p3,wavelet,2.8322842707188e-06,2.91671995230607e-05
6599,WL_dwtcoeff_db3_5_maxd_l1,"wavelet,dwt",0.000126913156158702,0.000584161720068128
6600,WL_dwtcoeff_db3_5_mind_l1,"wavelet,dwt",0.00078726537066868,0.00286909709983228
6601,WL_dwtcoeff_db3_5_stdd_l1,"wavelet,dwt",1.47412616174406e-05,9.51894897184276e-05
6602,WL_dwtcoeff_db3_5_noisestd_l1,"wavelet,dwt",1.17306779714729e-05,8.11229392079699e-05
6603,WL_dwtcoeff_db3_5_maxd_l2,"wavelet,dwt",3.97323460579137e-07,2.00475224311821e-05
6604,WL_dwtcoeff_db3_5_mind_l2,"wavelet,dwt",1.84090878581554e-06,2.3560983668819e-05
6605,WL_dwtcoeff_db3_5_stdd_l2,"wavelet,dwt",1.45796399486326e-07,2.00475224311821e-05
6606,WL_dwtcoeff_db3_5_noisestd_l2,"wavelet,dwt",2.85533069149158e-07,2.00475224311821e-05
6607,WL_dwtcoeff_db3_5_maxd_l3,"wavelet,dwt",4.87516924146122e-06,4.27237737958596e-05
6608,WL_dwtcoeff_db3_5_mind_l3,"wavelet,dwt",0.000942271767787704,0.00333924596592495
6609,WL_dwtcoeff_db3_5_stdd_l3,"wavelet,dwt",1.39260980630824e-05,9.20131047510622e-05
6610,WL_dwtcoeff_db3_5_noisestd_l3,"wavelet,dwt",1.95471950625266e-05,0.00011970554222456
6615,WL_dwtcoeff_db3_5_maxd_l5,"wavelet,dwt",9.3125620761273e-06,6.74142337067364e-05
6616,WL_dwtcoeff_db3_5_mind_l5,"wavelet,dwt",3.39866324809848e-05,0.000187044761589086
6617,WL_dwtcoeff_db3_5_stdd_l5,"wavelet,dwt",4.5298014109361e-07,2.00475224311821e-05
6618,WL_dwtcoeff_db3_5_noisestd_l5,"wavelet,dwt",1.95471950625266e-05,0.00011970554222456
6619,WL_dwtcoeff_sym2_5_maxd_l1,"wavelet,dwt",3.04637264727127e-05,0.000170692816991987
6620,WL_dwtcoeff_sym2_5_mind_l1,"wavelet,dwt",0.000985214086551646,0.00347240388306167
6621,WL_dwtcoeff_sym2_5_stdd_l1,"wavelet,dwt",4.87516924146122e-06,4.27237737958596e-05
6622,WL_dwtcoeff_sym2_5_noisestd_l1,"wavelet,dwt",4.07343157778537e-06,3.7841434866215e-05
6623,WL_dwtcoeff_sym2_5_maxd_l2,"wavelet,dwt",2.67153931978667e-07,2.00475224311821e-05
6624,WL_dwtcoeff_sym2_5_mind_l2,"wavelet,dwt",1.34716678791654e-06,2.12559620018051e-05
6625,WL_dwtcoeff_sym2_5_stdd_l2,"wavelet,dwt",2.18616188569126e-07,2.00475224311821e-05
6626,WL_dwtcoeff_sym2_5_noisestd_l2,"wavelet,dwt",3.05130403710894e-07,2.00475224311821e-05
6627,WL_dwtcoeff_sym2_5_maxd_l3,"wavelet,dwt",0.000108887185280847,0.000513479927407893
6628,WL_dwtcoeff_sym2_5_mind_l3,"wavelet,dwt",0.000520910653425132,0.00202557388512199
6629,WL_dwtcoeff_sym2_5_stdd_l3,"wavelet,dwt",2.8322842707188e-06,2.91671995230607e-05
6630,WL_dwtcoeff_sym2_5_noisestd_l3,"wavelet,dwt",5.49139337197368e-06,4.61900180082325e-05
6635,WL_dwtcoeff_sym2_5_maxd_l5,"wavelet,dwt",1.84801124407888e-05,0.000114750855260605
6636,WL_dwtcoeff_sym2_5_mind_l5,"wavelet,dwt",1.39260980630824e-05,9.20131047510622e-05
6637,WL_dwtcoeff_sym2_5_stdd_l5,"wavelet,dwt",2.50614204546602e-06,2.69391341322299e-05
6638,WL_dwtcoeff_sym2_5_noisestd_l5,"wavelet,dwt",7.98313205736858e-05,0.000390701291060762
6639,MF_arfit_1_8_sbc_A1,"modelfit,arfit",0.0101844541042579,0.0268516396464984
6645,MF_arfit_1_8_sbc_maxA,"modelfit,arfit",0.0101844541042579,0.0268516396464984
6647,MF_arfit_1_8_sbc_meanA,"modelfit,arfit",0.00197040771953243,0.00641125803941142
6649,MF_arfit_1_8_sbc_sumA,"modelfit,arfit",1.84090878581554e-06,2.3560983668819e-05
6652,MF_arfit_1_8_sbc_C,"modelfit,arfit",3.39866324809848e-05,0.000187044761589086
6653,MF_arfit_1_8_sbc_fpe_1,"modelfit,arfit",7.13316180766304e-07,2.00475224311821e-05
6654,MF_arfit_1_8_sbc_fpe_2,"modelfit,arfit",7.3751706263707e-06,5.71074147739433e-05
6655,MF_arfit_1_8_sbc_fpe_3,"modelfit,arfit",1.39260980630824e-05,9.20131047510622e-05
6656,MF_arfit_1_8_sbc_fpe_4,"modelfit,arfit",1.10753480969413e-05,7.72668402527787e-05
6657,MF_arfit_1_8_sbc_fpe_5,"modelfit,arfit",9.3125620761273e-06,6.74142337067364e-05
6658,MF_arfit_1_8_sbc_fpe_6,"modelfit,arfit",1.17306779714729e-05,8.11229392079699e-05
6659,MF_arfit_1_8_sbc_fpe_7,"modelfit,arfit",1.39260980630824e-05,9.20131047510622e-05
6660,MF_arfit_1_8_sbc_fpe_8,"modelfit,arfit",1.47412616174406e-05,9.51894897184276e-05
6661,MF_arfit_1_8_sbc_minfpe,"modelfit,arfit",1.47412616174406e-05,9.51894897184276e-05
6663,MF_arfit_1_8_sbc_aroundmin_fpe,"modelfit,arfit",0.010943570085506,0.0285463507069137
6668,MF_arfit_1_8_sbc_aerr_min,"modelfit,arfit",0.00232957338585228,0.00743374179987659
6673,MF_arfit_1_8_sbc_maxabsS,"modelfit,arfit",0.0113416610170194,0.0294982674697039
6676,MF_arfit_1_8_sbc_meanper,"modelfit,arfit",0.000861541430768804,0.00310102621211472
6677,MF_arfit_1_8_sbc_stdper,"modelfit,arfit",0.00029481867962687,0.00122399633852089
6678,MF_arfit_1_8_sbc_maxper,"modelfit,arfit",0.000598582921400376,0.00228147620175955
6680,MF_arfit_1_8_sbc_meanpererr,"modelfit,arfit",0.00152607557784433,0.00511037826444246
6683,MF_arfit_1_8_sbc_mintau,"modelfit,arfit",0.00759569887611432,0.0209825284170922
6686,MF_arfit_1_8_sbc_maxexctn,"modelfit,arfit",0.00011460879331106,0.000535141845932743
6687,MF_arfit_1_8_sbc_minexctn,"modelfit,arfit",0.000209450726687326,0.000904949223501525
6689,MF_arfit_1_8_sbc_stdexctn,"modelfit,arfit",0.000147725636058422,0.000667014991238408
6690,NL_MS_fnn_1_10_mi_5_1_pfnn_1,"nonlinear,fnn,slow",3.09659900386031e-05,0.000173234265027279
6691,NL_MS_fnn_1_10_mi_5_1_pfnn_2,"nonlinear,fnn,slow",6.26998872165287e-07,2.00475224311821e-05
6692,NL_MS_fnn_1_10_mi_5_1_pfnn_3,"nonlinear,fnn,slow",1.52708182821975e-06,2.20420168146283e-05
6693,NL_MS_fnn_1_10_mi_5_1_pfnn_4,"nonlinear,fnn,slow",8.28993397906581e-06,6.22926823601186e-05
6694,NL_MS_fnn_1_10_mi_5_1_pfnn_5,"nonlinear,fnn,slow",1.95471950625266e-05,0.00011970554222456
6695,NL_MS_fnn_1_10_mi_5_1_pfnn_6,"nonlinear,fnn,slow",4.70247342896548e-05,0.000247505923968331
6696,NL_MS_fnn_1_10_mi_5_1_pfnn_7,"nonlinear,fnn,slow",6.82179820007579e-05,0.000340181611715062
6697,NL_MS_fnn_1_10_mi_5_1_pfnn_8,"nonlinear,fnn,slow",3.0114975157969e-05,0.000170692816991987
6698,NL_MS_fnn_1_10_mi_5_1_pfnn_9,"nonlinear,fnn,slow",0.00111990247173548,0.00390074693532536
6700,NL_MS_fnn_1_10_mi_5_1_meanpfnn,"nonlinear,fnn,slow",7.3751706263707e-06,5.71074147739433e-05
6701,NL_MS_fnn_1_10_mi_5_1_stdpfnn,"nonlinear,fnn,slow",9.21562980967866e-07,2.00475224311821e-05
6702,NL_MS_fnn_1_10_mi_5_1_firstunder02,"nonlinear,fnn,slow",0.0020657274310063,0.00667865352069097
6703,NL_MS_fnn_1_10_mi_5_1_firstunder01,"nonlinear,fnn,slow",4.79973842414984e-05,0.000252252131656206
6704,NL_MS_fnn_1_10_mi_5_1_firstunder005,"nonlinear,fnn,slow",0.000611759016414519,0.00232977455407915
6705,NL_MS_fnn_1_10_mi_5_1_firstunder002,"nonlinear,fnn,slow",2.60953763429468e-05,0.000152084109792309
6706,NL_MS_fnn_1_10_mi_5_1_firstunder001,"nonlinear,fnn,slow",0.00022165046138541,0.000950732177949715
6707,NL_MS_fnn_1_10_mi_5_1_max1stepchange,"nonlinear,fnn,slow",0.000231112917058414,0.000986562398192967
6708,NL_MS_nlpe_2_mi_msqerr,"nonlinear,prediction,model",1.72998018997263e-06,2.30966961197847e-05
6710,NL_MS_nlpe_2_mi_meanabs,"nonlinear,prediction,model",1.52708182821975e-06,2.20420168146283e-05
6711,NL_MS_nlpe_2_mi_stde,"nonlinear,prediction,model",1.52708182821975e-06,2.20420168146283e-05
6712,NL_MS_nlpe_2_mi_mms,"nonlinear,prediction,model",1.72998018997263e-06,2.30966961197847e-05
6714,NL_MS_nlpe_2_mi_p1_5,"nonlinear,prediction,model",3.72030155408931e-07,2.00475224311821e-05
6715,NL_MS_nlpe_2_mi_p2_5,"nonlinear,prediction,model",1.24229200737778e-05,8.44331415902605e-05
6716,NL_MS_nlpe_2_mi_p3_5,"nonlinear,prediction,model",0.0126141510785048,0.0323467744413117
6718,NL_MS_nlpe_2_mi_p5_5,"nonlinear,prediction,model",0.017814839449509,0.0431779283115484
6719,NL_MS_nlpe_2_mi_ac1,"nonlinear,prediction,model",0.000718970297700572,0.00266885374983686
6720,NL_MS_nlpe_2_mi_ac2,"nonlinear,prediction,model",2.21621930828942e-06,2.55187970837986e-05
6721,NL_MS_nlpe_2_mi_ac3,"nonlinear,prediction,model",3.19894145993939e-06,3.19266022846124e-05
6722,NL_MS_nlpe_2_mi_ac1n,"nonlinear,prediction,model",0.000752398562734347,0.00276696029582306
6724,NL_MS_nlpe_2_mi_ac3n,"nonlinear,prediction,model",0.00232957338585228,0.00743374179987659
6726,NL_MS_nlpe_2_mi_acsnd0,"nonlinear,prediction,model",0.0101844541042579,0.0268516396464984
6729,NL_MS_nlpe_2_mi_dwts,"nonlinear,prediction,model",0.000718970297700572,0.00266885374983686
6731,NL_MS_nlpe_2_mi_minfpe,"nonlinear,prediction,model",0.00499939877018464,0.0145623093117617
6732,NL_MS_nlpe_2_mi_sbc1,"nonlinear,prediction,model",0.000147725636058422,0.000667014991238408
6735,NL_MS_nlpe_3_ac_msqerr,"nonlinear,prediction,model",1.43441430774462e-06,2.17639492833918e-05
6737,NL_MS_nlpe_3_ac_meanabs,"nonlinear,prediction,model",1.34716678791654e-06,2.12559620018051e-05
6738,NL_MS_nlpe_3_ac_stde,"nonlinear,prediction,model",1.34716678791654e-06,2.12559620018051e-05
6739,NL_MS_nlpe_3_ac_mms,"nonlinear,prediction,model",1.84090878581554e-06,2.3560983668819e-05
6741,NL_MS_nlpe_3_ac_p1_5,"nonlinear,prediction,model",1.91117503015364e-07,2.00475224311821e-05
6742,NL_MS_nlpe_3_ac_p2_5,"nonlinear,prediction,model",1.04550591732956e-05,7.39544742317808e-05
6746,NL_MS_nlpe_3_ac_ac1,"nonlinear,prediction,model",0.00159305660196512,0.00530720542115347
6747,NL_MS_nlpe_3_ac_ac2,"nonlinear,prediction,model",1.43441430774462e-06,2.17639492833918e-05
6748,NL_MS_nlpe_3_ac_ac3,"nonlinear,prediction,model",1.39260980630824e-05,9.20131047510622e-05
6749,NL_MS_nlpe_3_ac_ac1n,"nonlinear,prediction,model",0.00173520694047121,0.0057218408657985
6751,NL_MS_nlpe_3_ac_ac3n,"nonlinear,prediction,model",0.000752398562734347,0.00276696029582306
6756,NL_MS_nlpe_3_ac_dwts,"nonlinear,prediction,model",0.00146169723557975,0.00494364901539236
6757,NL_MS_nlpe_3_ac_popt,"nonlinear,prediction,model",0.000722682983564675,0.00268123676279782
6759,NL_MS_nlpe_3_ac_sbc1,"nonlinear,prediction,model",0.000942271767787704,0.00333924596592495
6762,NL_MS_nlpe_fnn_mi_msqerr,"nonlinear,prediction,model,slow",2.35690423947498e-06,2.62468396996932e-05
6764,NL_MS_nlpe_fnn_mi_meanabs,"nonlinear,prediction,model,slow",2.21621930828942e-06,2.55187970837986e-05
6765,NL_MS_nlpe_fnn_mi_stde,"nonlinear,prediction,model,slow",1.72998018997263e-06,2.30966961197847e-05
6766,NL_MS_nlpe_fnn_mi_mms,"nonlinear,prediction,model,slow",1.43441430774462e-06,2.17639492833918e-05
6768,NL_MS_nlpe_fnn_mi_p1_5,"nonlinear,prediction,model,slow",1.47412616174406e-05,9.51894897184276e-05
6769,NL_MS_nlpe_fnn_mi_p2_5,"nonlinear,prediction,model,slow",1.74686653178146e-05,0.000109041247720674
6774,NL_MS_nlpe_fnn_mi_ac2,"nonlinear,prediction,model,slow",4.22259746751932e-05,0.000224741986378964
6775,NL_MS_nlpe_fnn_mi_ac3,"nonlinear,prediction,model,slow",1.95471950625266e-05,0.00011970554222456
6778,NL_MS_nlpe_fnn_mi_ac3n,"nonlinear,prediction,model,slow",0.0130655617316131,0.0333122670305121
6781,NL_MS_nlpe_fnn_mi_propbth,"nonlinear,prediction,model,slow",0.00899825054810653,0.0242085258602367
6784,NL_MS_nlpe_fnn_mi_popt,"nonlinear,prediction,model,slow",0.000653684614385216,0.00246678172301217
6787,NL_MS_nlpe_fnn_mi_normksstat,"nonlinear,prediction,model,slow",0.0150172581412796,0.0374169499066335
6788,NL_MS_nlpe_fnn_mi_normp,"nonlinear,prediction,model,slow",0.00653714319617325,0.0183866841833869
6789,MS_shannon_2t10_2_maxent,"entropy,mex",0.00411003277270197,0.0122834914786003
6792,MS_shannon_2t10_2_meanent,"entropy,mex",0.00788327688124583,0.021650867729427
6793,MS_shannon_2t10_2_stdent,"entropy,mex",0.00480871169077813,0.0140818075685503
6794,MS_shannon_2t10_3_maxent,"entropy,mex",0.000545691962300163,0.00211615477042396
6796,MS_shannon_2t10_3_medent,"entropy,mex",0.00499939877018464,0.0145623093117617
6797,MS_shannon_2t10_3_meanent,"entropy,mex",0.00134038555683954,0.00457466840406242
6798,MS_shannon_2t10_3_stdent,"entropy,mex",0.00146169723557975,0.00494364901539236
6799,MS_shannon_2t10_4_maxent,"entropy,mex",0.000147725636058422,0.000667014991238408
6801,MS_shannon_2t10_4_medent,"entropy,mex",0.00166273463464593,0.00551352267480916
6802,MS_shannon_2t10_4_meanent,"entropy,mex",0.000626782424265422,0.00236991696656362
6803,MS_shannon_2t10_4_stdent,"entropy,mex",0.00128327762626588,0.00439240191847428
6808,MS_shannon_2_1t10_stdent,"entropy,mex",0.00298168202047877,0.00920106212390586
6813,MS_shannon_3_1t10_stdent,"entropy,mex",0.00018970647056619,0.000828699352086562
6818,MS_shannon_4_1t10_stdent,"entropy,mex",0.000598582921400376,0.00228147620175955
6819,NL_embed_PCA_mi_10_perc_1,"embedding,pca",0.0126141510785048,0.0323467744413117
6820,NL_embed_PCA_mi_10_perc_2,"embedding,pca",0.00298168202047877,0.00920106212390586
6822,NL_embed_PCA_mi_10_perc_4,"embedding,pca",0.00678854239663417,0.0189961729038336
6823,NL_embed_PCA_mi_10_perc_5,"embedding,pca",0.00427548416137376,0.0126873833579382
6827,NL_embed_PCA_mi_10_top2,"embedding,pca",0.0126141510785048,0.0323467744413117
6828,NL_embed_PCA_mi_10_nto50,"embedding,pca",0.0179964022399309,0.0436031318826518
6829,NL_embed_PCA_mi_10_nto60,"embedding,pca",0.0121096674286171,0.0313012689509769
6837,NL_embed_PCA_1_10_perc_1,"embedding,pca",4.07343157778537e-06,3.7841434866215e-05
6838,NL_embed_PCA_1_10_perc_2,"embedding,pca",0.0190558322334121,0.0456877702739084
6839,NL_embed_PCA_1_10_perc_3,"embedding,pca",4.83557438253742e-07,2.00475224311821e-05
6840,NL_embed_PCA_1_10_perc_4,"embedding,pca",7.33249101920975e-08,2.00475224311821e-05
6841,NL_embed_PCA_1_10_perc_5,"embedding,pca",6.26998872165287e-07,2.00475224311821e-05
6842,NL_embed_PCA_1_10_std,"embedding,pca",2.0836178159175e-06,2.48358867304337e-05
6843,NL_embed_PCA_1_10_range,"embedding,pca",4.07343157778537e-06,3.7841434866215e-05
6844,NL_embed_PCA_1_10_min,"embedding,pca",0.00082362694217216,0.00298266123180514
6845,NL_embed_PCA_1_10_top2,"embedding,pca",5.16120692670543e-07,2.00475224311821e-05
6846,NL_embed_PCA_1_10_nto50,"embedding,pca",4.22490940500572e-06,3.91464262057561e-05
6847,NL_embed_PCA_1_10_nto60,"embedding,pca",0.012939453125,0.0331570574135758
6848,NL_embed_PCA_1_10_nto70,"embedding,pca",0.020751953125,0.0490764036016949
6849,NL_embed_PCA_1_10_nto80,"embedding,pca",6.12044473893338e-06,5.01020641389112e-05
6850,NL_embed_PCA_1_10_nto90,"embedding,pca",1.42424257498077e-05,9.40158642260033e-05
6851,NL_embed_PCA_1_10_fb05,"embedding,pca",4.22490940500572e-06,3.91464262057561e-05
6853,NL_embed_PCA_1_10_fb01,"embedding,pca",0.000579063217219278,0.00222375275430782
6854,NL_embed_PCA_1_10_fb001,"embedding,pca",2.34720307417766e-05,0.000139654657824818
6857,NL_embed_PCA_ac_3_std,"embedding,pca",0.0172213319317616,0.0419250763005186
6858,NL_embed_PCA_ac_3_range,"embedding,pca",0.0203717531519052,0.0482093100861182
6859,NL_embed_PCA_ac_3_top2,"embedding,pca",0.0203717531519052,0.0482093100861182
6869,PP_ModelFit_ar_2_rmserrrat_d1,"preprocessing,trend",8.64595004250958e-07,2.00475224311821e-05
6870,PP_ModelFit_ar_2_rmserrrat_d2,"preprocessing,trend",8.7870425947142e-06,6.53381349048968e-05
6871,PP_ModelFit_ar_2_rmserrrat_d3,"preprocessing,trend",4.70247342896548e-05,0.000247505923968331
6872,PP_ModelFit_ar_2_rmserrrat_lf_02,"preprocessing,trend",3.2602341299532e-07,2.00475224311821e-05
6873,PP_ModelFit_ar_2_rmserrrat_lf_02_d1,"preprocessing,trend",1.95865484438265e-06,2.42818604052734e-05
6874,PP_ModelFit_ar_2_rmserrrat_peaks_08,"preprocessing,trend",2.35690423947498e-06,2.62468396996932e-05
6875,PP_ModelFit_ar_2_rmserrrat_peaks_08_d1,"preprocessing,trend",4.32549215748757e-06,3.92104486530975e-05
6877,PP_ModelFit_ar_2_rmserrrat_p1_10,"preprocessing,trend",0.00848785630958759,0.0230093659043906
6878,PP_ModelFit_ar_2_rmserrrat_p1_20,"preprocessing,trend",0.000901068977688017,0.00320921263524921
6879,PP_ModelFit_ar_2_rmserrrat_p1_40,"preprocessing,trend",1.95471950625266e-05,0.00011970554222456
6880,PP_ModelFit_ar_2_rmserrrat_p2_5,"preprocessing,trend",0.0172213319317616,0.0419250763005186
6881,PP_ModelFit_ar_2_rmserrrat_p2_10,"preprocessing,trend",0.00848785630958759,0.0230093659043906
6882,PP_ModelFit_ar_2_rmserrrat_p2_20,"preprocessing,trend",0.000231112917058414,0.000986562398192967
6883,PP_ModelFit_ar_2_rmserrrat_p2_40,"preprocessing,trend",1.47412616174406e-05,9.51894897184276e-05
6884,PP_ModelFit_ar_2_rmserrrat_rmgd,"preprocessing,trend",0.00350474766316831,0.0106443808668825
6891,MF_steps_ahead_ar_2_6_rmserr_3,"model,prediction",0.000411985081919444,0.00164886717825577
6892,MF_steps_ahead_ar_2_6_mabserr_3,"model,prediction",0.000571568005964199,0.00219889005942868
6894,MF_steps_ahead_ar_2_6_rmserr_4,"model,prediction",1.24229200737778e-05,8.44331415902605e-05
6895,MF_steps_ahead_ar_2_6_mabserr_4,"model,prediction",2.58231003683401e-05,0.000150620641164843
6897,MF_steps_ahead_ar_2_6_rmserr_5,"model,prediction",0.000571568005964199,0.00219889005942868
6898,MF_steps_ahead_ar_2_6_mabserr_5,"model,prediction",0.00223455572247879,0.00715943202213376
6902,MF_steps_ahead_ar_2_6_ac1_6,"model,prediction",0.000103435837958387,0.000490372700141161
6903,MF_steps_ahead_ar_2_6_meandiffrmsabs,"model,prediction",4.9613796147306e-05,0.000258456642301779
6904,MF_steps_ahead_ar_2_6_meandiffrms,"model,prediction",1.47412616174406e-05,9.51894897184276e-05
6905,MF_steps_ahead_ar_2_6_maxdiffrms,"model,prediction",2.50614204546602e-06,2.69391341322299e-05
6906,MF_steps_ahead_ar_2_6_stddiffrms,"model,prediction",2.49919961928664e-07,2.00475224311821e-05
6913,MF_steps_ahead_ar_best_6_ac1_2,"model,prediction,arfit",0.00223455572247879,0.00715943202213376
6914,MF_steps_ahead_ar_best_6_rmserr_3,"model,prediction,arfit",0.00049718147462051,0.00194606346171592
6915,MF_steps_ahead_ar_best_6_mabserr_3,"model,prediction,arfit",0.000411985081919444,0.00164886717825577
6916,MF_steps_ahead_ar_best_6_ac1_3,"model,prediction,arfit",0.000267581120235988,0.00112469418287023
6917,MF_steps_ahead_ar_best_6_rmserr_4,"model,prediction,arfit",1.39260980630824e-05,9.20131047510622e-05
6918,MF_steps_ahead_ar_best_6_mabserr_4,"model,prediction,arfit",2.58231003683401e-05,0.000150620641164843
6919,MF_steps_ahead_ar_best_6_ac1_4,"model,prediction,arfit",0.00214310157010038,0.00690684364711699
6920,MF_steps_ahead_ar_best_6_rmserr_5,"model,prediction,arfit",0.000474463308048828,0.0018653485635776
6921,MF_steps_ahead_ar_best_6_mabserr_5,"model,prediction,arfit",0.00159305660196512,0.00530720542115347
6925,MF_steps_ahead_ar_best_6_ac1_6,"model,prediction,arfit",0.00078726537066868,0.00286909709983228
6926,MF_steps_ahead_ar_best_6_meandiffrmsabs,"model,prediction,arfit",0.000220031677037124,0.000944357909406618
6927,MF_steps_ahead_ar_best_6_meandiffrms,"model,prediction,arfit",9.32965976131512e-05,0.000446168406327409
6928,MF_steps_ahead_ar_best_6_maxdiffrms,"model,prediction,arfit",2.67153931978667e-07,2.00475224311821e-05
6929,MF_steps_ahead_ar_best_6_stddiffrms,"model,prediction,arfit",1.18820146520854e-07,2.00475224311821e-05
6937,MF_steps_ahead_ss_best_6_rmserr_3,"model,prediction",0.0166452400339562,0.0408158263548009
6938,MF_steps_ahead_ss_best_6_mabserr_3,"model,prediction",0.0140114417696054,0.0352689846595373
6940,MF_steps_ahead_ss_best_6_rmserr_4,"model,prediction",0.00197040771953243,0.00641125803941142
6941,MF_steps_ahead_ss_best_6_mabserr_4,"model,prediction",0.00336668407320579,0.0102865280656644
6942,MF_steps_ahead_ss_best_6_ac1_4,"model,prediction",0.00350474766316831,0.0106443808668825
6945,MF_steps_ahead_ss_best_6_ac1_5,"model,prediction",4.22259746751932e-05,0.000224741986378964
6948,MF_steps_ahead_ss_best_6_ac1_6,"model,prediction",1.95865484438265e-06,2.42818604052734e-05
6949,MF_steps_ahead_ss_best_6_meandiffrmsabs,"model,prediction",0.000942271767787704,0.00333924596592495
6950,MF_steps_ahead_ss_best_6_meandiffrms,"model,prediction",4.32549215748757e-06,3.92104486530975e-05
6951,MF_steps_ahead_ss_best_6_maxdiffrms,"model,prediction",3.61088889258424e-06,3.45828874288418e-05
6952,MF_steps_ahead_ss_best_6_stddiffrms,"model,prediction",2.49919961928664e-07,2.00475224311821e-05
6960,MF_steps_ahead_arma_3_1_6_rmserr_3,"model,prediction",0.000545691962300163,0.00211615477042396
6961,MF_steps_ahead_arma_3_1_6_mabserr_3,"model,prediction",0.000571568005964199,0.00219889005942868
6963,MF_steps_ahead_arma_3_1_6_rmserr_4,"model,prediction",7.3751706263707e-06,5.71074147739433e-05
6964,MF_steps_ahead_arma_3_1_6_mabserr_4,"model,prediction",1.47412616174406e-05,9.51894897184276e-05
6966,MF_steps_ahead_arma_3_1_6_rmserr_5,"model,prediction",2.72896655970471e-05,0.000156481273479925
6967,MF_steps_ahead_arma_3_1_6_mabserr_5,"model,prediction",0.000126913156158702,0.000584161720068128
6971,MF_steps_ahead_arma_3_1_6_ac1_6,"model,prediction",6.47159490551713e-05,0.000324995549383627
6972,MF_steps_ahead_arma_3_1_6_meandiffrmsabs,"model,prediction",2.58231003683401e-05,0.000150620641164843
6973,MF_steps_ahead_arma_3_1_6_meandiffrms,"model,prediction",0.000126913156158702,0.000584161720068128
6974,MF_steps_ahead_arma_3_1_6_maxdiffrms,"model,prediction",3.72030155408931e-07,2.00475224311821e-05
6975,MF_steps_ahead_arma_3_1_6_stddiffrms,"model,prediction",1.27225702936697e-07,2.00475224311821e-05
6983,MF_FitSubsegments_arsbc_uniform_25_01_sbcs_mean,"model,prediction,arfit",1.04550591732956e-05,7.39544742317808e-05
6986,MF_FitSubsegments_arsbc_uniform_25_01_sbcs_min,"model,prediction,arfit",1.65101028457949e-05,0.000103969815797059
6987,MF_FitSubsegments_arsbc_uniform_25_01_sbcs_max,"model,prediction,arfit",6.47159490551713e-05,0.000324995549383627
6994,MF_FitSubsegments_arsbc_rand_25_01_sbcs_mean,"model,prediction,arfit",5.17450467954947e-06,4.40979344906276e-05
6997,MF_FitSubsegments_arsbc_rand_25_01_sbcs_min,"model,prediction,arfit",1.24229200737778e-05,8.44331415902605e-05
6998,MF_FitSubsegments_arsbc_rand_25_01_sbcs_max,"model,prediction,arfit",4.22259746751932e-05,0.000224741986378964
6999,MF_FitSubsegments_ar_2_uniform_25_01_fpe_std,"model,prediction",0.00078726537066868,0.00286909709983228
7000,MF_FitSubsegments_ar_2_uniform_25_01_fpe_mean,"model,prediction",1.65101028457949e-05,0.000103969815797059
7001,MF_FitSubsegments_ar_2_uniform_25_01_fpe_max,"model,prediction",0.000267581120235988,0.00112469418287023
7002,MF_FitSubsegments_ar_2_uniform_25_01_fpe_min,"model,prediction",1.47412616174406e-05,9.51894897184276e-05
7003,MF_FitSubsegments_ar_2_uniform_25_01_fpe_range,"model,prediction",0.00139983011578967,0.00476156362521954
7005,MF_FitSubsegments_ar_2_uniform_25_01_a_1_mean,"model,prediction",0.000254864490291098,0.00107760886090995
7006,MF_FitSubsegments_ar_2_uniform_25_01_a_1_max,"model,prediction",0.00480871169077813,0.0140818075685503
7007,MF_FitSubsegments_ar_2_uniform_25_01_a_1_min,"model,prediction",4.9613796147306e-05,0.000258456642301779
7012,MF_FitSubsegments_ss_2_uniform_25_01_fpe_std,"model,prediction",0.00166273463464593,0.00551352267480916
7013,MF_FitSubsegments_ss_2_uniform_25_01_fpe_mean,"model,prediction",4.22259746751932e-05,0.000224741986378964
7014,MF_FitSubsegments_ss_2_uniform_25_01_fpe_max,"model,prediction",0.000571568005964199,0.00219889005942868
7015,MF_FitSubsegments_ss_2_uniform_25_01_fpe_min,"model,prediction",2.58231003683401e-05,0.000150620641164843
7016,MF_FitSubsegments_ss_2_uniform_25_01_fpe_range,"model,prediction",0.00364794442843455,0.0110415876447215
7017,MF_FitSubsegments_arma_2_2_uniform_25_01_fpe_std,"model,prediction",0.000411985081919444,0.00164886717825577
7018,MF_FitSubsegments_arma_2_2_uniform_25_01_fpe_mean,"model,prediction",3.04637264727127e-05,0.000170692816991987
7019,MF_FitSubsegments_arma_2_2_uniform_25_01_fpe_max,"model,prediction",0.000199349058622623,0.00086656560852693
7020,MF_FitSubsegments_arma_2_2_uniform_25_01_fpe_min,"model,prediction",4.70247342896548e-05,0.000247505923968331
7021,MF_FitSubsegments_arma_2_2_uniform_25_01_fpe_range,"model,prediction",0.00102996237816126,0.0036104494004904
7023,MF_FitSubsegments_arma_2_2_uniform_25_01_p_1_mean,"model,prediction",0.00181057379343184,0.00594282431460377
7025,MF_FitSubsegments_arma_2_2_uniform_25_01_p_1_min,"model,prediction",1.31540392168145e-05,8.81394944132314e-05
7028,MF_FitSubsegments_arma_2_2_uniform_25_01_p_2_max,"model,prediction",0.000686926233975337,0.00256731464336581
7038,MF_CompareTestSets_y_ar_4_rand_25_01_1_rmserr_mean,"model,prediction,stationarity",1.24229200737778e-05,8.44331415902605e-05
7039,MF_CompareTestSets_y_ar_4_rand_25_01_1_rmserr_median,"model,prediction,stationarity",1.04550591732956e-05,7.39544742317808e-05
7040,MF_CompareTestSets_y_ar_4_rand_25_01_1_rmserr_std,"model,prediction,stationarity",0.00653714319617325,0.0183866841833869
7041,MF_CompareTestSets_y_ar_4_rand_25_01_1_rmserr_iqr,"model,prediction,stationarity",0.00188893854939985,0.00618008584713993
7042,MF_CompareTestSets_y_ar_4_rand_25_01_1_mabserr_mean,"model,prediction,stationarity",1.24229200737778e-05,8.44331415902605e-05
7043,MF_CompareTestSets_y_ar_4_rand_25_01_1_mabserr_median,"model,prediction,stationarity",1.17306779714729e-05,8.11229392079699e-05
7044,MF_CompareTestSets_y_ar_4_rand_25_01_1_mabserr_std,"model,prediction,stationarity",0.00173520694047121,0.0057218408657985
7045,MF_CompareTestSets_y_ar_4_rand_25_01_1_mabserr_iqr,"model,prediction,stationarity",0.000571568005964199,0.00219889005942868
7050,MF_CompareTestSets_y_ar_4_rand_25_01_1_meandiffs_mean,"model,prediction,stationarity",0.0027478022249797,0.00857979843482033
7051,MF_CompareTestSets_y_ar_4_rand_25_01_1_meandiffs_median,"model,prediction,stationarity",0.00629414882979977,0.0178017341307055
7052,MF_CompareTestSets_y_ar_4_rand_25_01_1_meandiffs_std,"model,prediction,stationarity",0.0150172581412796,0.0374169499066335
7053,MF_CompareTestSets_y_ar_4_rand_25_01_1_meandiffs_iqr,"model,prediction,stationarity",0.00678854239663417,0.0189961729038336
7054,MF_CompareTestSets_y_ar_4_rand_25_01_1_stdrats_mean,"model,prediction,stationarity",1.65101028457949e-05,0.000103969815797059
7055,MF_CompareTestSets_y_ar_4_rand_25_01_1_stdrats_median,"model,prediction,stationarity",1.39260980630824e-05,9.20131047510622e-05
7058,MF_CompareTestSets_y_ar_best_uniform_25_01_1_rmserr_mean,"model,prediction,arfit,stationarity",1.65101028457949e-05,0.000103969815797059
7059,MF_CompareTestSets_y_ar_best_uniform_25_01_1_rmserr_median,"model,prediction,arfit,stationarity",1.65101028457949e-05,0.000103969815797059
7060,MF_CompareTestSets_y_ar_best_uniform_25_01_1_rmserr_std,"model,prediction,arfit,stationarity",0.010943570085506,0.0285463507069137
7061,MF_CompareTestSets_y_ar_best_uniform_25_01_1_rmserr_iqr,"model,prediction,arfit,stationarity",0.0027478022249797,0.00857979843482033
7062,MF_CompareTestSets_y_ar_best_uniform_25_01_1_mabserr_mean,"model,prediction,arfit,stationarity",1.65101028457949e-05,0.000103969815797059
7063,MF_CompareTestSets_y_ar_best_uniform_25_01_1_mabserr_median,"model,prediction,arfit,stationarity",1.84801124407888e-05,0.000114750855260605
7064,MF_CompareTestSets_y_ar_best_uniform_25_01_1_mabserr_std,"model,prediction,arfit,stationarity",0.00759569887611432,0.0209825284170922
7065,MF_CompareTestSets_y_ar_best_uniform_25_01_1_mabserr_iqr,"model,prediction,arfit,stationarity",0.00253079653773657,0.00798277844083928
7070,MF_CompareTestSets_y_ar_best_uniform_25_01_1_meandiffs_mean,"model,prediction,arfit,stationarity",2.44316942629559e-05,0.000144398618251823
7071,MF_CompareTestSets_y_ar_best_uniform_25_01_1_meandiffs_median,"model,prediction,arfit,stationarity",0.000901068977688017,0.00320921263524921
7072,MF_CompareTestSets_y_ar_best_uniform_25_01_1_meandiffs_std,"model,prediction,arfit,stationarity",4.22259746751932e-05,0.000224741986378964
7073,MF_CompareTestSets_y_ar_best_uniform_25_01_1_meandiffs_iqr,"model,prediction,arfit,stationarity",1.24229200737778e-05,8.44331415902605e-05
7074,MF_CompareTestSets_y_ar_best_uniform_25_01_1_stdrats_mean,"model,prediction,arfit,stationarity",1.56018019057256e-05,9.98403078787259e-05
7075,MF_CompareTestSets_y_ar_best_uniform_25_01_1_stdrats_median,"model,prediction,arfit,stationarity",2.06727974704263e-05,0.00012562564201499
7078,MF_CompareTestSets_y_ss_best_uniform_25_01_1_rmserr_mean,"model,prediction,stationarity",8.7870425947142e-06,6.53381349048968e-05
7079,MF_CompareTestSets_y_ss_best_uniform_25_01_1_rmserr_median,"model,prediction,stationarity",7.8197737788281e-06,5.93868838955611e-05
7082,MF_CompareTestSets_y_ss_best_uniform_25_01_1_mabserr_mean,"model,prediction,stationarity",7.8197737788281e-06,5.93868838955611e-05
7083,MF_CompareTestSets_y_ss_best_uniform_25_01_1_mabserr_median,"model,prediction,stationarity",6.55740619856895e-06,5.21951929631058e-05
7085,MF_CompareTestSets_y_ss_best_uniform_25_01_1_mabserr_iqr,"model,prediction,stationarity",0.0190558322334121,0.0456877702739084
7090,MF_CompareTestSets_y_ss_best_uniform_25_01_1_meandiffs_mean,"model,prediction,stationarity",0.000431902709468371,0.00171507794675052
7091,MF_CompareTestSets_y_ss_best_uniform_25_01_1_meandiffs_median,"model,prediction,stationarity",0.00427548416137376,0.0126873833579382
7092,MF_CompareTestSets_y_ss_best_uniform_25_01_1_meandiffs_std,"model,prediction,stationarity",0.000861541430768804,0.00310102621211472
7093,MF_CompareTestSets_y_ss_best_uniform_25_01_1_meandiffs_iqr,"model,prediction,stationarity",0.00107658530464083,0.00375538285677654
7094,MF_CompareTestSets_y_ss_best_uniform_25_01_1_stdrats_mean,"model,prediction,stationarity",3.83548211191478e-06,3.62942695590234e-05
7095,MF_CompareTestSets_y_ss_best_uniform_25_01_1_stdrats_median,"model,prediction,stationarity",3.61088889258424e-06,3.45828874288418e-05
7098,MF_CompareTestSets_y_ss_2_uniform_25_01_1_rmserr_mean,"model,prediction,stationarity",5.82159585412248e-05,0.00029590340069954
7099,MF_CompareTestSets_y_ss_2_uniform_25_01_1_rmserr_median,"model,prediction,stationarity",7.18988102492802e-05,0.00035628964744699
7100,MF_CompareTestSets_y_ss_2_uniform_25_01_1_rmserr_std,"model,prediction,stationarity",0.00788327688124583,0.021650867729427
7101,MF_CompareTestSets_y_ss_2_uniform_25_01_1_rmserr_iqr,"model,prediction,stationarity",0.00242827797978465,0.00770380120559409
7102,MF_CompareTestSets_y_ss_2_uniform_25_01_1_mabserr_mean,"model,prediction,stationarity",4.22259746751932e-05,0.000224741986378964
7103,MF_CompareTestSets_y_ss_2_uniform_25_01_1_mabserr_median,"model,prediction,stationarity",8.41011855946992e-05,0.000408786910308661
7104,MF_CompareTestSets_y_ss_2_uniform_25_01_1_mabserr_std,"model,prediction,stationarity",0.00540141912727418,0.0155487453518135
7105,MF_CompareTestSets_y_ss_2_uniform_25_01_1_mabserr_iqr,"model,prediction,stationarity",0.00499939877018464,0.0145623093117617
7110,MF_CompareTestSets_y_ss_2_uniform_25_01_1_meandiffs_mean,"model,prediction,stationarity",0.000120613121939985,0.000560602858082908
7111,MF_CompareTestSets_y_ss_2_uniform_25_01_1_meandiffs_median,"model,prediction,stationarity",0.000752398562734347,0.00276696029582306
7112,MF_CompareTestSets_y_ss_2_uniform_25_01_1_meandiffs_std,"model,prediction,stationarity",0.000309391534112162,0.00128076216215366
7113,MF_CompareTestSets_y_ss_2_uniform_25_01_1_meandiffs_iqr,"model,prediction,stationarity",8.41011855946992e-05,0.000408786910308661
7114,MF_CompareTestSets_y_ss_2_uniform_25_01_1_stdrats_mean,"model,prediction,stationarity",0.00013352242572232,0.000611419293075952
7115,MF_CompareTestSets_y_ss_2_uniform_25_01_1_stdrats_median,"model,prediction,stationarity",0.000126913156158702,0.000584161720068128
7118,MF_StateSpaceCompOrder_8_minaic,model,6.55740619856895e-06,5.21951929631058e-05
7120,MF_StateSpaceCompOrder_8_minlossfn,model,1.39260980630824e-05,9.20131047510622e-05
7125,MF_StateSpaceCompOrder_8_ndownaic,model,0.0194002785020949,0.0464979393132057
7126,MF_StateSpace_n4sid_1_05_1_A_1,model,4.83557438253742e-07,2.00475224311821e-05
7130,MF_StateSpace_n4sid_1_05_1_m_fpe,model,3.39893536496135e-06,3.29970314557503e-05
7131,MF_StateSpace_n4sid_1_05_1_m_aic,model,1.04653269791364e-06,2.00475224311821e-05
7133,MF_StateSpace_n4sid_1_05_1_meanabs,model,3.39893536496135e-06,3.29970314557503e-05
7134,MF_StateSpace_n4sid_1_05_1_stde,model,2.66442794601493e-06,2.79647039289709e-05
7135,MF_StateSpace_n4sid_1_05_1_mms,model,2.50614204546602e-06,2.69391341322299e-05
7137,MF_StateSpace_n4sid_1_05_1_p1_5,model,0.00082362694217216,0.00298266123180514
7138,MF_StateSpace_n4sid_1_05_1_p2_5,model,0.000180503538081067,0.000796319390567187
7143,MF_StateSpace_n4sid_1_05_1_ac2,model,0.000280890693437725,0.00117026825205085
7144,MF_StateSpace_n4sid_1_05_1_ac3,model,5.17450467954947e-06,4.40979344906276e-05
7146,MF_StateSpace_n4sid_1_05_1_ac2n,model,0.00818056932224017,0.0223209092396707
7147,MF_StateSpace_n4sid_1_05_1_ac3n,model,0.00947257968258233,0.0252933872500022
7159,MF_StateSpace_n4sid_2_05_1_A_1,model,1.52708182821975e-06,2.20420168146283e-05
7163,MF_StateSpace_n4sid_2_05_1_k_1,model,0.0190558322334121,0.0456877702739084
7168,MF_StateSpace_n4sid_2_05_1_m_fpe,model,7.98313205736858e-05,0.000390701291060762
7169,MF_StateSpace_n4sid_2_05_1_m_aic,model,2.8835208146233e-05,0.000164153072934875
7171,MF_StateSpace_n4sid_2_05_1_meanabs,model,5.52026967449372e-05,0.000282809496066935
7172,MF_StateSpace_n4sid_2_05_1_stde,model,4.45641297611193e-05,0.000236479006249161
7173,MF_StateSpace_n4sid_2_05_1_mms,model,4.00045227898351e-05,0.000216316249371175
7176,MF_StateSpace_n4sid_2_05_1_p2_5,model,0.00561318037248673,0.0160802703424378
7182,MF_StateSpace_n4sid_2_05_1_ac3,model,0.00082362694217216,0.00298266123180514
7185,MF_StateSpace_n4sid_2_05_1_ac3n,model,0.00188893854939985,0.00618008584713993
7196,MF_StateSpace_n4sid_2_05_1_ac1diff,model,0.0121766025070389,0.0313717246343551
7197,MF_StateSpace_n4sid_3_05_1_A_1,model,1.10753480969413e-05,7.72668402527787e-05
7213,MF_StateSpace_n4sid_3_05_1_m_fpe,model,2.72896655970471e-05,0.000156481273479925
7214,MF_StateSpace_n4sid_3_05_1_m_aic,model,6.55740619856895e-06,5.21951929631058e-05
7216,MF_StateSpace_n4sid_3_05_1_meanabs,model,1.24229200737778e-05,8.44331415902605e-05
7217,MF_StateSpace_n4sid_3_05_1_stde,model,1.24229200737778e-05,8.44331415902605e-05
7218,MF_StateSpace_n4sid_3_05_1_mms,model,1.17306779714729e-05,8.11229392079699e-05
7241,MF_StateSpace_n4sid_3_05_1_ac1diff,model,0.0210589482429528,0.0496045930807191
7242,MF_CompareAR_1_10_all_maxv,model,9.82136182665932e-07,2.00475224311821e-05
7243,MF_CompareAR_1_10_all_minv,model,2.72896655970471e-05,0.000156481273479925
7244,MF_CompareAR_1_10_all_meanv,model,1.56018019057256e-05,9.98403078787259e-05
7245,MF_CompareAR_1_10_all_medianv,model,3.04637264727127e-05,0.000170692816991987
7248,MF_CompareAR_1_10_all_meandiff,model,6.68816911061285e-07,2.00475224311821e-05
7249,MF_CompareAR_1_10_all_stddiff,model,0.000108887185280847,0.000513479927407893
7250,MF_CompareAR_1_10_all_maxdiff,model,9.32965976131512e-05,0.000446168406327409
7251,MF_CompareAR_1_10_all_meddiff,model,3.39866324809848e-05,0.000187044761589086
7252,MF_CompareAR_1_10_all_minstdfromi,model,0.000340582796086869,0.00138569878613731
7257,MF_CompareAR_1_10_all_bestaic,model,7.13316180766304e-07,2.00475224311821e-05
7258,MF_CompareAR_1_10_05_maxv,model,6.68816911061285e-07,2.00475224311821e-05
7259,MF_CompareAR_1_10_05_minv,model,1.31540392168145e-05,8.81394944132314e-05
7260,MF_CompareAR_1_10_05_meanv,model,6.18178925154075e-06,5.01020641389112e-05
7261,MF_CompareAR_1_10_05_medianv,model,1.39260980630824e-05,9.20131047510622e-05
7264,MF_CompareAR_1_10_05_meandiff,model,2.35690423947498e-06,2.62468396996932e-05
7265,MF_CompareAR_1_10_05_stddiff,model,0.000140455025433301,0.000639052404720823
7266,MF_CompareAR_1_10_05_maxdiff,model,0.00013352242572232,0.000611419293075952
7267,MF_CompareAR_1_10_05_meddiff,model,6.55740619856895e-06,5.21951929631058e-05
7268,MF_CompareAR_1_10_05_minstdfromi,model,0.00146169723557975,0.00494364901539236
7273,MF_CompareAR_1_10_05_bestaic,model,4.83557438253742e-07,2.00475224311821e-05
7274,MF_armax_3_1_05_1_AR_1,model,0.00788327688124583,0.021650867729427
7278,MF_armax_3_1_05_1_maxda,model,0.0197042011871398,0.046988973072281
7280,MF_armax_3_1_05_1_fpe,model,3.78942790951893e-05,0.000206791173344607
7281,MF_armax_3_1_05_1_aic,model,1.39260980630824e-05,9.20131047510622e-05
7283,MF_armax_3_1_05_1_meanabs,model,9.86802931933148e-06,7.07871941898819e-05
7284,MF_armax_3_1_05_1_stde,model,1.24229200737778e-05,8.44331415902605e-05
7285,MF_armax_3_1_05_1_mms,model,1.17306779714729e-05,8.11229392079699e-05
7294,MF_armax_3_1_05_1_ac3,model,0.00540141912727418,0.0155487453518135
7295,MF_armax_3_1_05_1_ac1n,model,0.00232957338585228,0.00743374179987659
7297,MF_armax_3_1_05_1_ac3n,model,0.000752398562734347,0.00276696029582306
7301,MF_armax_3_1_05_1_ftbth,model,0.00225106888806266,0.00720909370272452
7305,MF_armax_3_1_05_1_sbc1,model,0.00704859648267514,0.0196312377967578
7308,MF_armax_1_1_05_1_AR_1,model,4.32549215748757e-06,3.92104486530975e-05
7310,MF_armax_1_1_05_1_maxda,model,4.32549215748757e-06,3.92104486530975e-05
7312,MF_armax_1_1_05_1_fpe,model,3.21794070598959e-05,0.000178757736641857
7313,MF_armax_1_1_05_1_aic,model,8.7870425947142e-06,6.53381349048968e-05
7315,MF_armax_1_1_05_1_meanabs,model,9.3125620761273e-06,6.74142337067364e-05
7316,MF_armax_1_1_05_1_stde,model,6.95480101290475e-06,5.46854850915251e-05
7317,MF_armax_1_1_05_1_mms,model,7.8197737788281e-06,5.93868838955611e-05
7319,MF_armax_1_1_05_1_p1_5,model,0.00214310157010038,0.00690684364711699
7320,MF_armax_1_1_05_1_p2_5,model,0.00112515380607429,0.00391329153666895
7325,MF_armax_1_1_05_1_ac2,model,0.000474463308048828,0.0018653485635776
7326,MF_armax_1_1_05_1_ac3,model,8.41011855946992e-05,0.000408786910308661
7328,MF_armax_1_1_05_1_ac2n,model,0.00205509104458358,0.00664728539693489
7340,MF_armax_2_2_05_1_AR_1,model,0.000309391534112162,0.00128076216215366
7341,MF_armax_2_2_05_1_AR_2,model,0.0160861401361776,0.039691044802025
7346,MF_armax_2_2_05_1_fpe,model,4.22259746751932e-05,0.000224741986378964
7347,MF_armax_2_2_05_1_aic,model,2.18599433306592e-05,0.000131270343241325
7349,MF_armax_2_2_05_1_meanabs,model,1.56018019057256e-05,9.98403078787259e-05
7350,MF_armax_2_2_05_1_stde,model,1.47412616174406e-05,9.51894897184276e-05
7351,MF_armax_2_2_05_1_mms,model,1.31540392168145e-05,8.81394944132314e-05
7354,MF_armax_2_2_05_1_p2_5,model,0.00499939877018464,0.0145623093117617
7359,MF_armax_2_2_05_1_ac2,model,0.00364794442843455,0.0110415876447215
7360,MF_armax_2_2_05_1_ac3,model,0.00704859648267514,0.0196312377967578
7361,MF_armax_2_2_05_1_ac1n,model,0.00181057379343184,0.00594282431460377
7362,MF_armax_2_2_05_1_ac2n,model,0.00561318037248673,0.0160802703424378
7363,MF_armax_2_2_05_1_ac3n,model,0.00880542419332382,0.023716653504804
7371,MF_armax_2_2_05_1_sbc1,model,0.00519689746784096,0.0150758754101738
7374,MF_ARMA_orders_1_6_1_4_aic_min,model,9.3125620761273e-06,6.74142337067364e-05
7378,MF_ARMA_orders_1_6_1_4_mean_all_aics,model,9.3125620761273e-06,6.74142337067364e-05
7381,MF_ExpSmoothing_05_best_alphamin_1,model,3.58899897678485e-05,0.000197062629003094
7382,MF_ExpSmoothing_05_best_p1_1,model,0.0140114417696054,0.0352689846595373
7386,MF_ExpSmoothing_05_best_meanabs,model,9.82136182665932e-07,2.00475224311821e-05
7387,MF_ExpSmoothing_05_best_stde,model,8.64595004250958e-07,2.00475224311821e-05
7388,MF_ExpSmoothing_05_best_mms,model,8.64595004250958e-07,2.00475224311821e-05
7390,MF_ExpSmoothing_05_best_p1_5,model,7.18988102492802e-05,0.00035628964744699
7391,MF_ExpSmoothing_05_best_p2_5,model,4.32549215748757e-06,3.92104486530975e-05
7392,MF_ExpSmoothing_05_best_p3_5,model,0.00583240319190966,0.0166613332451341
7395,MF_ExpSmoothing_05_best_ac1,model,0.00540141912727418,0.0155487453518135
7396,MF_ExpSmoothing_05_best_ac2,model,5.82159585412248e-05,0.00029590340069954
7397,MF_ExpSmoothing_05_best_ac3,model,6.26998872165287e-07,2.00475224311821e-05
7398,MF_ExpSmoothing_05_best_ac1n,model,0.00540141912727418,0.0155487453518135
7405,MF_ExpSmoothing_05_best_dwts,model,0.00540141912727418,0.0155487453518135
7408,MF_ExpSmoothing_05_best_sbc1,model,0.00427548416137376,0.0126873833579382
7460,MF_GARCHfit_ar_P1_Q1_stde_minfpe,model,0.00107658530464083,0.00375538285677654
7517,MF_GARCHfit_ar_P1_Q2_stde_minfpe,model,0.00107658530464083,0.00375538285677654
7554,SY_VarRatioTest_2_0_stat,vratiotest,0.00480871169077813,0.0140818075685503
7556,SY_VarRatioTest_2_1_stat,vratiotest,0.00519689746784096,0.0150758754101738
7558,SY_VarRatioTest_4_0_stat,vratiotest,9.32965976131512e-05,0.000446168406327409
7560,SY_VarRatioTest_4_1_stat,vratiotest,0.000108887185280847,0.000513479927407893
7561,SY_VarRatioTest_4_1_ratio,vratiotest,0.000108887185280847,0.000513479927407893
7562,SY_VarRatioTest_24682468_00001111_maxpValue,"vratiotest,pvalue",5.81309712796644e-05,0.00029590340069954
7564,SY_VarRatioTest_24682468_00001111_meanpValue,"vratiotest,pvalue",9.30331125807053e-05,0.000446168406327409
7569,SY_VarRatioTest_24682468_00001111_meanstat,vratiotest,4.22259746751932e-05,0.000224741986378964
7570,SY_VarRatioTest_24682468_00001111_maxstat,vratiotest,0.00298168202047877,0.00920106212390586
7571,SY_VarRatioTest_24682468_00001111_minstat,vratiotest,6.68816911061285e-07,2.00475224311821e-05
7578,SY_PPtest_0_5_ar_t1_meanstat,unitroot,8.11026050600951e-07,2.00475224311821e-05
7579,SY_PPtest_0_5_ar_t1_maxstat,unitroot,9.82136182665932e-07,2.00475224311821e-05
7580,SY_PPtest_0_5_ar_t1_minstat,unitroot,9.82136182665932e-07,2.00475224311821e-05
7581,SY_PPtest_0_5_ar_t1_minBIC,unitroot,7.13316180766304e-07,2.00475224311821e-05
7582,SY_PPtest_0_5_ar_t1_minrmse,unitroot,7.60661190228156e-07,2.00475224311821e-05
7583,SY_KPSStest_0_stat,"stationarity,hypothesistest",0.0140114417696054,0.0352689846595373
7591,SY_KPSStest_0_10_maxstat,"stationarity,hypothesistest",0.0140114417696054,0.0352689846595373
7594,SY_KPSStest_0_10_lagminstat,"stationarity,hypothesistest",0.000224428303500984,0.000962067354043979
7601,MF_hmm_07_3_Pmeandiag,"hmm,model",0.00181057379343184,0.00594282431460377
7602,MF_hmm_07_3_stdmeanP,"hmm,model",9.86802931933148e-06,7.07871941898819e-05
7603,MF_hmm_07_3_maxP,"hmm,model",2.06727974704263e-05,0.00012562564201499
7604,MF_hmm_07_3_stdP,"hmm,model",0.000374697110145117,0.0015151160184203
7605,MF_hmm_07_3_LLtrainpersample,"hmm,model",0.000431902709468371,0.00171507794675052
7614,MF_hmm_08_2_Pmeandiag,"hmm,model",5.49139337197368e-06,4.61900180082325e-05
7616,MF_hmm_08_2_maxP,"hmm,model",9.3125620761273e-06,6.74142337067364e-05
7617,MF_hmm_08_2_stdP,"hmm,model",5.49139337197368e-06,4.61900180082325e-05
7618,MF_hmm_08_2_LLtrainpersample,"hmm,model",0.00223455572247879,0.00715943202213376
7622,MF_hmm_CompareNStates_06_24_meanLLtrain,"hmm,model",2.72896655970471e-05,0.000156481273479925
7623,MF_hmm_CompareNStates_06_24_maxLLtrain,"hmm,model",9.3125620761273e-06,6.74142337067364e-05
7624,MF_hmm_CompareNStates_06_24_meanLLtest,"hmm,model",0.00788327688124583,0.021650867729427
7625,MF_hmm_CompareNStates_06_24_maxLLtest,"hmm,model",0.00263725978627337,0.00828553670601383
7626,MF_hmm_CompareNStates_06_24_chLLtrain,"hmm,model",1.31540392168145e-05,8.81394944132314e-05
7627,MF_hmm_CompareNStates_06_24_chLLtest,"hmm,model",4.9613796147306e-05,0.000258456642301779
7629,MF_hmm_CompareNStates_06_24_LLtestdiff1,"hmm,model",2.8835208146233e-05,0.000164153072934875
7631,MD_hrv_classic_pnn5,medical,7.81817694916804e-06,5.93868838955611e-05
7632,MD_hrv_classic_pnn10,medical,2.0836178159175e-06,2.48358867304337e-05
7633,MD_hrv_classic_pnn20,medical,4.59245894147181e-06,4.08499222843917e-05
7634,MD_hrv_classic_pnn30,medical,2.0836178159175e-06,2.48358867304337e-05
7635,MD_hrv_classic_pnn40,medical,2.99025061209086e-06,3.05578078611074e-05
7637,MD_hrv_classic_vlf,"medical,FourierSpectrum",0.0155436158790251,0.038552935027934
7638,MD_hrv_classic_lf,"medical,FourierSpectrum",0.000686926233975337,0.00256731464336581
7639,MD_hrv_classic_hf,"medical,FourierSpectrum",0.00629414882979977,0.0178017341307055
7641,MD_hrv_classic_SD2,medical,1.18773136379583e-06,2.0614381426271e-05
7642,CP_ML_StepDetect_l1pwc_10_E,stepdetection,0.000126913156158702,0.000584161720068128
7644,CP_ML_StepDetect_l1pwc_10_lambdamax,stepdetection,0.00205509104458358,0.00664728539693489
7645,CP_ML_StepDetect_l1pwc_10_nsegments,stepdetection,2.72896655970471e-05,0.000156481273479925
7646,CP_ML_StepDetect_l1pwc_10_rmsoff,stepdetection,3.04637264727127e-05,0.000170692816991987
7647,CP_ML_StepDetect_l1pwc_10_rmsoffpstep,stepdetection,9.82427974942328e-05,0.000468248993281286
7650,CP_ML_StepDetect_l1pwc_10_pshort_3,stepdetection,7.56592191166047e-06,5.84572207637089e-05
7651,CP_ML_StepDetect_l1pwc_10_meanstepint,stepdetection,1.95471950625266e-05,0.00011970554222456
7652,CP_ML_StepDetect_l1pwc_10_meanstepintgt3,stepdetection,0.000571568005964199,0.00219889005942868
7653,CP_ML_StepDetect_l1pwc_10_meanerrstepint,stepdetection,0.000280890693437725,0.00117026825205085
7656,CP_ML_StepDetect_l1pwc_10_medianstepint,stepdetection,8.03855049920722e-06,6.09183443582094e-05
7657,CP_ML_StepDetect_l1pwc_005_E,stepdetection,0.0117525566357291,0.0303892416496542
7660,CP_ML_StepDetect_l1pwc_005_rmsoffpstep,stepdetection,0.00011460879331106,0.000535141845932743
7665,CP_ML_StepDetect_l1pwc_005_meanstepintgt3,stepdetection,0.000357259343652894,0.00144940563821779
7666,CP_ML_StepDetect_l1pwc_005_meanerrstepint,stepdetection,0.0130655617316131,0.0333122670305121
7667,CP_ML_StepDetect_l1pwc_005_maxstepint,stepdetection,0.00310530796992304,0.00954942589195003
7669,CP_ML_StepDetect_l1pwc_005_medianstepint,stepdetection,0.00142912443238586,0.00485888650781548
7670,CP_ML_StepDetect_l1pwc_02_E,"stepdetection,lengthDependent",0.00159305660196512,0.00530720542115347
7672,CP_ML_StepDetect_l1pwc_02_rmsoff,stepdetection,0.00049718147462051,0.00194606346171592
7673,CP_ML_StepDetect_l1pwc_02_rmsoffpstep,stepdetection,7.57669573527021e-05,0.000372603779213426
7676,CP_ML_StepDetect_l1pwc_02_pshort_3,stepdetection,0.0172213319317616,0.0419250763005186
7680,CP_ML_StepDetect_l1pwc_02_maxstepint,stepdetection,0.00653714319617325,0.0183866841833869
7682,CP_ML_StepDetect_l1pwc_02_medianstepint,stepdetection,0.00293969447828019,0.00912292451262181
7685,CP_l1pwc_sweep_lambda_0_005_095_rmserrsu01,stepdetection,0.00097634224773543,0.00345732276119403
7688,CP_l1pwc_sweep_lambda_0_005_095_corrsegerr,stepdetection,0.000220031677037124,0.000944357909406618
7689,CP_l1pwc_sweep_lambda_0_005_095_bestrmserrpseg,stepdetection,0.00411003277270197,0.0122834914786003
7693,ST_MomentCorr_002_02_mean_std_none_density,"statistics,stationarity",0.00078726537066868,0.00286909709983228
7697,ST_MomentCorr_002_02_median_iqr_none_density,"statistics,stationarity",0.000374697110145117,0.0015151160184203
7699,ST_MomentCorr_002_02_mean_std_abs_R,statistics,0.00242827797978465,0.00770380120559409
7700,ST_MomentCorr_002_02_mean_std_abs_absR,statistics,0.00242827797978465,0.00770380120559409
7701,ST_MomentCorr_002_02_mean_std_abs_density,"statistics,stationarity",0.00134038555683954,0.00457466840406242
7702,ST_MomentCorr_002_02_mean_std_abs_mi,statistics,0.00499939877018464,0.0145623093117617
7705,ST_MomentCorr_002_02_median_iqr_abs_density,"statistics,stationarity",0.00462463008225427,0.013632505246612
7707,ST_MomentCorr_002_02_mean_std_sqrt_R,statistics,0.00298168202047877,0.00920106212390586
7708,ST_MomentCorr_002_02_mean_std_sqrt_absR,statistics,0.00298168202047877,0.00920106212390586
7710,ST_MomentCorr_002_02_mean_std_sqrt_mi,statistics,0.00323359045900606,0.00991392921425555
7713,ST_MomentCorr_002_02_median_iqr_sqrt_density,"statistics,stationarity",0.0091335656357516,0.0244800199864438
7735,MD_pNN_raw_pnn5,"medical,raw,spreadDependent",0.000988864962751468,0.0034835460767027
7736,MD_pNN_raw_pnn10,"medical,raw,spreadDependent",9.1722432772783e-05,0.000443107149769942
7737,MD_pNN_raw_pnn20,"medical,raw,spreadDependent",0.000639955457467211,0.00241844027367853
7738,MD_pNN_raw_pnn30,"medical,raw,spreadDependent",0.000580760039239138,0.00222906604057481
7739,MD_pNN_raw_pnn40,"medical,raw,spreadDependent",0.000126913156158702,0.000584161720068128
7740,MD_pNN_raw_pnn50,"medical,raw,spreadDependent",0.000180503538081067,0.000796319390567187
7741,MD_pNN_raw_pnn60,"medical,raw,spreadDependent",0.000278175168721454,0.00116646700095573
7742,MD_pNN_raw_pnn70,"medical,raw,spreadDependent",0.000431902709468371,0.00171507794675052
7743,MD_pNN_raw_pnn80,"medical,raw,spreadDependent",0.000656213856332496,0.00246678172301217
7744,MD_pNN_raw_pnn90,"medical,raw,spreadDependent",0.000413752695683543,0.00165501078273417
7745,MD_pNN_raw_pnn100,"medical,raw,spreadDependent",0.000340582796086869,0.00138569878613731
7746,MD_rawHRVmeas_tri10,"distribution,raw",0.0172213319317616,0.0419250763005186
7747,MD_rawHRVmeas_tri20,"distribution,raw",0.01842619348603,0.0444176127529097
7748,MD_rawHRVmeas_trisqrt,"distribution,raw",0.00629414882979977,0.0178017341307055
7749,MD_rawHRVmeas_SD1,"medical,raw,spreadDependent",2.44316942629559e-05,0.000144398618251823
7750,MD_rawHRVmeas_SD2,"medical,raw,spreadDependent",7.18988102492802e-05,0.00035628964744699
7751,NL_nsamdf_1_14_05_1_7_L,"nonlinear,raw,spreadDependent",3.04637264727127e-05,0.000170692816991987
7752,NL_nsamdf_z_1_14_05_1_7_L,nonlinear,8.64595004250958e-07,2.00475224311821e-05
7753,CR_RAD_1,criticality,2.31118018635252e-05,0.000137626428502799
7754,CR_RAD_2,criticality,0.000126913156158702,0.000584161720068128
