FeatureID,FeatureName,Keywords,P,PFDR
21,DN_Moments_4,"distribution,moment,shape",0.000431902709468371,0.00198113104942354
23,DN_Moments_6,"distribution,moment,shape",0.000942271767787704,0.00388421118406524
25,DN_Moments_8,"distribution,moment,shape",0.00379644200152357,0.0125882024261045
27,DN_Moments_10,"distribution,moment,shape",0.00880542419332382,0.0252969389960744
50,DN_HistogramAsymmetry_11_modeProbNeg,distribution,0.00759569887611432,0.0223537744105241
55,DN_Withinp_05,"distribution,spread",0.00395041253231895,0.0129778434783473
56,DN_Withinp_10,"distribution,spread",0.000626782424265422,0.00273914308062955
58,DN_Withinp_20,"distribution,spread",0.00106795015612148,0.00433698640127143
59,DN_Withinp_25,"distribution,spread",0.0098583597432883,0.0277092724302142
60,DN_Withinp_30,"distribution,spread",0.00131598865666843,0.00515887843988025
62,DN_Withinp_median_10,"distribution,spread",0.0135312008308029,0.0360376426167174
63,DN_Withinp_median_15,"distribution,spread",0.00583240319190966,0.0180604081440648
64,DN_Withinp_median_20,"distribution,spread",0.000966634438031958,0.00398002924485223
65,DN_Withinp_median_25,"distribution,spread",0.0188698382053732,0.047720915873553
67,DN_pleft005,"distribution,spread",0.00242827797978465,0.0086047341652996
69,DN_pleft02,"distribution,spread",0.00122842305321242,0.00486111379422968
70,DN_pleft03,"distribution,spread",0.000431902709468371,0.00198113104942354
71,DN_pleft04,"distribution,spread",0.000752398562734347,0.00320546102220575
72,DN_pleft05,"distribution,spread",0.00444695290880556,0.014305403415177
78,quantile_10,distribution,0.00499939877018464,0.0158533273251423
79,quantile_20,distribution,0.000942271767787704,0.00388421118406524
80,quantile_30,distribution,0.00395041253231895,0.0129778434783473
85,quantile_80,distribution,0.00134038555683954,0.00522002449624763
86,quantile_90,distribution,0.00242827797978465,0.0086047341652996
87,quantile_91,distribution,0.00605931502191424,0.0185772022571092
98,ST_SimpleStats_zcross,noisiness,2.35690423947498e-06,3.75364681897593e-05
103,AC_1,correlation,4.83557438253742e-07,2.6730066917723e-05
104,AC_2,correlation,4.83557438253742e-07,2.6730066917723e-05
105,AC_3,correlation,2.0836178159175e-06,3.52965738543142e-05
106,AC_4,correlation,8.28993397906581e-06,8.84798200854116e-05
107,AC_5,correlation,3.58899897678485e-05,0.000259919468115273
108,AC_6,correlation,0.000126913156158702,0.000705855280229532
109,AC_7,correlation,0.000686926233975337,0.00297097682847535
110,AC_8,correlation,0.00263725978627337,0.00918974665613321
111,AC_9,correlation,0.0121766025070389,0.0330103706198057
115,AC_13,correlation,0.00379644200152357,0.0125882024261045
116,AC_14,correlation,0.000545691962300163,0.00242495697853612
117,AC_15,correlation,8.85862417242377e-05,0.000530399877909881
118,AC_16,correlation,6.47159490551713e-05,0.000415056613805193
119,AC_17,correlation,9.32965976131512e-05,0.000548454565159392
120,AC_18,correlation,0.000520910653425132,0.00232791145118237
121,AC_19,correlation,0.00788327688124583,0.0230571274106775
124,AC_22,correlation,0.0197042011871398,0.0491672654227999
125,AC_23,correlation,0.00146169723557975,0.00560356630053433
126,AC_24,correlation,0.000520910653425132,0.00232791145118237
127,AC_25,correlation,0.00139983011578967,0.00541891821332607
128,AC_26,correlation,0.00731756136170696,0.0217057163891633
133,AC_31,correlation,0.0155436158790251,0.040414536684726
134,AC_32,correlation,0.00947257968258233,0.0268452606529871
135,AC_33,correlation,0.0121766025070389,0.0330103706198057
136,AC_34,correlation,0.00848785630958759,0.0244933316043592
137,AC_35,correlation,0.01842619348603,0.0466155193415237
143,pAC_1,correlation,4.5298014109361e-07,2.6730066917723e-05
147,pAC_5,correlation,0.00286256220704461,0.00984948301205926
148,pAC_6,correlation,0.00173520694047121,0.00646750691581914
152,pAC_10,correlation,0.00731756136170696,0.0217057163891633
153,pAC_11,correlation,0.00540141912727418,0.0169694186968512
154,pAC_12,correlation,0.000199349058622623,0.00103212068969778
155,pAC_13,correlation,0.000231112917058414,0.00116275113536315
156,pAC_14,correlation,9.82427974942328e-05,0.000571397447190722
163,firstZero_acf_tau,"correlation,timescale",0.00342994565507707,0.0115669271049236
164,firstZero_acf_point,"correlation,timescale",0.00298168202047877,0.0101952902515794
165,firstCrossing_1e_acf_tau,"correlation,timescale",3.06968503042572e-05,0.000230517803075957
166,firstCrossing_1e_acf_point,"correlation,timescale",1.39260980630824e-05,0.000125176631453388
167,firstMin_acf,"correlation,timescale",3.26881296869695e-05,0.00024164776245227
168,firstMin_mi-gaussian,"correlation,AMI",2.5074297513435e-05,0.000196806972434558
169,firstMin_mi-kraskov1_4,"correlation,AMI",0.00141144733574879,0.00546092042564979
170,firstMin_mi-kraskov2_4,"correlation,AMI",0.000214543025115783,0.00110276663956625
171,firstMin_mi-hist_5,"correlation,AMI",5.32809393897052e-05,0.000356491548416646
172,firstMin_mi-hist_10,"correlation,AMI",8.06410285643965e-05,0.000492352900814698
173,firstMax_acf,correlation,0.000112180922107439,0.000640943807771154
174,firstMax_mi-gaussian,"correlation,AMI",6.17347342559671e-05,0.000400628599059462
175,firstMax_mi-kraskov1_4,"correlation,AMI",0.00602013799878146,0.0185772022571092
176,firstMax_mi-kraskov2_4,"correlation,AMI",0.00125878579737221,0.00497573353220032
177,firstMax_mi-hist_5,"correlation,AMI",0.000273138596876396,0.0013447259136674
178,firstMax_mi-hist_10,"correlation,AMI",8.69490107429861e-05,0.000525458410423869
179,AC_nl_12,"correlation,nonlinearautocorr",4.5298014109361e-07,2.6730066917723e-05
180,AC_nl_123,"correlation,nonlinearautocorr",5.87706654304219e-07,2.6730066917723e-05
181,AC_nl_1234,"correlation,nonlinearautocorr",5.50793468636543e-07,2.6730066917723e-05
182,AC_nl_12345,"correlation,nonlinearautocorr",6.26998872165287e-07,2.6730066917723e-05
183,AC_nl_123456,"correlation,nonlinearautocorr",7.13316180766304e-07,2.6730066917723e-05
184,AC_nl_1234567,"correlation,nonlinearautocorr",1.1149831476865e-06,2.80479329624742e-05
185,AC_nl_12345678,"correlation,nonlinearautocorr",1.43441430774462e-06,2.92595858362005e-05
186,AC_nl_13,"correlation,nonlinearautocorr",1.04653269791364e-06,2.76961571615137e-05
187,AC_nl_24,"correlation,nonlinearautocorr",1.95865484438265e-06,3.40920876214183e-05
188,AC_nl_135,"correlation,nonlinearautocorr",3.61088889258424e-06,4.95297071797827e-05
189,AC_nl_246,"correlation,nonlinearautocorr",9.86802931933148e-06,9.70310783485094e-05
190,AC_nl_1357,"correlation,nonlinearautocorr",6.18178925154075e-06,7.22629846990453e-05
191,AC_nl_2468,"correlation,nonlinearautocorr",7.8197737788281e-06,8.51207485190784e-05
192,AC_nl_124,"correlation,nonlinearautocorr",9.82136182665932e-07,2.76356817565169e-05
193,AC_nl_134,"correlation,nonlinearautocorr",1.1149831476865e-06,2.80479329624742e-05
194,AC_nl_14,"correlation,nonlinearautocorr",4.07343157778537e-06,5.39010397811413e-05
195,AC_nl_11,"correlation,nonlinearautocorr",9.82136182665932e-07,2.76356817565169e-05
196,AC_nl_22,"correlation,nonlinearautocorr",5.50793468636543e-07,2.6730066917723e-05
197,AC_nl_33,"correlation,nonlinearautocorr",1.95865484438265e-06,3.40920876214183e-05
198,AC_nl_44,"correlation,nonlinearautocorr",1.56018019057256e-05,0.00013611424971429
199,AC_nl_55,"correlation,nonlinearautocorr",0.000474463308048828,0.00214866685114479
201,AC_nl_011,"correlation,nonlinearautocorr",3.61088889258424e-06,4.95297071797827e-05
202,AC_nl_022,"correlation,nonlinearautocorr",5.50793468636543e-07,2.6730066917723e-05
203,AC_nl_033,"correlation,nonlinearautocorr",1.26503510150617e-06,2.89575076772426e-05
204,AC_nl_044,"correlation,nonlinearautocorr",8.28993397906581e-06,8.84798200854116e-05
205,AC_nl_055,"correlation,nonlinearautocorr",0.000103435837958387,0.000597694586384543
206,AC_nl_066,"correlation,nonlinearautocorr",0.00395041253231895,0.0129778434783473
207,AC_nl_001,"correlation,nonlinearautocorr",6.18178925154075e-06,7.22629846990453e-05
208,AC_nl_002,"correlation,nonlinearautocorr",5.87706654304219e-07,2.6730066917723e-05
209,AC_nl_003,"correlation,nonlinearautocorr",1.52708182821975e-06,2.96220586787368e-05
210,AC_nl_004,"correlation,nonlinearautocorr",9.3125620761273e-06,9.39038660339239e-05
211,AC_nl_005,"correlation,nonlinearautocorr",2.72896655970471e-05,0.000209348199768727
212,AC_nl_006,"correlation,nonlinearautocorr",0.000126913156158702,0.000705855280229532
213,AC_nl_012,"correlation,nonlinearautocorr",5.50793468636543e-07,2.6730066917723e-05
214,AC_nl_013,"correlation,nonlinearautocorr",1.1149831476865e-06,2.80479329624742e-05
215,AC_nl_023,"correlation,nonlinearautocorr",8.11026050600951e-07,2.6730066917723e-05
216,AC_nl_014,"correlation,nonlinearautocorr",4.07343157778537e-06,5.39010397811413e-05
217,AC_nl_024,"correlation,nonlinearautocorr",1.18773136379583e-06,2.86625748436016e-05
218,AC_nl_034,"correlation,nonlinearautocorr",1.95865484438265e-06,3.40920876214183e-05
219,AC_nl_015,"correlation,nonlinearautocorr",1.74686653178146e-05,0.000148223394991087
220,AC_nl_025,"correlation,nonlinearautocorr",9.86802931933148e-06,9.70310783485094e-05
221,AC_nl_035,"correlation,nonlinearautocorr",6.18178925154075e-06,7.22629846990453e-05
222,AC_nl_045,"correlation,nonlinearautocorr",1.24229200737778e-05,0.000115909263440661
223,AC_nl_016,"correlation,nonlinearautocorr",6.47159490551713e-05,0.000415056613805193
224,AC_nl_026,"correlation,nonlinearautocorr",3.04637264727127e-05,0.00022900873153035
225,AC_nl_036,"correlation,nonlinearautocorr",2.44316942629559e-05,0.000192186996086169
226,AC_nl_046,"correlation,nonlinearautocorr",1.31540392168145e-05,0.000120986570005817
227,AC_nl_056,"correlation,nonlinearautocorr",0.000147725636058422,0.00079490461307627
228,AC_nl_112,"correlation,nonlinearautocorr",7.13316180766304e-07,2.6730066917723e-05
229,AC_nl_113,"correlation,nonlinearautocorr",6.68816911061285e-07,2.6730066917723e-05
230,AC_nl_122,"correlation,nonlinearautocorr",4.83557438253742e-07,2.6730066917723e-05
231,AC_nl_133,"correlation,nonlinearautocorr",6.68816911061285e-07,2.6730066917723e-05
232,AC_nl_223,"correlation,nonlinearautocorr",7.13316180766304e-07,2.6730066917723e-05
233,AC_nl_233,"correlation,nonlinearautocorr",8.64595004250958e-07,2.71147657941082e-05
235,RM_ami_1,"information,correlation,AMI",1.34716678791654e-06,2.92595858362005e-05
236,RM_ami_2,"information,correlation,AMI",8.11026050600951e-07,2.6730066917723e-05
237,RM_ami_3,"information,correlation,AMI",4.32549215748757e-06,5.65012452645028e-05
238,RM_ami_4,"information,correlation,AMI",4.9613796147306e-05,0.00033670220664697
239,RM_ami_5,"information,correlation,AMI",0.0150172581412796,0.0392610579169185
241,RM_ami_7,"information,correlation,AMI",0.01842619348603,0.0466155193415237
242,RM_ami_8,"information,correlation,AMI",0.0150172581412796,0.0392610579169185
245,CO_HistogramAMI_std1_2bin_ami1,"information,correlation,AMI",1.62549066485909e-06,3.0691688576824e-05
246,CO_HistogramAMI_std1_2bin_ami2,"information,correlation,AMI",1.52708182821975e-06,2.96220586787368e-05
247,CO_HistogramAMI_std1_2bin_ami3,"information,correlation,AMI",5.49139337197368e-06,6.67119955888748e-05
248,CO_HistogramAMI_std1_2bin_ami4,"information,correlation,AMI",6.1384547346443e-05,0.000398719518758511
250,CO_HistogramAMI_std1_5bin_ami1,"information,correlation,AMI",8.11026050600951e-07,2.6730066917723e-05
251,CO_HistogramAMI_std1_5bin_ami2,"information,correlation,AMI",8.64595004250958e-07,2.71147657941082e-05
252,CO_HistogramAMI_std1_5bin_ami3,"information,correlation,AMI",5.17450467954947e-06,6.35125841615736e-05
253,CO_HistogramAMI_std1_5bin_ami4,"information,correlation,AMI",8.41011855946992e-05,0.000508679983218915
255,CO_HistogramAMI_std1_10bin_ami1,"information,correlation,AMI",1.04653269791364e-06,2.76961571615137e-05
256,CO_HistogramAMI_std1_10bin_ami2,"information,correlation,AMI",9.82136182665932e-07,2.76356817565169e-05
257,CO_HistogramAMI_std1_10bin_ami3,"information,correlation,AMI",5.82681221138167e-06,6.94825395859734e-05
258,CO_HistogramAMI_std1_10bin_ami4,"information,correlation,AMI",7.98313205736858e-05,0.000487827614733107
260,CO_HistogramAMI_std2_2bin_ami1,"information,correlation,AMI",4.24272170812157e-07,2.6730066917723e-05
261,CO_HistogramAMI_std2_2bin_ami2,"information,correlation,AMI",6.68816911061285e-07,2.6730066917723e-05
262,CO_HistogramAMI_std2_2bin_ami3,"information,correlation,AMI",3.19894145993939e-06,4.60065944511282e-05
263,CO_HistogramAMI_std2_2bin_ami4,"information,correlation,AMI",3.58899897678485e-05,0.000259919468115273
264,CO_HistogramAMI_std2_2bin_ami5,"information,correlation,AMI",0.0160861401361776,0.0414167202999814
265,CO_HistogramAMI_std2_5bin_ami1,"information,correlation,AMI",5.50793468636543e-07,2.6730066917723e-05
266,CO_HistogramAMI_std2_5bin_ami2,"information,correlation,AMI",6.26998872165287e-07,2.6730066917723e-05
267,CO_HistogramAMI_std2_5bin_ami3,"information,correlation,AMI",3.61088889258424e-06,4.95297071797827e-05
268,CO_HistogramAMI_std2_5bin_ami4,"information,correlation,AMI",5.2337595654733e-05,0.000350873766647247
270,CO_HistogramAMI_std2_10bin_ami1,"information,correlation,AMI",6.68816911061285e-07,2.6730066917723e-05
271,CO_HistogramAMI_std2_10bin_ami2,"information,correlation,AMI",1.1149831476865e-06,2.80479329624742e-05
272,CO_HistogramAMI_std2_10bin_ami3,"information,correlation,AMI",4.87516924146122e-06,6.14412047036453e-05
273,CO_HistogramAMI_std2_10bin_ami4,"information,correlation,AMI",5.52026967449372e-05,0.000365910612781386
274,CO_HistogramAMI_std2_10bin_ami5,"information,correlation,AMI",0.0150172581412796,0.0392610579169185
275,CO_HistogramAMI_even_2bin_ami1,"information,correlation,AMI",2.06727974704263e-05,0.000170347535742752
276,CO_HistogramAMI_even_2bin_ami2,"information,correlation,AMI",1.84090878581554e-06,3.32625117924386e-05
277,CO_HistogramAMI_even_2bin_ami3,"information,correlation,AMI",3.83548211191478e-06,5.14214635682134e-05
278,CO_HistogramAMI_even_2bin_ami4,"information,correlation,AMI",2.58231003683401e-05,0.000200692851006783
280,CO_HistogramAMI_even_5bin_ami1,"information,correlation,AMI",0.000545691962300163,0.00242495697853612
281,CO_HistogramAMI_even_5bin_ami2,"information,correlation,AMI",4.87516924146122e-06,6.14412047036453e-05
282,CO_HistogramAMI_even_5bin_ami3,"information,correlation,AMI",3.83548211191478e-06,5.14214635682134e-05
283,CO_HistogramAMI_even_5bin_ami4,"information,correlation,AMI",4.9613796147306e-05,0.00033670220664697
284,CO_HistogramAMI_even_5bin_ami5,"information,correlation,AMI",0.0160861401361776,0.0414167202999814
285,CO_HistogramAMI_even_10bin_ami1,"information,correlation,AMI",9.86802931933148e-06,9.70310783485094e-05
286,CO_HistogramAMI_even_10bin_ami2,"information,correlation,AMI",8.64595004250958e-07,2.71147657941082e-05
287,CO_HistogramAMI_even_10bin_ami3,"information,correlation,AMI",2.66442794601493e-06,4.07915323606028e-05
288,CO_HistogramAMI_even_10bin_ami4,"information,correlation,AMI",5.2337595654733e-05,0.000350873766647247
289,CO_HistogramAMI_even_10bin_ami5,"information,correlation,AMI",0.0166452400339562,0.0426556745146631
290,CO_HistogramAMI_quantiles_2bin_ami1,"information,correlation,AMI",1.26503510150617e-06,2.89575076772426e-05
291,CO_HistogramAMI_quantiles_2bin_ami2,"information,correlation,AMI",2.8322842707188e-06,4.2538041610226e-05
292,CO_HistogramAMI_quantiles_2bin_ami3,"information,correlation,AMI",1.31540392168145e-05,0.000120986570005817
293,CO_HistogramAMI_quantiles_2bin_ami4,"information,correlation,AMI",7.18988102492802e-05,0.000449383345184043
295,CO_HistogramAMI_quantiles_5bin_ami1,"information,correlation,AMI",1.34716678791654e-06,2.92595858362005e-05
296,CO_HistogramAMI_quantiles_5bin_ami2,"information,correlation,AMI",1.04653269791364e-06,2.76961571615137e-05
297,CO_HistogramAMI_quantiles_5bin_ami3,"information,correlation,AMI",5.49139337197368e-06,6.67119955888748e-05
298,CO_HistogramAMI_quantiles_5bin_ami4,"information,correlation,AMI",7.57669573527021e-05,0.000466595994285369
300,CO_HistogramAMI_quantiles_10bin_ami1,"information,correlation,AMI",1.18773136379583e-06,2.86625748436016e-05
301,CO_HistogramAMI_quantiles_10bin_ami2,"information,correlation,AMI",1.34716678791654e-06,2.92595858362005e-05
302,CO_HistogramAMI_quantiles_10bin_ami3,"information,correlation,AMI",5.82681221138167e-06,6.94825395859734e-05
303,CO_HistogramAMI_quantiles_10bin_ami4,"information,correlation,AMI",8.85862417242377e-05,0.000530399877909881
305,IN_AutoMutualInfoStats_40_gaussian_ami1,"information,correlation,AMI",6.68816911061285e-07,2.6730066917723e-05
306,IN_AutoMutualInfoStats_40_gaussian_ami2,"information,correlation,AMI",6.26998872165287e-07,2.6730066917723e-05
307,IN_AutoMutualInfoStats_40_gaussian_ami3,"information,correlation,AMI",4.07343157778537e-06,5.39010397811413e-05
308,IN_AutoMutualInfoStats_40_gaussian_ami4,"information,correlation,AMI",3.78942790951893e-05,0.000271397759435264
309,IN_AutoMutualInfoStats_40_gaussian_ami5,"information,correlation,AMI",0.017814839449509,0.0452942293003767
311,IN_AutoMutualInfoStats_40_gaussian_ami7,"information,correlation,AMI",0.0166452400339562,0.0426556745146631
312,IN_AutoMutualInfoStats_40_gaussian_ami8,"information,correlation,AMI",0.00653714319617325,0.0197697206514687
313,IN_AutoMutualInfoStats_40_gaussian_ami9,"information,correlation,AMI",0.00704859648267514,0.0210482207886595
318,IN_AutoMutualInfoStats_40_gaussian_ami14,"information,correlation,AMI",0.0117525566357291,0.0320438340443338
319,IN_AutoMutualInfoStats_40_gaussian_ami15,"information,correlation,AMI",0.00102996237816126,0.00418988695436
320,IN_AutoMutualInfoStats_40_gaussian_ami16,"information,correlation,AMI",0.000231112917058414,0.00116275113536315
321,IN_AutoMutualInfoStats_40_gaussian_ami17,"information,correlation,AMI",0.000411985081919444,0.00191945143860243
322,IN_AutoMutualInfoStats_40_gaussian_ami18,"information,correlation,AMI",0.00263725978627337,0.00918974665613321
323,IN_AutoMutualInfoStats_40_gaussian_ami19,"information,correlation,AMI",0.0130655617316131,0.0350202311624074
327,IN_AutoMutualInfoStats_40_gaussian_ami23,"information,correlation,AMI",0.0113416610170194,0.0311501870293831
343,IN_AutoMutualInfoStats_40_gaussian_ami39,"information,correlation,AMI",0.0113416610170194,0.0311501870293831
346,IN_AutoMutualInfoStats_40_gaussian_stdami,"information,correlation,AMI",8.64595004250958e-07,2.71147657941082e-05
347,IN_AutoMutualInfoStats_40_gaussian_pextrema,"information,correlation,AMI",0.000712174401136959,0.00307457220236144
348,IN_AutoMutualInfoStats_40_gaussian_fmmi,"information,correlation,AMI",2.5074297513435e-05,0.000196806972434558
349,IN_AutoMutualInfoStats_40_gaussian_pmaxima,"information,correlation,AMI",0.00102956313137589,0.00418988695436
352,IN_AutoMutualInfoStats_40_gaussian_pminima,"information,correlation,AMI",0.000806450221117787,0.00341326939603896
355,IN_AutoMutualInfoStats_40_gaussian_pcrossmean,"information,correlation,AMI",5.23427363645704e-05,0.000350873766647247
356,IN_AutoMutualInfoStats_40_gaussian_pcrossmedian,"information,correlation,AMI",3.64457680617192e-05,0.000263676242714816
357,IN_AutoMutualInfoStats_40_gaussian_pcrossq10,"information,correlation,AMI",0.0150431749689144,0.0393143768736056
358,IN_AutoMutualInfoStats_40_gaussian_pcrossq90,"information,correlation,AMI",7.4394984048405e-05,0.000464169931148637
359,IN_AutoMutualInfoStats_40_gaussian_amiac1,"information,correlation,AMI",9.86802931933148e-06,9.70310783485094e-05
360,IN_AutoMutualInfoStats_40_kraskov1_4_ami1,"information,correlation,AMI",5.16120692670543e-07,2.6730066917723e-05
361,IN_AutoMutualInfoStats_40_kraskov1_4_ami2,"information,correlation,AMI",7.13316180766304e-07,2.6730066917723e-05
362,IN_AutoMutualInfoStats_40_kraskov1_4_ami3,"information,correlation,AMI",6.55740619856895e-06,7.50517278578976e-05
363,IN_AutoMutualInfoStats_40_kraskov1_4_ami4,"information,correlation,AMI",0.000209450726687326,0.00107736974225945
364,IN_AutoMutualInfoStats_40_kraskov1_4_ami5,"information,correlation,AMI",0.00880542419332382,0.0252969389960744
374,IN_AutoMutualInfoStats_40_kraskov1_4_ami15,"information,correlation,AMI",0.0190558322334121,0.0478850934238124
375,IN_AutoMutualInfoStats_40_kraskov1_4_ami16,"information,correlation,AMI",0.00242827797978465,0.0086047341652996
376,IN_AutoMutualInfoStats_40_kraskov1_4_ami17,"information,correlation,AMI",0.00173520694047121,0.00646750691581914
401,IN_AutoMutualInfoStats_40_kraskov1_4_stdami,"information,correlation,AMI",5.87706654304219e-07,2.6730066917723e-05
403,IN_AutoMutualInfoStats_40_kraskov1_4_fmmi,"information,correlation,AMI",0.000244378058542673,0.00122171867890821
410,IN_AutoMutualInfoStats_40_kraskov1_4_pcrossmean,"information,correlation,AMI",7.48839760006338e-06,8.2908091002879e-05
413,IN_AutoMutualInfoStats_40_kraskov1_4_pcrossq90,"information,correlation,AMI",0.00014469608785024,0.000785729557136431
414,IN_AutoMutualInfoStats_40_kraskov1_4_amiac1,"information,correlation,AMI",4.00045227898351e-05,0.000284223750240355
418,IN_AutoMutualInfoStats_diff_20_gaussian_ami4,"information,correlation,AMI",0.00653714319617325,0.0197697206514687
430,IN_AutoMutualInfoStats_diff_20_gaussian_ami16,"information,correlation,AMI",0.0121766025070389,0.0330103706198057
431,IN_AutoMutualInfoStats_diff_20_gaussian_ami17,"information,correlation,AMI",0.017814839449509,0.0452942293003767
438,IN_AutoMutualInfoStats_diff_20_gaussian_fmmi,"information,correlation,AMI",0.000700708506957431,0.00302690768266381
445,IN_AutoMutualInfoStats_diff_20_gaussian_pcrossmean,"information,correlation,AMI",0.0175489501914767,0.0448102497894989
446,IN_AutoMutualInfoStats_diff_20_gaussian_pcrossmedian,"information,correlation,AMI",0.00601703916872637,0.0185772022571092
453,IN_AutoMutualInfoStats_diff_20_kraskov1_4_ami4,"information,correlation,AMI",0.00082362694217216,0.00346536654924563
454,IN_AutoMutualInfoStats_diff_20_kraskov1_4_ami5,"information,correlation,AMI",0.0027478022249797,0.00953294543841641
465,IN_AutoMutualInfoStats_diff_20_kraskov1_4_ami16,"information,correlation,AMI",0.0145066650137748,0.0381221661989897
473,IN_AutoMutualInfoStats_diff_20_kraskov1_4_fmmi,"information,correlation,AMI",0.00448223385314987,0.0144123860887868
485,CO_CompareMinAMI_std1_2_80_min,"correlation,AMI",7.09550771850009e-05,0.000449003728426685
486,CO_CompareMinAMI_std1_2_80_max,"correlation,AMI",0.000199948703352194,0.00103372172778814
487,CO_CompareMinAMI_std1_2_80_range,"correlation,AMI",0.00165029448861747,0.00622599176707352
488,CO_CompareMinAMI_std1_2_80_median,"correlation,AMI",5.19050711075474e-05,0.000350873766647247
489,CO_CompareMinAMI_std1_2_80_mean,"correlation,AMI",0.000108887185280847,0.00062362660660849
490,CO_CompareMinAMI_std1_2_80_std,"correlation,AMI",0.000431902709468371,0.00198113104942354
491,CO_CompareMinAMI_std1_2_80_nunique,"correlation,AMI",0.00136098612653001,0.00529445914468151
492,CO_CompareMinAMI_std1_2_80_mode,"correlation,AMI",4.01429447782603e-05,0.000284922855310503
493,CO_CompareMinAMI_std1_2_80_modef,"correlation,AMI",0.00343445322586348,0.0115766441832018
494,CO_CompareMinAMI_std1_2_80_conv4,"correlation,AMI",9.83775095237572e-05,0.000571713869632349
496,CO_CompareMinAMI_quantiles_2_80_min,"correlation,AMI",3.11850785753639e-05,0.000233937380798752
497,CO_CompareMinAMI_quantiles_2_80_max,"correlation,AMI",0.00093821450662441,0.00388421118406524
499,CO_CompareMinAMI_quantiles_2_80_median,"correlation,AMI",5.07904535122396e-05,0.000344359274812984
500,CO_CompareMinAMI_quantiles_2_80_mean,"correlation,AMI",0.000108887185280847,0.00062362660660849
501,CO_CompareMinAMI_quantiles_2_80_std,"correlation,AMI",0.00167567790637384,0.00628180674853888
502,CO_CompareMinAMI_quantiles_2_80_nunique,"correlation,AMI",0.0111153658048063,0.030694448861294
503,CO_CompareMinAMI_quantiles_2_80_mode,"correlation,AMI",5.25935192508752e-05,0.00035222320183159
504,CO_CompareMinAMI_quantiles_2_80_modef,"correlation,AMI",0.00260458669382145,0.00914302400064837
505,CO_CompareMinAMI_quantiles_2_80_conv4,"correlation,AMI",0.00036721746422478,0.00173702400519349
507,CO_CompareMinAMI_even_2_80_min,"correlation,AMI",7.06171802044002e-05,0.000447263083518794
508,CO_CompareMinAMI_even_2_80_max,"correlation,AMI",0.00117006677093608,0.00468751004068315
509,CO_CompareMinAMI_even_2_80_range,"correlation,AMI",0.00582405808930199,0.0180604081440648
510,CO_CompareMinAMI_even_2_80_median,"correlation,AMI",0.000131191048490204,0.000727941601092566
511,CO_CompareMinAMI_even_2_80_mean,"correlation,AMI",0.000474463308048828,0.00214866685114479
512,CO_CompareMinAMI_even_2_80_std,"correlation,AMI",0.00912813040911202,0.0260608632308279
513,CO_CompareMinAMI_even_2_80_nunique,"correlation,AMI",0.00165843785278535,0.00623656894839009
514,CO_CompareMinAMI_even_2_80_mode,"correlation,AMI",8.1191614244563e-05,0.000495289718772103
515,CO_CompareMinAMI_even_2_80_modef,"correlation,AMI",0.00379336440657102,0.0125882024261045
516,CO_CompareMinAMI_even_2_80_conv4,"correlation,AMI",0.000194519420950457,0.00101449359541854
518,CO_CompareMinAMI_std2_2_80_min,"correlation,AMI",4.70119426269435e-05,0.000323136180895804
519,CO_CompareMinAMI_std2_2_80_max,"correlation,AMI",0.00145592339833963,0.00560356630053433
520,CO_CompareMinAMI_std2_2_80_range,"correlation,AMI",0.0165568659470296,0.0425978780906772
521,CO_CompareMinAMI_std2_2_80_median,"correlation,AMI",9.54554319161192e-05,0.000560682524596413
522,CO_CompareMinAMI_std2_2_80_mean,"correlation,AMI",0.000280890693437725,0.00138002818949839
523,CO_CompareMinAMI_std2_2_80_std,"correlation,AMI",0.00253079653773657,0.00889276433965776
524,CO_CompareMinAMI_std2_2_80_nunique,"correlation,AMI",0.00498523012164042,0.0158533273251423
525,CO_CompareMinAMI_std2_2_80_mode,"correlation,AMI",9.87281392934215e-05,0.000573283542928114
526,CO_CompareMinAMI_std2_2_80_modef,"correlation,AMI",0.00125529723161837,0.00496470055105067
527,CO_CompareMinAMI_std2_2_80_conv4,"correlation,AMI",0.000291664264287171,0.00143197096376577
529,CO_glscf_1_1_1,"correlation,glscf",2.85533069149158e-07,2.6730066917723e-05
530,CO_glscf_1_1_2,"correlation,glscf",4.5298014109361e-07,2.6730066917723e-05
531,CO_glscf_1_1_3,"correlation,glscf",2.0836178159175e-06,3.52965738543142e-05
532,CO_glscf_1_1_4,"correlation,glscf",1.04550591732956e-05,0.000102098170445393
533,CO_glscf_1_1_5,"correlation,glscf",0.000324636730799297,0.00156260235737674
534,CO_glscf_1_1_tau,"correlation,glscf",0.000309391534112162,0.00150038033470333
535,CO_glscf_1_2_1,"correlation,glscf",2.33762332210425e-07,2.6730066917723e-05
536,CO_glscf_1_2_2,"correlation,glscf",2.04420430353178e-07,2.6730066917723e-05
537,CO_glscf_1_2_3,"correlation,glscf",1.34716678791654e-06,2.92595858362005e-05
538,CO_glscf_1_2_4,"correlation,glscf",9.3125620761273e-06,9.39038660339239e-05
539,CO_glscf_1_2_5,"correlation,glscf",0.000199349058622623,0.00103212068969778
540,CO_glscf_1_2_tau,"correlation,glscf",0.000155349545893666,0.000830904145166796
542,CO_glscf_1_5_2,"correlation,glscf",4.07343157778537e-06,5.39010397811413e-05
543,CO_glscf_1_5_3,"correlation,glscf",1.95865484438265e-06,3.40920876214183e-05
544,CO_glscf_1_5_4,"correlation,glscf",1.24229200737778e-05,0.000115909263440661
545,CO_glscf_1_5_5,"correlation,glscf",0.000598582921400376,0.00263206412442821
546,CO_glscf_1_5_tau,"correlation,glscf",0.00139983011578967,0.00541891821332607
548,CO_glscf_1_10_2,"correlation,glscf",8.85862417242377e-05,0.000530399877909881
549,CO_glscf_1_10_3,"correlation,glscf",2.66442794601493e-06,4.07915323606028e-05
550,CO_glscf_1_10_4,"correlation,glscf",1.31540392168145e-05,0.000120986570005817
551,CO_glscf_1_10_5,"correlation,glscf",0.00146169723557975,0.00560356630053433
553,CO_glscf_2_2_1,"correlation,glscf",1.66976483886586e-07,2.6730066917723e-05
554,CO_glscf_2_2_2,"correlation,glscf",1.91117503015364e-07,2.6730066917723e-05
555,CO_glscf_2_2_3,"correlation,glscf",7.13316180766304e-07,2.6730066917723e-05
556,CO_glscf_2_2_4,"correlation,glscf",6.55740619856895e-06,7.50517278578976e-05
557,CO_glscf_2_2_5,"correlation,glscf",0.00018970647056619,0.000990117568886149
558,CO_glscf_2_2_tau,"correlation,glscf",0.000140455025433301,0.000763865031367202
559,CO_glscf_2_5_1,"correlation,glscf",0.000163342672991421,0.000866495148305461
560,CO_glscf_2_5_2,"correlation,glscf",5.50793468636543e-07,2.6730066917723e-05
561,CO_glscf_2_5_3,"correlation,glscf",7.60661190228156e-07,2.6730066917723e-05
562,CO_glscf_2_5_4,"correlation,glscf",8.28993397906581e-06,8.84798200854116e-05
563,CO_glscf_2_5_5,"correlation,glscf",0.000242716287295376,0.00121682904877168
564,CO_glscf_2_5_tau,"correlation,glscf",0.000985214086551646,0.00403320246242735
565,CO_fzcglscf_1_1,"correlation,glscf,tau",6.82179820007579e-05,0.000432452194001242
566,CO_fzcglscf_1_2,"correlation,glscf,tau",0.000392927991788058,0.00184029892995999
567,CO_fzcglscf_1_3,"correlation,glscf,tau",0.000220031677037124,0.00111806246168971
568,CO_fzcglscf_1_4,"correlation,glscf,tau",0.00583240319190966,0.0180604081440648
569,CO_fzcglscf_1_5,"correlation,glscf,tau",0.0101844541042579,0.0284549170989843
570,CO_fzcglscf_1_6,"correlation,glscf,tau",0.00078726537066868,0.00333405245317688
571,CO_fzcglscf_1_7,"correlation,glscf,tau",0.000545691962300163,0.00242495697853612
572,CO_fzcglscf_1_8,"correlation,glscf,tau",0.00519689746784096,0.0164065246445941
574,CO_fzcglscf_1_10,"correlation,glscf,tau",0.0190558322334121,0.0478850934238124
575,CO_fzcglscf_2_2,"correlation,glscf,tau",0.00049718147462051,0.00223167397088487
576,CO_fzcglscf_2_5,"correlation,glscf,tau",0.000209450726687326,0.00107736974225945
578,CO_fzcglscf_5_5,"correlation,glscf,tau",0.00117574116189045,0.00469702656088558
579,CO_fzcglscf_5_10,"correlation,glscf,tau",0.00462463008225427,0.0147900905460774
580,CO_fzcglscf_10_10,"correlation,glscf,tau",0.010943570085506,0.0302435075460858
582,StatAvl25,"stationarity,StatAv",0.00242827797978465,0.0086047341652996
604,SY_SlidingWindow_m_s10_10,stationarity,0.0130655617316131,0.0350202311624074
609,SY_SlidingWindow_m_sampen10_10,stationarity,0.0109205489647415,0.0302435075460858
618,SY_SlidingWindow_m_ent10_10,stationarity,0.0135312008308029,0.0360376426167174
626,SY_SlidingWindow_s_s10_2,stationarity,0.0155436158790251,0.040414536684726
628,SY_SlidingWindow_s_sampen2_10,stationarity,0.012993422166239,0.0349584929710716
647,SY_SlidingWindow_ent_s5_10,stationarity,0.00653714319617325,0.0197697206514687
649,SY_SlidingWindow_ent_s10_2,stationarity,0.00444695290880556,0.014305403415177
650,SY_SlidingWindow_ent_s10_10,stationarity,0.00263725978627337,0.00918974665613321
659,SY_SlidingWindow_ent_ent5_2,stationarity,0.00653714319617325,0.0197697206514687
660,SY_SlidingWindow_ent_ent5_10,stationarity,0.0126141510785048,0.0339894555366674
661,SY_SlidingWindow_ent_ent10_1,stationarity,0.0135312008308029,0.0360376426167174
662,SY_SlidingWindow_ent_ent10_2,stationarity,0.00444695290880556,0.014305403415177
663,SY_SlidingWindow_ent_ent10_10,stationarity,0.00379644200152357,0.0125882024261045
677,SY_SlidingWindow_sampen_sampen10_10,stationarity,0.0155436158790251,0.040414536684726
693,SY_SlidingWindow_mom3_s10_1,stationarity,0.00350474766316831,0.0117690087802336
694,SY_SlidingWindow_mom3_s10_2,stationarity,0.0155436158790251,0.040414536684726
695,SY_SlidingWindow_mom3_s10_10,stationarity,0.0121766025070389,0.0330103706198057
697,SY_SlidingWindow_mom3_sampen5_10,stationarity,0.00166273463464593,0.00623656894839009
700,SY_SlidingWindow_mom3_sampen10_10,stationarity,0.00427548416137376,0.0138225121456947
707,SY_SlidingWindow_mom3_ent10_1,stationarity,0.00583240319190966,0.0180604081440648
709,SY_SlidingWindow_mom3_ent10_10,stationarity,0.01842619348603,0.0466155193415237
713,SY_SlidingWindow_mom4_s5_1,stationarity,0.0130655617316131,0.0350202311624074
714,SY_SlidingWindow_mom4_s5_2,stationarity,0.010943570085506,0.0302435075460858
715,SY_SlidingWindow_mom4_s5_10,stationarity,0.00605931502191424,0.0185772022571092
716,SY_SlidingWindow_mom4_s10_1,stationarity,0.0027478022249797,0.00953294543841641
717,SY_SlidingWindow_mom4_s10_2,stationarity,0.00146169723557975,0.00560356630053433
718,SY_SlidingWindow_mom4_s10_10,stationarity,0.00146169723557975,0.00560356630053433
726,SY_SlidingWindow_mom4_ent2_10,stationarity,0.00731756136170696,0.0217057163891633
730,SY_SlidingWindow_mom4_ent10_1,stationarity,0.0091335656357516,0.0260608632308279
731,SY_SlidingWindow_mom4_ent10_2,stationarity,0.00629414882979977,0.0191979629474484
732,SY_SlidingWindow_mom4_ent10_10,stationarity,0.0140114417696054,0.0371498897422051
788,SC_fastdfa_exponent,"scaling,mex",0.0105579451035292,0.0293143569391672
789,SY_StdNthDer_1,entropy,4.83557438253742e-07,2.6730066917723e-05
790,SY_StdNthDer_2,entropy,8.7870425947142e-06,9.10552492456629e-05
791,SY_StdNthDer_3,entropy,0.000126913156158702,0.000705855280229532
792,SY_StdNthDer_4,entropy,0.000392927991788058,0.00184029892995999
793,SY_StdNthDer_5,entropy,0.000718970297700572,0.00308892549748363
794,SY_StdNthDer_10,entropy,0.00427548416137376,0.0138225121456947
810,SY_LocalGlobal_std_l10,"stationarity,distribution",0.0160861401361776,0.0414167202999814
825,SY_LocalGlobal_median_l20,"stationarity,distribution",0.0197042011871398,0.0491672654227999
850,SY_LocalGlobal_iqr_unicg100,"stationarity,distribution",0.0117525566357291,0.0320438340443338
877,SY_LocalGlobal_kurtosis_unicg50,"stationarity,distribution",0.000340582796086869,0.00162616292779505
894,EN_wentropy_shannon,entropy,0.000431902709468371,0.00198113104942354
895,EN_wentropy_logenent,entropy,0.00444695290880556,0.014305403415177
896,EN_rpde_3_1_H,entropy,6.95480101290475e-06,7.80934202064179e-05
897,EN_rpde_3_1_H_norm,entropy,6.95480101290475e-06,7.80934202064179e-05
898,EN_rpde_3_1_propNonZero,entropy,4.92819476841461e-06,6.18762232034279e-05
899,EN_rpde_3_1_meanNonZero,entropy,5.82681221138167e-06,6.94825395859734e-05
905,EN_rpde_3_ac_maxRPD,entropy,5.82159585412248e-05,0.000381269005386366
907,EN_CID_CE2,entropy,4.83557438253742e-07,2.6730066917723e-05
910,EN_CID_CE1_norm,entropy,0.00263725978627337,0.00918974665613321
911,EN_CID_CE2_norm,entropy,4.83557438253742e-07,2.6730066917723e-05
918,EN_DistributionEntropy_ks__005,entropy,0.00731756136170696,0.0217057163891633
919,EN_DistributionEntropy_ks__01,entropy,0.000861541430768804,0.00360995494152037
920,EN_DistributionEntropy_ks__02,entropy,0.00181057379343184,0.00670279502623051
921,EN_DistributionEntropy_ks__03,entropy,0.00678854239663417,0.0204431613035696
931,EN_DistributionEntropy_hist_50_0,entropy,0.0150172581412796,0.0392610579169185
933,EN_DistributionEntropy_hist_sqrt_0,entropy,0.00499939877018464,0.0158533273251423
937,EN_DistributionEntropy_hist_10_002,entropy,0.0197042011871398,0.0491672654227999
938,EN_DistributionEntropy_hist_10_005,entropy,0.00540141912727418,0.0169694186968512
939,EN_DistributionEntropy_hist_10_01,entropy,0.00605931502191424,0.0185772022571092
940,EN_DistributionEntropy_hist_10_02,entropy,0.00880542419332382,0.0252969389960744
941,EN_DistributionEntropy_hist_10_03,entropy,0.0160861401361776,0.0414167202999814
942,EN_DistributionEntropy_hist_auto_001,entropy,0.00704859648267514,0.0210482207886595
943,EN_DistributionEntropy_hist_auto_002,entropy,0.0113416610170194,0.0311501870293831
944,EN_DistributionEntropy_hist_auto_005,entropy,0.00214310157010038,0.00774060886734887
945,EN_DistributionEntropy_hist_auto_01,entropy,0.000392927991788058,0.00184029892995999
946,EN_DistributionEntropy_hist_auto_02,entropy,0.000942271767787704,0.00388421118406524
947,EN_DistributionEntropy_hist_auto_03,entropy,0.00263725978627337,0.00918974665613321
948,SB_BinaryStretch_lseq1,binary,0.0113408607729688,0.0311501870293831
949,SB_BinaryStretch_lseq0,binary,0.00197040771953243,0.00718245394539241
950,ApEn1_01,entropy,6.26998872165287e-07,2.6730066917723e-05
951,ApEn1_02,entropy,7.60661190228156e-07,2.6730066917723e-05
952,ApEn2_01,entropy,2.06727974704263e-05,0.000170347535742752
953,ApEn2_02,entropy,1.74686653178146e-05,0.000148223394991087
959,EN_PermEn_3_2_normPermEn,entropy,0.00173520694047121,0.00646750691581914
960,EN_PermEn_4_2_normPermEn,entropy,0.00223455572247879,0.00800997089039603
961,EN_PermEn_5_2_normPermEn,entropy,0.0027478022249797,0.00953294543841641
964,EN_PermEn_4_ac_normPermEn,entropy,0.0126141510785048,0.0339894555366674
965,EN_PermEn_5_ac_normPermEn,entropy,0.00253079653773657,0.00889276433965776
969,DN_FitKernelSmoothzscore_entropy,"distribution,ksdensity,entropy",0.0117525566357291,0.0320438340443338
971,DN_FitKernelSmoothzscore_max,"distribution,ksdensity",0.00653714319617325,0.0197697206514687
991,DK_timerev_2,nonlinearity,0.0172213319317616,0.0440052627502553
992,DK_timerev_3,nonlinearity,0.0135312008308029,0.0360376426167174
1017,HT_DistributionTest_chi2beta10,"hypothesistest,distribution,raw",0.000171367176445663,0.000904205610525726
1018,HT_DistributionTest_chi2beta25,"hypothesistest,distribution,raw",0.00807386548497831,0.0235951758569625
1019,HT_DistributionTest_chi2beta50,"hypothesistest,distribution,raw",0.00326424544658351,0.0110605251471813
1020,HT_DistributionTest_chi2beta100,"hypothesistest,distribution,raw",0.00145211511395158,0.00560356630053433
1047,HT_DistributionTest_ks_ev,"hypothesistest,distribution,ks,raw",0.00953075456133553,0.0269886403031614
1049,HT_DistributionTest_ks_beta,"hypothesistest,distribution,ks,raw",0.00197040771953243,0.00718245394539241
1058,NL_TSTL_TakensEstimator_n1_005_005_1_8,"nonlinear,tstool,scaling,dimension",9.3125620761273e-06,9.39038660339239e-05
1059,NL_TSTL_TakensEstimator_n1_005_005_1_3,"nonlinear,tstool,scaling,dimension",3.19894145993939e-06,4.60065944511282e-05
1063,NL_TSTL_TakensEstimator_n1_01_005_1_10,"nonlinear,tstool,scaling,dimension",2.0836178159175e-06,3.52965738543142e-05
1065,NL_DVV_3_100_2_50_10_default_max,delayVectorVariance,9.21562980967866e-07,2.7222435110001e-05
1066,NL_DVV_3_100_2_50_10_default_min,delayVectorVariance,2.8835208146233e-05,0.000217917034812137
1067,NL_DVV_3_100_2_50_10_default_mean,delayVectorVariance,7.60661190228156e-07,2.6730066917723e-05
1069,NL_DVV_3_100_2_50_10_default_stdDiff,delayVectorVariance,1.56018019057256e-05,0.00013611424971429
1070,NL_DVV_3_100_2_50_10_default_trendDiff,delayVectorVariance,0.000324636730799297,0.00156260235737674
1076,NL_DVV_3_100_2_50_10_default_trendSurr,delayVectorVariance,0.0160861401361776,0.0414167202999814
1080,DN_OutlierTest2_std,"spread,distribution,outliers",0.000942271767787704,0.00388421118406524
1082,DN_OutlierTest5_std,"spread,distribution,outliers",0.000474463308048828,0.00214866685114479
1084,DN_OutlierTest10_std,"spread,distribution,outliers",0.000474463308048828,0.00214866685114479
1089,DK_crinkle_statistic,misc,9.32965976131512e-05,0.000548454565159392
1099,EN_MS_LZcomplexity_2,"entropy,mex",5.82159585412248e-05,0.000381269005386366
1100,EN_MS_LZcomplexity_3,"entropy,mex",4.00045227898351e-05,0.000284223750240355
1101,EN_MS_LZcomplexity_4,"entropy,mex",2.44316942629559e-05,0.000192186996086169
1102,EN_MS_LZcomplexity_5,"entropy,mex",3.58899897678485e-05,0.000259919468115273
1103,EN_MS_LZcomplexity_6,"entropy,mex",2.8835208146233e-05,0.000217917034812137
1104,EN_MS_LZcomplexity_7,"entropy,mex",1.04550591732956e-05,0.000102098170445393
1105,EN_MS_LZcomplexity_8,"entropy,mex",8.28993397906581e-06,8.84798200854116e-05
1106,EN_MS_LZcomplexity_9,"entropy,mex",1.24229200737778e-05,0.000115909263440661
1107,EN_MS_LZcomplexity_10,"entropy,mex",7.3751706263707e-06,8.17816817587741e-05
1120,MD_polvar_1_3,"medical,symbolic",1.72998018997263e-06,3.19889064218575e-05
1121,MD_polvar_05_3,"medical,symbolic",1.62549066485909e-06,3.0691688576824e-05
1122,MD_polvar_01_3,"medical,symbolic",3.83548211191478e-06,5.14214635682134e-05
1123,MD_polvar_1_5,"medical,symbolic",1.13958017675417e-06,2.85657439377215e-05
1124,MD_polvar_05_5,"medical,symbolic",1.21665751786641e-06,2.89575076772426e-05
1125,MD_polvar_01_5,"medical,symbolic",1.18773136379583e-06,2.86625748436016e-05
1126,MD_polvar_1_4,"medical,symbolic",1.72998018997263e-06,3.19889064218575e-05
1127,MD_polvar_05_4,"medical,symbolic",1.1149831476865e-06,2.80479329624742e-05
1128,MD_polvar_01_4,"medical,symbolic",4.24272170812157e-07,2.6730066917723e-05
1129,MD_polvar_1_6,"medical,symbolic",1.95865484438265e-06,3.40920876214183e-05
1130,MD_polvar_05_6,"medical,symbolic",1.52708182821975e-06,2.96220586787368e-05
1131,MD_polvar_01_6,"medical,symbolic",1.62549066485909e-06,3.0691688576824e-05
1136,CO_tc3_1_denom,"correlation,nonlinear",4.83557438253742e-07,2.6730066917723e-05
1141,CO_tc3_2_denom,"correlation,nonlinear",4.83557438253742e-07,2.6730066917723e-05
1146,CO_tc3_3_denom,"correlation,nonlinear",2.21621930828942e-06,3.67768420879077e-05
1160,CO_trev_1_absnum,"correlation,nonlinear",0.00519689746784096,0.0164065246445941
1161,CO_trev_1_denom,"correlation,nonlinear",5.50793468636543e-07,2.6730066917723e-05
1164,CO_trev_2_num,"correlation,nonlinear",0.0117525566357291,0.0320438340443338
1165,CO_trev_2_absnum,"correlation,nonlinear",0.000901068977688017,0.00374472273914827
1166,CO_trev_2_denom,"correlation,nonlinear",4.5298014109361e-07,2.6730066917723e-05
1169,CO_trev_3_num,"correlation,nonlinear",0.0113416610170194,0.0311501870293831
1170,CO_trev_3_absnum,"correlation,nonlinear",5.82159585412248e-05,0.000381269005386366
1171,CO_trev_3_denom,"correlation,nonlinear",1.62549066485909e-06,3.0691688576824e-05
1172,CO_trev_ac_raw,"correlation,nonlinear",0.00653714319617325,0.0197697206514687
1174,CO_trev_ac_num,"correlation,nonlinear",0.00759569887611432,0.0223537744105241
1183,CO_AddNoise_1_quantiles_10_meanch,"correlation,AMI,entropy",1.1149831476865e-06,2.80479329624742e-05
1184,CO_AddNoise_1_quantiles_10_ac1,"correlation,AMI,entropy",1.34716678791654e-06,2.92595858362005e-05
1185,CO_AddNoise_1_quantiles_10_ac2,"correlation,AMI,entropy",1.72998018997263e-06,3.19889064218575e-05
1186,CO_AddNoise_1_quantiles_10_firstUnder75,"correlation,AMI,entropy",0.000264082214851167,0.00130919309716257
1187,CO_AddNoise_1_quantiles_10_firstUnder50,"correlation,AMI,entropy",0.000157721900899077,0.000841695811469662
1188,CO_AddNoise_1_quantiles_10_firstUnder25,"correlation,AMI,entropy",7.66728283593908e-05,0.000471766521253676
1189,CO_AddNoise_1_quantiles_10_ami_at_5,"correlation,AMI,entropy",1.65101028457949e-05,0.000142294699950622
1190,CO_AddNoise_1_quantiles_10_ami_at_10,"correlation,AMI,entropy",0.000171721588064445,0.000904205610525726
1191,CO_AddNoise_1_quantiles_10_ami_at_15,"correlation,AMI,entropy",0.00298168202047877,0.0101952902515794
1193,CO_AddNoise_1_quantiles_10_fitexpa,"correlation,AMI,entropy",1.26503510150617e-06,2.89575076772426e-05
1194,CO_AddNoise_1_quantiles_10_fitexpb,"correlation,AMI,entropy",5.17450467954947e-06,6.35125841615736e-05
1195,CO_AddNoise_1_quantiles_10_fitexpr2,"correlation,AMI,entropy",5.16120692670543e-07,2.6730066917723e-05
1196,CO_AddNoise_1_quantiles_10_fitexprmse,"correlation,AMI,entropy",0.00122842305321242,0.00486111379422968
1197,CO_AddNoise_1_quantiles_10_fitlina,"correlation,AMI,entropy",1.52708182821975e-06,2.96220586787368e-05
1198,CO_AddNoise_1_quantiles_10_fitlinb,"correlation,AMI,entropy",2.21621930828942e-06,3.67768420879077e-05
1199,CO_AddNoise_1_quantiles_10_linfit_mse,"correlation,AMI,entropy",1.43441430774462e-06,2.92595858362005e-05
1205,CO_AddNoise_ac_quantiles_10_firstUnder75,"correlation,AMI,entropy",0.00242449664094771,0.0086047341652996
1221,CO_AddNoise_1_even_10_meanch,"correlation,AMI,entropy",9.86802931933148e-06,9.70310783485094e-05
1222,CO_AddNoise_1_even_10_ac1,"correlation,AMI,entropy",0.000545691962300163,0.00242495697853612
1223,CO_AddNoise_1_even_10_ac2,"correlation,AMI,entropy",0.000140455025433301,0.000763865031367202
1224,CO_AddNoise_1_even_10_firstUnder75,"correlation,AMI,entropy",0.0001220703125,0.000686971189476285
1225,CO_AddNoise_1_even_10_firstUnder50,"correlation,AMI,entropy",0.00332027082326299,0.0112450085589007
1226,CO_AddNoise_1_even_10_firstUnder25,"correlation,AMI,entropy",0.00171469626916942,0.00642131653877805
1227,CO_AddNoise_1_even_10_ami_at_5,"correlation,AMI,entropy",2.44316942629559e-05,0.000192186996086169
1228,CO_AddNoise_1_even_10_ami_at_10,"correlation,AMI,entropy",8.7870425947142e-06,9.10552492456629e-05
1229,CO_AddNoise_1_even_10_ami_at_15,"correlation,AMI,entropy",3.21794070598959e-05,0.000238134302348647
1230,CO_AddNoise_1_even_10_ami_at_20,"correlation,AMI,entropy",0.00982277183238884,0.0276287288323889
1231,CO_AddNoise_1_even_10_fitexpa,"correlation,AMI,entropy",1.17306779714729e-05,0.000112245559783488
1232,CO_AddNoise_1_even_10_fitexpb,"correlation,AMI,entropy",0.000155349545893666,0.000830904145166796
1233,CO_AddNoise_1_even_10_fitexpr2,"correlation,AMI,entropy",0.00427548416137376,0.0138225121456947
1235,CO_AddNoise_1_even_10_fitlina,"correlation,AMI,entropy",1.10753480969413e-05,0.000106981551020523
1236,CO_AddNoise_1_even_10_fitlinb,"correlation,AMI,entropy",1.04550591732956e-05,0.000102098170445393
1237,CO_AddNoise_1_even_10_linfit_mse,"correlation,AMI,entropy",1.47412616174406e-05,0.000130851672636608
1240,CO_AddNoise_ac_even_10_meanch,"correlation,AMI,entropy",0.00519689746784096,0.0164065246445941
1250,CO_AddNoise_ac_even_10_fitexpa,"correlation,AMI,entropy",0.0145066650137748,0.0381221661989897
1253,CO_AddNoise_ac_even_10_fitexprmse,"correlation,AMI,entropy",0.00011460879331106,0.000650637958198911
1255,CO_AddNoise_ac_even_10_fitlinb,"correlation,AMI,entropy",0.0135312008308029,0.0360376426167174
1256,CO_AddNoise_ac_even_10_linfit_mse,"correlation,AMI,entropy",0.00134038555683954,0.00522002449624763
1259,CO_AddNoise_1_std1_10_meanch,"correlation,AMI,entropy",6.68816911061285e-07,2.6730066917723e-05
1260,CO_AddNoise_1_std1_10_ac1,"correlation,AMI,entropy",9.21562980967866e-07,2.7222435110001e-05
1261,CO_AddNoise_1_std1_10_ac2,"correlation,AMI,entropy",7.60661190228156e-07,2.6730066917723e-05
1262,CO_AddNoise_1_std1_10_firstUnder75,"correlation,AMI,entropy",0.000108873773109245,0.00062362660660849
1263,CO_AddNoise_1_std1_10_firstUnder50,"correlation,AMI,entropy",0.000220762492918276,0.00112097588237176
1264,CO_AddNoise_1_std1_10_firstUnder25,"correlation,AMI,entropy",1.14645445974556e-05,0.000110590911909602
1265,CO_AddNoise_1_std1_10_ami_at_5,"correlation,AMI,entropy",8.85862417242377e-05,0.000530399877909881
1266,CO_AddNoise_1_std1_10_ami_at_10,"correlation,AMI,entropy",0.0130655617316131,0.0350202311624074
1269,CO_AddNoise_1_std1_10_fitexpa,"correlation,AMI,entropy",9.82136182665932e-07,2.76356817565169e-05
1270,CO_AddNoise_1_std1_10_fitexpb,"correlation,AMI,entropy",7.60661190228156e-07,2.6730066917723e-05
1271,CO_AddNoise_1_std1_10_fitexpr2,"correlation,AMI,entropy",2.06727974704263e-05,0.000170347535742752
1272,CO_AddNoise_1_std1_10_fitexprmse,"correlation,AMI,entropy",7.57669573527021e-05,0.000466595994285369
1273,CO_AddNoise_1_std1_10_fitlina,"correlation,AMI,entropy",1.43441430774462e-06,2.92595858362005e-05
1274,CO_AddNoise_1_std1_10_fitlinb,"correlation,AMI,entropy",2.50614204546602e-06,3.90398801349509e-05
1275,CO_AddNoise_1_std1_10_linfit_mse,"correlation,AMI,entropy",1.1149831476865e-06,2.80479329624742e-05
1278,CO_AddNoise_ac_std1_10_meanch,"correlation,AMI,entropy",0.0117525566357291,0.0320438340443338
1297,CO_AddNoise_1_gaussian_ac1,"correlation,AMI,entropy",4.5298014109361e-07,2.6730066917723e-05
1298,CO_AddNoise_1_gaussian_ac2,"correlation,AMI,entropy",5.50793468636543e-07,2.6730066917723e-05
1299,CO_AddNoise_1_gaussian_firstUnder75,"correlation,AMI,entropy",0.00106037223286738,0.00431113074002451
1300,CO_AddNoise_1_gaussian_firstUnder50,"correlation,AMI,entropy",0.000103865274947962,0.000599689288203194
1301,CO_AddNoise_1_gaussian_firstUnder25,"correlation,AMI,entropy",9.15164012813985e-06,9.39038660339239e-05
1302,CO_AddNoise_1_gaussian_ami_at_5,"correlation,AMI,entropy",1.04653269791364e-06,2.76961571615137e-05
1303,CO_AddNoise_1_gaussian_ami_at_10,"correlation,AMI,entropy",1.39260980630824e-05,0.000125176631453388
1304,CO_AddNoise_1_gaussian_ami_at_15,"correlation,AMI,entropy",0.000340582796086869,0.00162616292779505
1305,CO_AddNoise_1_gaussian_ami_at_20,"correlation,AMI,entropy",0.00310530796992304,0.0105571573246811
1306,CO_AddNoise_1_gaussian_fitexpa,"correlation,AMI,entropy",6.68816911061285e-07,2.6730066917723e-05
1307,CO_AddNoise_1_gaussian_fitexpb,"correlation,AMI,entropy",8.11026050600951e-07,2.6730066917723e-05
1308,CO_AddNoise_1_gaussian_fitexpr2,"correlation,AMI,entropy",1.18773136379583e-06,2.86625748436016e-05
1309,CO_AddNoise_1_gaussian_fitexprmse,"correlation,AMI,entropy",8.41011855946992e-05,0.000508679983218915
1310,CO_AddNoise_1_gaussian_fitlina,"correlation,AMI,entropy",7.13316180766304e-07,2.6730066917723e-05
1311,CO_AddNoise_1_gaussian_fitlinb,"correlation,AMI,entropy",5.50793468636543e-07,2.6730066917723e-05
1312,CO_AddNoise_1_gaussian_linfit_mse,"correlation,AMI,entropy",1.18773136379583e-06,2.86625748436016e-05
1334,CO_AddNoise_1_kraskov1_4_meanch,"correlation,AMI,entropy",4.5298014109361e-07,2.6730066917723e-05
1335,CO_AddNoise_1_kraskov1_4_ac1,"correlation,AMI,entropy",9.82136182665932e-07,2.76356817565169e-05
1336,CO_AddNoise_1_kraskov1_4_ac2,"correlation,AMI,entropy",4.24272170812157e-07,2.6730066917723e-05
1337,CO_AddNoise_1_kraskov1_4_firstUnder75,"correlation,AMI,entropy",4.213581248108e-05,0.000297042207225989
1338,CO_AddNoise_1_kraskov1_4_firstUnder50,"correlation,AMI,entropy",1.30292959900584e-05,0.000120986570005817
1339,CO_AddNoise_1_kraskov1_4_firstUnder25,"correlation,AMI,entropy",9.03381959953402e-06,9.34763978620387e-05
1340,CO_AddNoise_1_kraskov1_4_ami_at_5,"correlation,AMI,entropy",6.95480101290475e-06,7.80934202064179e-05
1341,CO_AddNoise_1_kraskov1_4_ami_at_10,"correlation,AMI,entropy",0.00364794442843455,0.0121809176294679
1344,CO_AddNoise_1_kraskov1_4_fitexpa,"correlation,AMI,entropy",5.16120692670543e-07,2.6730066917723e-05
1345,CO_AddNoise_1_kraskov1_4_fitexpb,"correlation,AMI,entropy",6.68816911061285e-07,2.6730066917723e-05
1346,CO_AddNoise_1_kraskov1_4_fitexpr2,"correlation,AMI,entropy",0.000254864490291098,0.00126437652012706
1348,CO_AddNoise_1_kraskov1_4_fitlina,"correlation,AMI,entropy",5.50793468636543e-07,2.6730066917723e-05
1349,CO_AddNoise_1_kraskov1_4_fitlinb,"correlation,AMI,entropy",5.50793468636543e-07,2.6730066917723e-05
1350,CO_AddNoise_1_kraskov1_4_linfit_mse,"correlation,AMI,entropy",5.87706654304219e-07,2.6730066917723e-05
1353,CO_AddNoise_ac_kraskov1_4_meanch,"correlation,AMI,entropy",0.00462463008225427,0.0147900905460774
1363,CO_AddNoise_ac_kraskov1_4_fitexpa,"correlation,AMI,entropy",0.00519689746784096,0.0164065246445941
1368,CO_AddNoise_ac_kraskov1_4_fitlinb,"correlation,AMI,entropy",0.0172213319317616,0.0440052627502553
1371,SB_TransitionMatrix_21_ondiag,"symbolic,transitionmat",1.43441430774462e-06,2.92595858362005e-05
1375,SB_TransitionMatrix_21_stdeig,"symbolic,transitionmat",1.43441430774462e-06,2.92595858362005e-05
1377,SB_TransitionMatrix_21_mineig,"symbolic,transitionmat",1.43441430774462e-06,2.92595858362005e-05
1378,SB_TransitionMatrix_21_sumdiagcov,"symbolic,transitionmat",1.43441430774462e-06,2.92595858362005e-05
1379,SB_TransitionMatrix_31_ondiag,"symbolic,transitionmat",1.72998018997263e-06,3.19889064218575e-05
1380,SB_TransitionMatrix_31_stddiag,"symbolic,transitionmat",5.17450467954947e-06,6.35125841615736e-05
1383,SB_TransitionMatrix_31_sumdiagcov,"symbolic,transitionmat",1.84090878581554e-06,3.32625117924386e-05
1384,SB_TransitionMatrix_31_stdeig,"symbolic,transitionmat",2.21621930828942e-06,3.67768420879077e-05
1386,SB_TransitionMatrix_31_mineig,"symbolic,transitionmat",2.0836178159175e-06,3.52965738543142e-05
1388,SB_TransitionMatrix_41_TD1,"symbolic,transitionmat",3.4829427824527e-07,2.6730066917723e-05
1389,SB_TransitionMatrix_41_TD2,"symbolic,transitionmat",1.04653269791364e-06,2.76961571615137e-05
1390,SB_TransitionMatrix_41_TD3,"symbolic,transitionmat",8.75682397638503e-07,2.7222435110001e-05
1391,SB_TransitionMatrix_41_TD4,"symbolic,transitionmat",1.6296471810703e-06,3.0691688576824e-05
1392,SB_TransitionMatrix_41_ondiag,"symbolic,transitionmat",8.11026050600951e-07,2.6730066917723e-05
1393,SB_TransitionMatrix_41_stddiag,"symbolic,transitionmat",8.7870425947142e-06,9.10552492456629e-05
1394,SB_TransitionMatrix_41_symdiff,"symbolic,transitionmat",0.00637709068935037,0.0194342930725536
1396,SB_TransitionMatrix_41_sumdiagcov,"symbolic,transitionmat",8.64595004250958e-07,2.71147657941082e-05
1397,SB_TransitionMatrix_41_stdeig,"symbolic,transitionmat",9.21562980967866e-07,2.7222435110001e-05
1399,SB_TransitionMatrix_41_mineig,"symbolic,transitionmat",8.11026050600951e-07,2.6730066917723e-05
1401,SB_TransitionMatrix_41_maxeigcov,"symbolic,transitionmat",1.34716678791654e-06,2.92595858362005e-05
1403,SB_TransitionMatrix_41_stdeigcov,"symbolic,transitionmat",2.0836178159175e-06,3.52965738543142e-05
1404,SB_TransitionMatrix_51_TD1,"symbolic,transitionmat",1.03591204136718e-07,2.6730066917723e-05
1405,SB_TransitionMatrix_51_TD2,"symbolic,transitionmat",8.64595004250958e-07,2.71147657941082e-05
1406,SB_TransitionMatrix_51_TD3,"symbolic,transitionmat",1.52708182821975e-06,2.96220586787368e-05
1407,SB_TransitionMatrix_51_TD4,"symbolic,transitionmat",8.28993397906581e-06,8.84798200854116e-05
1408,SB_TransitionMatrix_51_TD5,"symbolic,transitionmat",9.86802931933148e-06,9.70310783485094e-05
1409,SB_TransitionMatrix_51_ondiag,"symbolic,transitionmat",1.26503510150617e-06,2.89575076772426e-05
1410,SB_TransitionMatrix_51_stddiag,"symbolic,transitionmat",9.32965976131512e-05,0.000548454565159392
1411,SB_TransitionMatrix_51_symdiff,"symbolic,transitionmat",0.000718883798197102,0.00308892549748363
1413,SB_TransitionMatrix_51_sumdiagcov,"symbolic,transitionmat",1.52708182821975e-06,2.96220586787368e-05
1414,SB_TransitionMatrix_51_stdeig,"symbolic,transitionmat",3.19894145993939e-06,4.60065944511282e-05
1416,SB_TransitionMatrix_51_mineig,"symbolic,transitionmat",3.0102618480377e-06,4.46459460337092e-05
1418,SB_TransitionMatrix_51_maxeigcov,"symbolic,transitionmat",1.34716678791654e-06,2.92595858362005e-05
1420,SB_TransitionMatrix_51_stdeigcov,"symbolic,transitionmat",9.21562980967866e-07,2.7222435110001e-05
1458,SB_TransitionMatrix_4ac_symdiff,"symbolic,transitionmat",0.00653714319617325,0.0197697206514687
1464,SB_TransitionMatrix_4ac_maximeig,"symbolic,transitionmat",0.00997963069888061,0.0280366972949215
1485,SB_TransitionpAlphabet_40_1_meandiagfexp_a,"symbolic,transitionmat",1.72998018997263e-06,3.19889064218575e-05
1486,SB_TransitionpAlphabet_40_1_meandiagfexp_b,"symbolic,transitionmat",7.13316180766304e-07,2.6730066917723e-05
1487,SB_TransitionpAlphabet_40_1_meandiagfexp_r2,"symbolic,transitionmat",6.26998872165287e-07,2.6730066917723e-05
1488,SB_TransitionpAlphabet_40_1_meandiagfexp_rmse,"symbolic,transitionmat",3.2602341299532e-07,2.6730066917723e-05
1489,SB_TransitionpAlphabet_40_1_maxdiagfexp_a,"symbolic,transitionmat",0.000324636730799297,0.00156260235737674
1490,SB_TransitionpAlphabet_40_1_maxdiagfexp_b,"symbolic,transitionmat",1.1149831476865e-06,2.80479329624742e-05
1491,SB_TransitionpAlphabet_40_1_maxdiagfexp_r2,"symbolic,transitionmat",1.43441430774462e-06,2.92595858362005e-05
1492,SB_TransitionpAlphabet_40_1_maxdiagfexp_rmse,"symbolic,transitionmat",1.78653201486373e-07,2.6730066917723e-05
1493,SB_TransitionpAlphabet_40_1_trfexp_a,"symbolic,transitionmat",2.8835208146233e-05,0.000217917034812137
1494,SB_TransitionpAlphabet_40_1_trfexp_b,"symbolic,transitionmat",3.72030155408931e-07,2.6730066917723e-05
1495,SB_TransitionpAlphabet_40_1_trfexp_r2,"symbolic,transitionmat",2.06727974704263e-05,0.000170347535742752
1496,SB_TransitionpAlphabet_40_1_trfexp_rmse,"symbolic,transitionmat",9.82427974942328e-05,0.000571397447190722
1498,SB_TransitionpAlphabet_40_1_trflin10adjr2,"symbolic,transitionmat",5.50793468636543e-07,2.6730066917723e-05
1499,SB_TransitionpAlphabet_40_1_symd_a,"symbolic,transitionmat",7.3751706263707e-06,8.17816817587741e-05
1501,SB_TransitionpAlphabet_40_1_trcov_jump,"symbolic,transitionmat",2.35690423947498e-06,3.75364681897593e-05
1502,SB_TransitionpAlphabet_40_1_trcovfexp_a,"symbolic,transitionmat",0.000126913156158702,0.000705855280229532
1503,SB_TransitionpAlphabet_40_1_trcovfexp_b,"symbolic,transitionmat",1.10753480969413e-05,0.000106981551020523
1504,SB_TransitionpAlphabet_40_1_trcovfexp_r2,"symbolic,transitionmat",0.00188893854939985,0.00695672712528585
1505,SB_TransitionpAlphabet_40_1_trcovfexp_rmse,"symbolic,transitionmat",1.43441430774462e-06,2.92595858362005e-05
1506,SB_TransitionpAlphabet_40_1_stdeigfexp_a,"symbolic,transitionmat",9.21562980967866e-07,2.7222435110001e-05
1507,SB_TransitionpAlphabet_40_1_stdeigfexp_b,"symbolic,transitionmat",1.1149831476865e-06,2.80479329624742e-05
1508,SB_TransitionpAlphabet_40_1_stdeigfexp_r2,"symbolic,transitionmat",3.58899897678485e-05,0.000259919468115273
1509,SB_TransitionpAlphabet_40_1_stdeigfexp_rmse,"symbolic,transitionmat",5.17450467954947e-06,6.35125841615736e-05
1512,SB_TransitionpAlphabet_40_1_maxeig_fexpr2,"symbolic,transitionmat",0.00128327762626588,0.00503341786302305
1513,SB_TransitionpAlphabet_40_1_maxeig_fexprmse,"symbolic,transitionmat",0.00078726537066868,0.00333405245317688
1514,SB_TransitionpAlphabet_40_1_mineigfexp_a,"symbolic,transitionmat",1.26503510150617e-06,2.89575076772426e-05
1515,SB_TransitionpAlphabet_40_1_mineigfexp_b,"symbolic,transitionmat",1.04653269791364e-06,2.76961571615137e-05
1516,SB_TransitionpAlphabet_40_1_mineigfexp_r2,"symbolic,transitionmat",6.47159490551713e-05,0.000415056613805193
1521,SB_TransitionpAlphabet_20_ac_meandiagfexp_rmse,"symbolic,transitionmat",0.0140114417696054,0.0371498897422051
1522,SB_TransitionpAlphabet_20_ac_maxdiagfexp_a,"symbolic,transitionmat",0.00947257968258233,0.0268452606529871
1523,SB_TransitionpAlphabet_20_ac_maxdiagfexp_b,"symbolic,transitionmat",0.00082362694217216,0.00346536654924563
1524,SB_TransitionpAlphabet_20_ac_maxdiagfexp_r2,"symbolic,transitionmat",0.00427548416137376,0.0138225121456947
1525,SB_TransitionpAlphabet_20_ac_maxdiagfexp_rmse,"symbolic,transitionmat",0.00561318037248673,0.0175110565607945
1527,SB_TransitionpAlphabet_20_ac_trfexp_b,"symbolic,transitionmat",0.0126141510785048,0.0339894555366674
1532,SB_TransitionpAlphabet_20_ac_symd_a,"symbolic,transitionmat",0.00480871169077813,0.0153168762982772
1538,SB_TransitionpAlphabet_20_ac_trcovfexp_rmse,"symbolic,transitionmat",0.00982277183238884,0.0276287288323889
1543,SB_TransitionpAlphabet_20_ac_maxeig_fexpa,"symbolic,transitionmat",0.00583240319190966,0.0180604081440648
1544,SB_TransitionpAlphabet_20_ac_maxeig_fexpb,"symbolic,transitionmat",0.00629414882979977,0.0191979629474484
1545,SB_TransitionpAlphabet_20_ac_maxeig_fexpr2,"symbolic,transitionmat",0.00605931502191424,0.0185772022571092
1546,SB_TransitionpAlphabet_20_ac_maxeig_fexprmse,"symbolic,transitionmat",0.00678854239663417,0.0204431613035696
1562,CO_AutoCorrShape_posDrown_Nac,correlation,0.000888283367238788,0.00371544611714038
1567,CO_AutoCorrShape_posDrown_sumacf,correlation,0.000103435837958387,0.000597694586384543
1570,CO_AutoCorrShape_posDrown_decayTimescale,correlation,0.000147725636058422,0.00079490461307627
1573,CO_Embed2_Basic_1_updiag01,correlation,7.60472522071626e-07,2.6730066917723e-05
1574,CO_Embed2_Basic_1_updiag05,correlation,9.21562980967866e-07,2.7222435110001e-05
1577,CO_Embed2_Basic_1_ratdiag01,correlation,2.8835208146233e-05,0.000217917034812137
1578,CO_Embed2_Basic_1_ratdiag05,correlation,0.000340582796086869,0.00162616292779505
1579,CO_Embed2_Basic_1_parabup01,correlation,5.17450467954947e-06,6.35125841615736e-05
1580,CO_Embed2_Basic_1_parabup05,correlation,4.5298014109361e-07,2.6730066917723e-05
1581,CO_Embed2_Basic_1_parabdown01,correlation,5.17450467954947e-06,6.35125841615736e-05
1582,CO_Embed2_Basic_1_parabdown05,correlation,2.21621930828942e-06,3.67768420879077e-05
1583,CO_Embed2_Basic_1_parabup01_1,correlation,2.08735181804555e-06,3.52965738543142e-05
1584,CO_Embed2_Basic_1_parabup05_1,correlation,2.66442794601493e-06,4.07915323606028e-05
1585,CO_Embed2_Basic_1_parabdown01_1,correlation,0.000155326474488025,0.000830904145166796
1586,CO_Embed2_Basic_1_parabdown05_1,correlation,8.28993397906581e-06,8.84798200854116e-05
1587,CO_Embed2_Basic_1_parabup01_n1,correlation,0.00181825847272949,0.00672425042460325
1588,CO_Embed2_Basic_1_parabup05_n1,correlation,2.76470553686111e-05,0.000211861557770875
1589,CO_Embed2_Basic_1_parabdown01_n1,correlation,2.0836178159175e-06,3.52965738543142e-05
1590,CO_Embed2_Basic_1_parabdown05_n1,correlation,5.16120692670543e-07,2.6730066917723e-05
1591,CO_Embed2_Basic_1_ring1_01,correlation,0.0166431161663178,0.0426556745146631
1592,CO_Embed2_Basic_1_ring1_02,correlation,0.00353686086757789,0.0118712458822664
1593,CO_Embed2_Basic_1_ring1_05,correlation,0.00018970647056619,0.000990117568886149
1594,CO_Embed2_Basic_1_incircle_01,correlation,3.39136068228262e-06,4.81054092706955e-05
1595,CO_Embed2_Basic_1_incircle_02,correlation,1.298737499443e-06,2.92595858362005e-05
1596,CO_Embed2_Basic_1_incircle_05,correlation,1.52708182821975e-06,2.96220586787368e-05
1597,CO_Embed2_Basic_1_incircle_1,correlation,3.58899897678485e-05,0.000259919468115273
1598,CO_Embed2_Basic_1_incircle_2,correlation,0.000254864490291098,0.00126437652012706
1599,CO_Embed2_Basic_1_incircle_3,correlation,0.00197040771953243,0.00718245394539241
1600,CO_Embed2_Basic_1_medianincircle,correlation,3.61088889258424e-06,4.95297071797827e-05
1601,CO_Embed2_Basic_1_stdincircle,correlation,0.000231112917058414,0.00116275113536315
1605,CO_Embed2_Basic_tau_downdiag05,correlation,0.00605931502191424,0.0185772022571092
1608,CO_Embed2_Basic_tau_parabup01,correlation,0.00139983011578967,0.00541891821332607
1609,CO_Embed2_Basic_tau_parabup05,correlation,0.00214310157010038,0.00774060886734887
1610,CO_Embed2_Basic_tau_parabdown01,correlation,0.000199349058622623,0.00103212068969778
1611,CO_Embed2_Basic_tau_parabdown05,correlation,0.00128327762626588,0.00503341786302305
1619,CO_Embed2_Basic_tau_parabdown05_n1,correlation,0.00589345320851878,0.0182342410140301
1623,CO_Embed2_Basic_tau_incircle_01,correlation,0.00323359045900606,0.0109618716560305
1624,CO_Embed2_Basic_tau_incircle_02,correlation,0.0121766025070389,0.0330103706198057
1625,CO_Embed2_Basic_tau_incircle_05,correlation,0.00411003277270197,0.0134094057327522
1626,CO_Embed2_Basic_tau_incircle_1,correlation,0.000545691962300163,0.00242495697853612
1627,CO_Embed2_Basic_tau_incircle_2,correlation,0.00011460879331106,0.000650637958198911
1628,CO_Embed2_Basic_tau_incircle_3,correlation,0.0117525566357291,0.0320438340443338
1629,CO_Embed2_Basic_tau_medianincircle,correlation,0.00159305660196512,0.0060292237902125
1631,PD_PeriodicityWang_th0,"periodicity,spline",0.000112180922107439,0.000640943807771154
1632,PD_PeriodicityWang_th0.01,"periodicity,spline",0.000424563012223912,0.00197417641020381
1633,PD_PeriodicityWang_th0.1,"periodicity,spline",0.00213173180035583,0.00773092138906426
1635,PD_PeriodicityWang_th1_sqrtN,"periodicity,spline",0.000424563012223912,0.00197417641020381
1636,PD_PeriodicityWang_th5_sqrtN,"periodicity,spline",0.0100225856642412,0.0281462671967389
1637,PD_PeriodicityWang_th10_sqrtN,"periodicity,spline",0.000326338455028868,0.00156867215486192
1640,PH_ForcePotential_dblwell_1_02_01_range,dynamicalSystem,5.17450467954947e-06,6.35125841615736e-05
1642,PH_ForcePotential_dblwell_1_02_01_pcross,dynamicalSystem,0.00122421092271956,0.00486111379422968
1643,PH_ForcePotential_dblwell_1_02_01_pcrossup,dynamicalSystem,0.00419655428256613,0.0136791529018261
1644,PH_ForcePotential_dblwell_1_02_01_pcrossdown,dynamicalSystem,0.00102984522979498,0.00418988695436
1645,PH_ForcePotential_dblwell_1_02_01_ac1,dynamicalSystem,7.57669573527021e-05,0.000466595994285369
1646,PH_ForcePotential_dblwell_1_02_01_ac10,dynamicalSystem,0.000108887185280847,0.00062362660660849
1648,PH_ForcePotential_dblwell_1_02_01_tau,dynamicalSystem,0.00253079653773657,0.00889276433965776
1650,PH_ForcePotential_dblwell_1_02_01_std,dynamicalSystem,0.000147725636058422,0.00079490461307627
1653,PH_ForcePotential_dblwell_1_05_02_range,dynamicalSystem,4.22259746751932e-05,0.000297042207225989
1656,PH_ForcePotential_dblwell_1_05_02_pcrossup,dynamicalSystem,0.00985919189011555,0.0277092724302142
1659,PH_ForcePotential_dblwell_1_05_02_ac10,dynamicalSystem,0.00788327688124583,0.0230571274106775
1663,PH_ForcePotential_dblwell_1_05_02_std,dynamicalSystem,2.72896655970471e-05,0.000209348199768727
1676,PH_ForcePotential_dblwell_2_005_02_std,dynamicalSystem,0.00880542419332382,0.0252969389960744
1679,PH_ForcePotential_dblwell_3_001_01_range,dynamicalSystem,6.1384547346443e-05,0.000398719518758511
1681,PH_ForcePotential_dblwell_3_001_01_pcross,dynamicalSystem,0.0105579451035292,0.0293143569391672
1684,PH_ForcePotential_dblwell_3_001_01_ac1,dynamicalSystem,0.0126141510785048,0.0339894555366674
1714,PH_ForcePotential_sine_10_004_10_range,dynamicalSystem,0.00197040771953243,0.00718245394539241
1723,DN_RemovePoints_absclose_01_remove_fzcacrat,"correlation,outliers",0.0160861401361776,0.0414167202999814
1724,DN_RemovePoints_absclose_01_remove_ac1rat,"correlation,outliers",1.74686653178146e-05,0.000148223394991087
1725,DN_RemovePoints_absclose_01_remove_ac1diff,"correlation,outliers",2.31118018635252e-05,0.000186969224393677
1726,DN_RemovePoints_absclose_01_remove_ac2rat,"correlation,outliers",9.32965976131512e-05,0.000548454565159392
1727,DN_RemovePoints_absclose_01_remove_ac2diff,"correlation,outliers",0.000626782424265422,0.00273914308062955
1728,DN_RemovePoints_absclose_01_remove_ac3rat,"correlation,outliers",0.00078726537066868,0.00333405245317688
1737,DN_RemovePoints_absclose_05_remove_ac1rat,"correlation,outliers",5.52026967449372e-05,0.000365910612781386
1738,DN_RemovePoints_absclose_05_remove_ac1diff,"correlation,outliers",9.82427974942328e-05,0.000571397447190722
1739,DN_RemovePoints_absclose_05_remove_ac2rat,"correlation,outliers",0.00029481867962687,0.0014405038986024
1740,DN_RemovePoints_absclose_05_remove_ac2diff,"correlation,outliers",0.00263725978627337,0.00918974665613321
1741,DN_RemovePoints_absclose_05_remove_ac3rat,"correlation,outliers",0.00427548416137376,0.0138225121456947
1743,DN_RemovePoints_absclose_05_remove_sumabsacfdiff,"correlation,outliers",0.00159305660196512,0.0060292237902125
1746,DN_RemovePoints_absclose_05_remove_std,"correlation,outliers",0.00310530796992304,0.0105571573246811
1748,DN_RemovePoints_absclose_05_remove_kurtosisrat,"correlation,outliers,distribution",0.01842619348603,0.0466155193415237
1750,DN_RemovePoints_absclose_08_remove_ac1rat,"correlation,outliers",4.00045227898351e-05,0.000284223750240355
1751,DN_RemovePoints_absclose_08_remove_ac1diff,"correlation,outliers",5.82159585412248e-05,0.000381269005386366
1752,DN_RemovePoints_absclose_08_remove_ac2rat,"correlation,outliers",0.000220031677037124,0.00111806246168971
1753,DN_RemovePoints_absclose_08_remove_ac2diff,"correlation,outliers",0.00310530796992304,0.0105571573246811
1754,DN_RemovePoints_absclose_08_remove_ac3rat,"correlation,outliers",0.00480871169077813,0.0153168762982772
1756,DN_RemovePoints_absclose_08_remove_sumabsacfdiff,"correlation,outliers",0.00848785630958759,0.0244933316043592
1759,DN_RemovePoints_absclose_08_remove_std,"correlation,outliers",0.000357259343652894,0.00169216850796072
1761,DN_RemovePoints_absclose_08_remove_kurtosisrat,"correlation,outliers,distribution",0.00242827797978465,0.0086047341652996
1762,DN_RemovePoints_absfar_01_remove_fzcacrat,"correlation,outliers",0.00205509104458358,0.00746057784109664
1763,DN_RemovePoints_absfar_01_remove_ac1rat,"correlation,outliers",4.9613796147306e-05,0.00033670220664697
1764,DN_RemovePoints_absfar_01_remove_ac1diff,"correlation,outliers",0.000108887185280847,0.00062362660660849
1765,DN_RemovePoints_absfar_01_remove_ac2rat,"correlation,outliers",1.74686653178146e-05,0.000148223394991087
1766,DN_RemovePoints_absfar_01_remove_ac2diff,"correlation,outliers",0.00223455572247879,0.00800997089039603
1767,DN_RemovePoints_absfar_01_remove_ac3rat,"correlation,outliers",5.2337595654733e-05,0.000350873766647247
1769,DN_RemovePoints_absfar_01_remove_sumabsacfdiff,"correlation,outliers",0.00205509104458358,0.00746057784109664
1772,DN_RemovePoints_absfar_01_remove_std,"correlation,outliers",0.000520910653425132,0.00232791145118237
1774,DN_RemovePoints_absfar_01_remove_kurtosisrat,"correlation,outliers,distribution",0.00107658530464083,0.00433741413907078
1775,DN_RemovePoints_absfar_08_remove_fzcacrat,"correlation,outliers",0.00298168202047877,0.0101952902515794
1776,DN_RemovePoints_absfar_08_remove_ac1rat,"correlation,outliers",3.39866324809848e-05,0.000248409483195206
1777,DN_RemovePoints_absfar_08_remove_ac1diff,"correlation,outliers",0.0105579451035292,0.0293143569391672
1779,DN_RemovePoints_absfar_08_remove_ac2diff,"correlation,outliers",2.0836178159175e-06,3.52965738543142e-05
1781,DN_RemovePoints_absfar_08_remove_ac3diff,"correlation,outliers",2.35690423947498e-06,3.75364681897593e-05
1787,DN_RemovePoints_absfar_08_remove_kurtosisrat,"correlation,outliers,distribution",0.00049718147462051,0.00223167397088487
1792,DN_RemovePoints_absfar_01_saturate_ac2diff,"correlation,outliers",0.00678854239663417,0.0204431613035696
1793,DN_RemovePoints_absfar_01_saturate_ac3rat,"correlation,outliers",0.00444695290880556,0.014305403415177
1794,DN_RemovePoints_absfar_01_saturate_ac3diff,"correlation,outliers",0.000120613121939985,0.000679845459295924
1795,DN_RemovePoints_absfar_01_saturate_sumabsacfdiff,"correlation,outliers",0.000901068977688017,0.00374472273914827
1798,DN_RemovePoints_absfar_01_saturate_std,"correlation,outliers",0.00146169723557975,0.00560356630053433
1800,DN_RemovePoints_absfar_01_saturate_kurtosisrat,"correlation,outliers,distribution",0.00159305660196512,0.0060292237902125
1801,DN_RemovePoints_absfar_08_saturate_fzcacrat,"correlation,outliers",0.0105579451035292,0.0293143569391672
1802,DN_RemovePoints_absfar_08_saturate_ac1rat,"correlation,outliers",4.70247342896548e-05,0.000323136180895804
1803,DN_RemovePoints_absfar_08_saturate_ac1diff,"correlation,outliers",0.00018970647056619,0.000990117568886149
1804,DN_RemovePoints_absfar_08_saturate_ac2rat,"correlation,outliers",0.0155436158790251,0.040414536684726
1807,DN_RemovePoints_absfar_08_saturate_ac3diff,"correlation,outliers",1.52708182821975e-06,2.96220586787368e-05
1808,DN_RemovePoints_absfar_08_saturate_sumabsacfdiff,"correlation,outliers",0.00205509104458358,0.00746057784109664
1811,DN_RemovePoints_absfar_08_saturate_std,"correlation,outliers",0.0172213319317616,0.0440052627502553
1813,DN_RemovePoints_absfar_08_saturate_kurtosisrat,"correlation,outliers,distribution",0.000374697110145117,0.00176770624726514
1818,DN_RemovePoints_min_01_saturate_ac2diff,"correlation,outliers",0.00788327688124583,0.0230571274106775
1819,DN_RemovePoints_min_01_saturate_ac3rat,"correlation,outliers",0.000656213856332496,0.00285200637559893
1820,DN_RemovePoints_min_01_saturate_ac3diff,"correlation,outliers",0.000452716478387203,0.00206860629630199
1821,DN_RemovePoints_min_01_saturate_sumabsacfdiff,"correlation,outliers",0.00462463008225427,0.0147900905460774
1822,DN_RemovePoints_min_01_saturate_mean,"correlation,outliers",0.00759569887611432,0.0223537744105241
1823,DN_RemovePoints_min_01_saturate_std,"correlation,outliers",0.0145066650137748,0.0381221661989897
1827,DN_RemovePoints_min_05_saturate_ac1rat,"correlation,outliers",2.58231003683401e-05,0.000200692851006783
1828,DN_RemovePoints_min_05_saturate_ac1diff,"correlation,outliers",4.00045227898351e-05,0.000284223750240355
1829,DN_RemovePoints_min_05_saturate_ac2rat,"correlation,outliers",0.000267581120235988,0.00131827681312111
1830,DN_RemovePoints_min_05_saturate_ac2diff,"correlation,outliers",0.00427548416137376,0.0138225121456947
1833,DN_RemovePoints_min_05_saturate_sumabsacfdiff,"correlation,outliers",0.00253079653773657,0.00889276433965776
1834,DN_RemovePoints_min_05_saturate_mean,"correlation,outliers",0.0197042011871398,0.0491672654227999
1839,DN_RemovePoints_min_08_saturate_ac1rat,"correlation,outliers",2.8322842707188e-06,4.2538041610226e-05
1840,DN_RemovePoints_min_08_saturate_ac1diff,"correlation,outliers",3.61088889258424e-06,4.95297071797827e-05
1841,DN_RemovePoints_min_08_saturate_ac2rat,"correlation,outliers",8.7870425947142e-06,9.10552492456629e-05
1842,DN_RemovePoints_min_08_saturate_ac2diff,"correlation,outliers",6.82179820007579e-05,0.000432452194001242
1843,DN_RemovePoints_min_08_saturate_ac3rat,"correlation,outliers",0.00152607557784433,0.00581280472909244
1845,DN_RemovePoints_min_08_saturate_sumabsacfdiff,"correlation,outliers",0.00232957338585228,0.00831706766995103
1846,DN_RemovePoints_min_08_saturate_mean,"correlation,outliers",0.00223455572247879,0.00800997089039603
1847,DN_RemovePoints_min_08_saturate_std,"correlation,outliers",0.00166273463464593,0.00623656894839009
1858,DN_RemovePoints_max_01_saturate_mean,"correlation,outliers",0.000474463308048828,0.00214866685114479
1859,DN_RemovePoints_max_01_saturate_std,"correlation,outliers",0.000718970297700572,0.00308892549748363
1862,DN_RemovePoints_max_08_saturate_fzcacrat,"correlation,outliers",9.32965976131512e-05,0.000548454565159392
1863,DN_RemovePoints_max_08_saturate_ac1rat,"correlation,outliers",2.33762332210425e-07,2.6730066917723e-05
1864,DN_RemovePoints_max_08_saturate_ac1diff,"correlation,outliers",3.72030155408931e-07,2.6730066917723e-05
1865,DN_RemovePoints_max_08_saturate_ac2rat,"correlation,outliers",4.24272170812157e-07,2.6730066917723e-05
1866,DN_RemovePoints_max_08_saturate_ac2diff,"correlation,outliers",2.66442794601493e-06,4.07915323606028e-05
1867,DN_RemovePoints_max_08_saturate_ac3rat,"correlation,outliers",3.61088889258424e-06,4.95297071797827e-05
1868,DN_RemovePoints_max_08_saturate_ac3diff,"correlation,outliers",0.00583240319190966,0.0180604081440648
1869,DN_RemovePoints_max_08_saturate_sumabsacfdiff,"correlation,outliers",0.000103435837958387,0.000597694586384543
1870,DN_RemovePoints_max_08_saturate_mean,"correlation,outliers",0.00029481867962687,0.0014405038986024
1871,DN_RemovePoints_max_08_saturate_std,"correlation,outliers",0.0140114417696054,0.0371498897422051
1875,CO_TranslateShape_circle_15_pts_std,correlation,1.52708182821975e-06,2.96220586787368e-05
1876,CO_TranslateShape_circle_15_pts_mean,correlation,1.43441430774462e-06,2.92595858362005e-05
1877,CO_TranslateShape_circle_15_pts_npatmode,correlation,1.84090878581554e-06,3.32625117924386e-05
1879,CO_TranslateShape_circle_15_pts_ones,correlation,2.83038752998551e-06,4.2538041610226e-05
1880,CO_TranslateShape_circle_15_pts_twos,correlation,2.35690423947498e-06,3.75364681897593e-05
1881,CO_TranslateShape_circle_15_pts_threes,correlation,1.84090878581554e-06,3.32625117924386e-05
1889,CO_TranslateShape_circle_25_pts_std,correlation,8.64595004250958e-07,2.71147657941082e-05
1890,CO_TranslateShape_circle_25_pts_mean,correlation,5.87706654304219e-07,2.6730066917723e-05
1891,CO_TranslateShape_circle_25_pts_npatmode,correlation,5.13058147697558e-07,2.6730066917723e-05
1895,CO_TranslateShape_circle_25_pts_threes,correlation,2.50614204546602e-06,3.90398801349509e-05
1896,CO_TranslateShape_circle_25_pts_fours,correlation,5.50793468636543e-07,2.6730066917723e-05
1897,CO_TranslateShape_circle_25_pts_fives,correlation,5.13058147697558e-07,2.6730066917723e-05
1905,CO_TranslateShape_circle_35_pts_std,correlation,1.43441430774462e-06,2.92595858362005e-05
1906,CO_TranslateShape_circle_35_pts_mean,correlation,2.35690423947498e-06,3.75364681897593e-05
1907,CO_TranslateShape_circle_35_pts_npatmode,correlation,3.19894145993939e-06,4.60065944511282e-05
1908,CO_TranslateShape_circle_35_pts_mode,correlation,0.00142205005071905,0.00549895399840788
1912,CO_TranslateShape_circle_35_pts_fours,correlation,0.000379029756218303,0.00178577950663011
1913,CO_TranslateShape_circle_35_pts_fives,correlation,5.50793468636543e-07,2.6730066917723e-05
1914,CO_TranslateShape_circle_35_pts_sixes,correlation,6.18178925154075e-06,7.22629846990453e-05
1915,CO_TranslateShape_circle_35_pts_sevens,correlation,3.19894145993939e-06,4.60065944511282e-05
1923,CO_TranslateShape_rectangle_2_pts_std,correlation,1.10753480969413e-05,0.000106981551020523
1925,CO_TranslateShape_rectangle_2_pts_npatmode,correlation,1.84801124407888e-05,0.000155508180219829
1927,CO_TranslateShape_rectangle_2_pts_ones,correlation,1.74146137365895e-05,0.000148223394991087
1928,CO_TranslateShape_rectangle_2_pts_twos,correlation,4.45641297611193e-05,0.000310119295962276
1929,CO_TranslateShape_rectangle_2_pts_threes,correlation,4.87516924146122e-06,6.14412047036453e-05
1930,CO_TranslateShape_rectangle_2_pts_fours,correlation,0.00049718147462051,0.00223167397088487
1931,CO_TranslateShape_rectangle_2_pts_fives,correlation,9.3125620761273e-06,9.39038660339239e-05
1938,CO_StickAngles_y_std_p,correlation,3.61088889258424e-06,4.95297071797827e-05
1941,CO_StickAngles_y_std_n,correlation,2.85533069149158e-07,2.6730066917723e-05
1944,CO_StickAngles_y_std,correlation,5.50793468636543e-07,2.6730066917723e-05
1953,CO_StickAngles_y_statav2_p_s,"correlation,stationarity",0.01842619348603,0.0466155193415237
1976,CO_StickAngles_y_tau_p,correlation,1.18773136379583e-06,2.86625748436016e-05
1977,CO_StickAngles_y_ac1_p,correlation,4.00045227898351e-05,0.000284223750240355
1978,CO_StickAngles_y_ac2_p,correlation,9.21562980967866e-07,2.7222435110001e-05
1979,CO_StickAngles_y_tau_n,correlation,7.13316180766304e-07,2.6730066917723e-05
1980,CO_StickAngles_y_ac1_n,correlation,9.82427974942328e-05,0.000571397447190722
1981,CO_StickAngles_y_ac2_n,correlation,2.85533069149158e-07,2.6730066917723e-05
1982,CO_StickAngles_y_tau_all,correlation,5.50793468636543e-07,2.6730066917723e-05
1983,CO_StickAngles_y_ac1_all,correlation,6.47159490551713e-05,0.000415056613805193
1984,CO_StickAngles_y_ac2_all,correlation,2.85533069149158e-07,2.6730066917723e-05
1985,CO_StickAngles_y_q1_p,correlation,0.00880542419332382,0.0252969389960744
1989,CO_StickAngles_y_q1_n,correlation,0.00499939877018464,0.0158533273251423
1991,CO_StickAngles_y_q90_n,correlation,0.0190558322334121,0.0478850934238124
1993,CO_StickAngles_y_q1_all,correlation,0.000126913156158702,0.000705855280229532
1994,CO_StickAngles_y_q10_all,correlation,0.00704859648267514,0.0210482207886595
2000,CO_StickAngles_y_kurtosis_p,correlation,0.0166452400339562,0.0426556745146631
2001,CO_StickAngles_y_kurtosis_n,correlation,0.00759569887611432,0.0223537744105241
2002,CO_StickAngles_y_kurtosis_all,correlation,0.00561318037248673,0.0175110565607945
2003,CO_Embed2_tau_theta_ac1,"correlation,embedding",0.00605931502191424,0.0185772022571092
2004,CO_Embed2_tau_theta_ac2,"correlation,embedding",0.00427548416137376,0.0138225121456947
2020,CO_Embed2_tau_mean_eucdm,"correlation,embedding,stationarity",0.000431902709468371,0.00198113104942354
2026,CO_Embed2_tau_std_eucds,"correlation,embedding,stationarity",0.0155436158790251,0.040414536684726
2027,CO_Embed2_tau_mean_eucds,"correlation,embedding,stationarity",0.00286256220704461,0.00984948301205926
2028,CO_Embed2_tau_stdspana,"correlation,embedding,stationarity",0.0145066650137748,0.0381221661989897
2031,CO_Embed2_tau_areas_50,"correlation,embedding",0.000411985081919444,0.00191945143860243
2032,CO_Embed2_tau_arearat,"correlation,embedding",0.00379644200152357,0.0125882024261045
2036,CO_Embed2_AngleTau_50_mean_thetaac1,"correlation,embedding",0.0160861401361776,0.0414167202999814
2038,CO_Embed2_AngleTau_50_min_thetaac1,"correlation,embedding",0.000324636730799297,0.00156260235737674
2039,CO_Embed2_AngleTau_50_mean_thetaac2,"correlation,embedding",0.00173520694047121,0.00646750691581914
2041,CO_Embed2_AngleTau_50_min_thetaac2,"correlation,embedding",0.000209450726687326,0.00107736974225945
2048,CO_Embed2_Dist_tau_d_ac2,"correlation,embedding",0.0166452400339562,0.0426556745146631
2050,CO_Embed2_Dist_tau_d_median,"correlation,embedding",6.68816911061285e-07,2.6730066917723e-05
2051,CO_Embed2_Dist_tau_d_max,"correlation,embedding",2.0836178159175e-06,3.52965738543142e-05
2052,CO_Embed2_Dist_tau_d_iqr,"correlation,embedding",1.1149831476865e-06,2.80479329624742e-05
2053,CO_Embed2_Dist_tau_d_min,"correlation,embedding",0.00982277183238884,0.0276287288323889
2054,CO_Embed2_Dist_tau_d_mean,"correlation,embedding",5.16120692670543e-07,2.6730066917723e-05
2055,CO_Embed2_Dist_tau_d_std,"correlation,embedding",7.60661190228156e-07,2.6730066917723e-05
2057,CO_Embed2_Dist_tau_d_expfit_nlogL,"correlation,embedding",7.60661190228156e-07,2.6730066917723e-05
2058,CO_Embed2_Dist_tau_d_expfit_meandiff,"correlation,embedding",1.18773136379583e-06,2.86625748436016e-05
2059,CO_Embed2_Shapes_tau_circle_01_ac1,"correlation,embedding",8.11026050600951e-07,2.6730066917723e-05
2060,CO_Embed2_Shapes_tau_circle_01_ac2,"correlation,embedding",2.66442794601493e-06,4.07915323606028e-05
2063,CO_Embed2_Shapes_tau_circle_01_std,"correlation,embedding",0.000985214086551646,0.00403320246242735
2064,CO_Embed2_Shapes_tau_circle_01_median,"correlation,embedding",0.00682714872318403,0.0205507280170601
2065,CO_Embed2_Shapes_tau_circle_01_mean,"correlation,embedding",0.000209450726687326,0.00107736974225945
2066,CO_Embed2_Shapes_tau_circle_01_iqr,"correlation,embedding",0.00153048840015659,0.00582649567952661
2070,CO_Embed2_Shapes_tau_circle_01_hist_ent,"correlation,embedding",0.00102996237816126,0.00418988695436
2073,CO_Embed2_Shapes_tau_circle_1_ac1,"correlation,embedding",3.61088889258424e-06,4.95297071797827e-05
2074,CO_Embed2_Shapes_tau_circle_1_ac2,"correlation,embedding",6.55740619856895e-06,7.50517278578976e-05
2076,CO_Embed2_Shapes_tau_circle_1_max,"correlation,embedding",0.00134038555683954,0.00522002449624763
2077,CO_Embed2_Shapes_tau_circle_1_std,"correlation,embedding",0.00107658530464083,0.00433741413907078
2078,CO_Embed2_Shapes_tau_circle_1_median,"correlation,embedding",0.000887937945315137,0.00371544611714038
2079,CO_Embed2_Shapes_tau_circle_1_mean,"correlation,embedding",0.000545691962300163,0.00242495697853612
2080,CO_Embed2_Shapes_tau_circle_1_iqr,"correlation,embedding",0.00480871169077813,0.0153168762982772
2084,CO_Embed2_Shapes_tau_circle_1_hist_ent,"correlation,embedding",0.00181057379343184,0.00670279502623051
2089,NW_VisibilityGraph_horiz_meank,"network,visibilityGraph",0.0013397393815596,0.00522002449624763
2091,NW_VisibilityGraph_horiz_stdk,"network,visibilityGraph",0.01842619348603,0.0466155193415237
2092,NW_VisibilityGraph_horiz_maxk,"network,visibilityGraph",0.0120833463049617,0.0328953508011557
2094,NW_VisibilityGraph_horiz_rangek,"network,visibilityGraph",0.00309329540362795,0.0105571573246811
2096,NW_VisibilityGraph_horiz_skewnessk,"network,visibilityGraph",0.000340582796086869,0.00162616292779505
2097,NW_VisibilityGraph_horiz_maxonmedian,"network,visibilityGraph",0.0120833463049617,0.0328953508011557
2108,NW_VisibilityGraph_horiz_dexpk_resAC2,"network,visibilityGraph",0.00223455572247879,0.00800997089039603
2109,NW_VisibilityGraph_horiz_dexpk_resruns,"network,visibilityGraph",0.00502165925375601,0.015916826459256
2113,NW_VisibilityGraph_horiz_dpowerk_resAC2,"network,visibilityGraph",0.000571568005964199,0.00252732461767648
2114,NW_VisibilityGraph_horiz_dpowerk_resruns,"network,visibilityGraph",0.00286836318014997,0.00986467511086359
2115,NW_VisibilityGraph_horiz_gaussnlogL,"network,visibilityGraph,lengthDependent",0.0190558322334121,0.0478850934238124
2116,NW_VisibilityGraph_horiz_expnlogL,"network,visibilityGraph,lengthDependent",0.0013397393815596,0.00522002449624763
2117,NW_VisibilityGraph_horiz_evparam1,"network,visibilityGraph",0.00583240319190966,0.0180604081440648
2118,NW_VisibilityGraph_horiz_evparam2,"network,visibilityGraph",0.000901068977688017,0.00374472273914827
2119,NW_VisibilityGraph_horiz_evnlogL,"network,visibilityGraph,lengthDependent",0.00134038555683954,0.00522002449624763
2123,NW_VisibilityGraph_horiz_kac3,"network,visibilityGraph",0.000220031677037124,0.00111806246168971
2125,NW_VisibilityGraph_norm_modek,"network,visibilityGraph",0.0038240292546678,0.0126678754136715
2126,NW_VisibilityGraph_norm_propmode,"network,visibilityGraph",3.97323460579137e-07,2.6730066917723e-05
2127,NW_VisibilityGraph_norm_meank,"network,visibilityGraph",9.21562980967866e-07,2.7222435110001e-05
2128,NW_VisibilityGraph_norm_mediank,"network,visibilityGraph",4.28095036223405e-06,5.65012452645028e-05
2129,NW_VisibilityGraph_norm_stdk,"network,visibilityGraph",4.59245894147181e-06,5.90139263616206e-05
2130,NW_VisibilityGraph_norm_maxk,"network,visibilityGraph",0.0019977366756362,0.00727462270785377
2132,NW_VisibilityGraph_norm_rangek,"network,visibilityGraph",0.00213078131057709,0.00773092138906426
2133,NW_VisibilityGraph_norm_iqrk,"network,visibilityGraph",2.39863462275811e-05,0.000192186996086169
2144,NW_VisibilityGraph_norm_dexpk_rmse,"network,visibilityGraph",0.000324636730799297,0.00156260235737674
2149,NW_VisibilityGraph_norm_dpowerk_rmse,"network,visibilityGraph",0.000126913156158702,0.000705855280229532
2152,NW_VisibilityGraph_norm_dpowerk_resruns,"network,visibilityGraph",1.64250864406431e-05,0.000142294699950622
2153,NW_VisibilityGraph_norm_gaussnlogL,"network,visibilityGraph,lengthDependent",4.07343157778537e-06,5.39010397811413e-05
2154,NW_VisibilityGraph_norm_expnlogL,"network,visibilityGraph,lengthDependent",8.64595004250958e-07,2.71147657941082e-05
2155,NW_VisibilityGraph_norm_evparam1,"network,visibilityGraph",9.82136182665932e-07,2.76356817565169e-05
2156,NW_VisibilityGraph_norm_evparam2,"network,visibilityGraph",0.000357259343652894,0.00169216850796072
2157,NW_VisibilityGraph_norm_evnlogL,"network,visibilityGraph,lengthDependent",5.2337595654733e-05,0.000350873766647247
2158,NW_VisibilityGraph_norm_entropy,"network,visibilityGraph",7.13316180766304e-07,2.6730066917723e-05
2159,NW_VisibilityGraph_norm_kac1,"network,visibilityGraph",6.55740619856895e-06,7.50517278578976e-05
2160,NW_VisibilityGraph_norm_kac2,"network,visibilityGraph",9.21562980967866e-07,2.7222435110001e-05
2161,NW_VisibilityGraph_norm_kac3,"network,visibilityGraph",2.85533069149158e-07,2.6730066917723e-05
2162,NW_VisibilityGraph_norm_ktau,"network,visibilityGraph",2.49919961928664e-07,2.6730066917723e-05
2165,SY_DynWin_stdskew,stationarity,0.00253079653773657,0.00889276433965776
2167,SY_DynWin_stdsampen1_015,stationarity,0.00102996237816126,0.00418988695436
2168,SY_DynWin_stdsampen2_015,stationarity,0.000220031677037124,0.00111806246168971
2172,SY_DynWin_stdactaul,stationarity,0.0140114417696054,0.0371498897422051
2178,SY_SpreadRandomLocal_ac2_100_meansampen1_015,stationarity,0.0126141510785048,0.0339894555366674
2179,SY_SpreadRandomLocal_ac2_100_meanac1,stationarity,0.000140455025433301,0.000763865031367202
2180,SY_SpreadRandomLocal_ac2_100_meanac2,stationarity,9.32965976131512e-05,0.000548454565159392
2181,SY_SpreadRandomLocal_ac2_100_meantaul,stationarity,0.00082362694217216,0.00346536654924563
2187,SY_SpreadRandomLocal_ac2_100_stdac1,stationarity,0.00480871169077813,0.0153168762982772
2189,SY_SpreadRandomLocal_ac2_100_stdtaul,stationarity,0.00540141912727418,0.0169694186968512
2194,SY_SpreadRandomLocal_ac5_100_meansampen1_015,stationarity,0.00011460879331106,0.000650637958198911
2195,SY_SpreadRandomLocal_ac5_100_meanac1,stationarity,7.3751706263707e-06,8.17816817587741e-05
2196,SY_SpreadRandomLocal_ac5_100_meanac2,stationarity,1.10753480969413e-05,0.000106981551020523
2197,SY_SpreadRandomLocal_ac5_100_meantaul,stationarity,0.000718970297700572,0.00308892549748363
2202,SY_SpreadRandomLocal_ac5_100_stdsampen1_015,stationarity,0.00263725978627337,0.00918974665613321
2203,SY_SpreadRandomLocal_ac5_100_stdac1,stationarity,0.00122842305321242,0.00486111379422968
2204,SY_SpreadRandomLocal_ac5_100_stdac2,stationarity,0.00232957338585228,0.00831706766995103
2205,SY_SpreadRandomLocal_ac5_100_stdtaul,stationarity,0.00629414882979977,0.0191979629474484
2210,SY_SpreadRandomLocal_50_100_meansampen1_015,stationarity,2.35690423947498e-06,3.75364681897593e-05
2211,SY_SpreadRandomLocal_50_100_meanac1,stationarity,1.84090878581554e-06,3.32625117924386e-05
2212,SY_SpreadRandomLocal_50_100_meanac2,stationarity,5.16120692670543e-07,2.6730066917723e-05
2213,SY_SpreadRandomLocal_50_100_meantaul,stationarity,0.000180503538081067,0.000947643574925602
2215,SY_SpreadRandomLocal_50_100_stdstd,stationarity,0.00653714319617325,0.0197697206514687
2216,SY_SpreadRandomLocal_50_100_stdskew,stationarity,0.00848785630958759,0.0244933316043592
2226,SY_SpreadRandomLocal_100_100_meansampen1_015,stationarity,1.84090878581554e-06,3.32625117924386e-05
2227,SY_SpreadRandomLocal_100_100_meanac1,stationarity,2.35690423947498e-06,3.75364681897593e-05
2228,SY_SpreadRandomLocal_100_100_meanac2,stationarity,6.68816911061285e-07,2.6730066917723e-05
2229,SY_SpreadRandomLocal_100_100_meantaul,stationarity,0.00146169723557975,0.00560356630053433
2231,SY_SpreadRandomLocal_100_100_stdstd,stationarity,0.00139983011578967,0.00541891821332607
2232,SY_SpreadRandomLocal_100_100_stdskew,stationarity,0.00411003277270197,0.0134094057327522
2242,SY_SpreadRandomLocal_200_100_meansampen1_015,stationarity,7.60661190228156e-07,2.6730066917723e-05
2243,SY_SpreadRandomLocal_200_100_meanac1,stationarity,1.26503510150617e-06,2.89575076772426e-05
2244,SY_SpreadRandomLocal_200_100_meanac2,stationarity,6.26998872165287e-07,2.6730066917723e-05
2247,SY_SpreadRandomLocal_200_100_stdstd,stationarity,0.00232957338585228,0.00831706766995103
2254,SY_DriftingMean20_max,stationarity,9.32965976131512e-05,0.000548454565159392
2255,SY_DriftingMean20_min,stationarity,0.00166273463464593,0.00623656894839009
2258,SY_DriftingMean20_meanabsmaxmin,stationarity,0.000452716478387203,0.00206860629630199
2259,SY_DriftingMean50_max,stationarity,0.00223455572247879,0.00800997089039603
2260,SY_DriftingMean50_min,stationarity,0.00519689746784096,0.0164065246445941
2263,SY_DriftingMean50_meanabsmaxmin,stationarity,0.00181057379343184,0.00670279502623051
2279,SY_StdNthDerChange_a,entropy,0.00704859648267514,0.0210482207886595
2282,SY_StdNthDerChange_rmse,entropy,2.8835208146233e-05,0.000217917034812137
2300,SY_LocalDistributions_3_each_mindiv,stationarity,0.00759569887611432,0.0223537744105241
2310,SY_RangeEvolve_totnuq,stationarity,0.0128443103334689,0.0345834513101228
2315,SY_RangeEvolve_nuql10,stationarity,0.00947257968258233,0.0268452606529871
2323,SY_RangeEvolve_l10,stationarity,0.00629414882979977,0.0191979629474484
2329,FC_Surprise_dist_5_2_q_500_mean,"information,symbolic",1.74686653178146e-05,0.000148223394991087
2330,FC_Surprise_dist_5_2_q_500_median,"information,symbolic",0.00127721181508995,0.00503341786302305
2332,FC_Surprise_dist_5_2_q_500_uq,"information,symbolic",0.00042236445331184,0.00196652226496206
2333,FC_Surprise_dist_5_2_q_500_std,"information,symbolic",0.000242716287295376,0.00121682904877168
2334,FC_Surprise_dist_5_2_q_500_tstat,"information,symbolic",4.00045227898351e-05,0.000284223750240355
2339,FC_Surprise_dist_20_2_q_500_lq,"information,symbolic",0.00952645413079553,0.026987197356599
2340,FC_Surprise_dist_20_2_q_500_uq,"information,symbolic",0.000472759176755948,0.00214866685114479
2341,FC_Surprise_dist_20_2_q_500_std,"information,symbolic",0.000474463308048828,0.00214866685114479
2342,FC_Surprise_dist_20_2_q_500_tstat,"information,symbolic",9.82427974942328e-05,0.000571397447190722
2349,FC_Surprise_dist_50_3_q_500_std,"information,symbolic",0.00298168202047877,0.0101952902515794
2351,FC_Surprise_dist_100_4_q_500_min,"information,symbolic",0.00555021413307328,0.0174138274188403
2357,FC_Surprise_dist_100_4_q_500_std,"information,symbolic",0.017814839449509,0.0452942293003767
2359,FC_Surprise_dist_100_5_q_500_min,"information,symbolic",0.00185972009522365,0.00687401212767247
2363,FC_Surprise_dist_100_5_q_500_lq,"information,symbolic",0.0141950472976895,0.0376086869044479
2369,FC_Surprise_T1_20_2_q_500_mean,"information,symbolic",9.86802931933148e-06,9.70310783485094e-05
2370,FC_Surprise_T1_20_2_q_500_median,"information,symbolic",2.06742900522177e-05,0.000170347535742752
2371,FC_Surprise_T1_20_2_q_500_lq,"information,symbolic",1.22855275070133e-05,0.000115909263440661
2372,FC_Surprise_T1_20_2_q_500_uq,"information,symbolic",0.000313702729480404,0.00152025168902042
2373,FC_Surprise_T1_20_2_q_500_std,"information,symbolic",3.39866324809848e-05,0.000248409483195206
2374,FC_Surprise_T1_20_2_q_500_tstat,"information,symbolic",1.39260980630824e-05,0.000125176631453388
2375,FC_Surprise_T1_50_3_q_500_min,"information,symbolic",0.00169749005800749,0.00636022722260808
2377,FC_Surprise_T1_50_3_q_500_mean,"information,symbolic",3.04637264727127e-05,0.00022900873153035
2378,FC_Surprise_T1_50_3_q_500_median,"information,symbolic",1.5598817702391e-05,0.00013611424971429
2379,FC_Surprise_T1_50_3_q_500_lq,"information,symbolic",6.29215080874195e-06,7.34324944384162e-05
2380,FC_Surprise_T1_50_3_q_500_uq,"information,symbolic",6.49488949224161e-06,7.50517278578976e-05
2381,FC_Surprise_T1_50_3_q_500_std,"information,symbolic",0.00128327762626588,0.00503341786302305
2382,FC_Surprise_T1_50_3_q_500_tstat,"information,symbolic",0.00102996237816126,0.00418988695436
2383,FC_Surprise_T1_100_4_q_500_min,"information,symbolic",1.47412616174406e-05,0.000130851672636608
2385,FC_Surprise_T1_100_4_q_500_mean,"information,symbolic",2.0836178159175e-06,3.52965738543142e-05
2386,FC_Surprise_T1_100_4_q_500_median,"information,symbolic",5.17450467954947e-06,6.35125841615736e-05
2387,FC_Surprise_T1_100_4_q_500_lq,"information,symbolic",2.28500308507222e-06,3.75364681897593e-05
2388,FC_Surprise_T1_100_4_q_500_uq,"information,symbolic",1.64712755481979e-05,0.000142294699950622
2389,FC_Surprise_T1_100_4_q_500_std,"information,symbolic",0.0190558322334121,0.0478850934238124
2390,FC_Surprise_T1_100_4_q_500_tstat,"information,symbolic",3.39893536496135e-06,4.81054092706955e-05
2391,FC_Surprise_T1_100_5_q_500_min,"information,symbolic",6.05615503532219e-05,0.000396266247210098
2393,FC_Surprise_T1_100_5_q_500_mean,"information,symbolic",9.82136182665932e-07,2.76356817565169e-05
2394,FC_Surprise_T1_100_5_q_500_median,"information,symbolic",4.92706805669484e-06,6.18762232034279e-05
2395,FC_Surprise_T1_100_5_q_500_lq,"information,symbolic",2.44316942629559e-05,0.000192186996086169
2396,FC_Surprise_T1_100_5_q_500_uq,"information,symbolic",0.0017708957055217,0.00659362266088334
2398,FC_Surprise_T1_100_5_q_500_tstat,"information,symbolic",8.85862417242377e-05,0.000530399877909881
2401,FC_Surprise_T2_20_2_q_500_mean,"information,symbolic",7.18988102492802e-05,0.000449383345184043
2402,FC_Surprise_T2_20_2_q_500_median,"information,symbolic",7.51860943709169e-05,0.000466595994285369
2403,FC_Surprise_T2_20_2_q_500_lq,"information,symbolic",0.0125732421875,0.0339894555366674
2404,FC_Surprise_T2_20_2_q_500_uq,"information,symbolic",0.00346140054521706,0.0116619547947942
2407,FC_Surprise_T2_50_3_q_500_min,"information,symbolic",0.000199943381938592,0.00103372172778814
2409,FC_Surprise_T2_50_3_q_500_mean,"information,symbolic",0.00107658530464083,0.00433741413907078
2410,FC_Surprise_T2_50_3_q_500_median,"information,symbolic",0.000772607902704242,0.00328959070535377
2411,FC_Surprise_T2_50_3_q_500_lq,"information,symbolic",9.27544915921431e-05,0.000548454565159392
2412,FC_Surprise_T2_50_3_q_500_uq,"information,symbolic",0.0149474534260103,0.0392610579169185
2413,FC_Surprise_T2_50_3_q_500_std,"information,symbolic",0.00122842305321242,0.00486111379422968
2414,FC_Surprise_T2_50_3_q_500_tstat,"information,symbolic",0.0027478022249797,0.00953294543841641
2415,FC_Surprise_T2_100_4_q_500_min,"information,symbolic",0.00923283633843055,0.0263124747371045
2418,FC_Surprise_T2_100_4_q_500_median,"information,symbolic",0.00258320222563992,0.00907243051027656
2429,FC_Surprise_T2_100_5_q_500_std,"information,symbolic",0.00242827797978465,0.0086047341652996
2433,FC_Surprise_dist_5_2_udq_500_mean,"information,symbolic",0.00197040771953243,0.00718245394539241
2438,FC_Surprise_dist_5_2_udq_500_tstat,"information,symbolic",0.00336668407320579,0.0113643546311769
2439,FC_Surprise_dist_20_2_udq_500_min,"information,symbolic",0.000108882880430541,0.00062362660660849
2440,FC_Surprise_dist_20_2_udq_500_max,"information,symbolic",1.05800897126067e-05,0.000103177614608284
2441,FC_Surprise_dist_20_2_udq_500_mean,"information,symbolic",0.00232957338585228,0.00831706766995103
2444,FC_Surprise_dist_20_2_udq_500_uq,"information,symbolic",0.0001220703125,0.000686971189476285
2445,FC_Surprise_dist_20_2_udq_500_std,"information,symbolic",4.07343157778537e-06,5.39010397811413e-05
2446,FC_Surprise_dist_20_2_udq_500_tstat,"information,symbolic",9.86802931933148e-06,9.70310783485094e-05
2471,FC_Surprise_T1_20_2_udq_500_min,"information,symbolic",0.00122682832998488,0.00486111379422968
2472,FC_Surprise_T1_20_2_udq_500_max,"information,symbolic",0.000690563199153112,0.00298489339087493
2487,FC_Surprise_T1_100_4_udq_500_min,"information,symbolic",0.0129919591524772,0.0349584929710716
2500,FC_Surprise_T1_100_5_udq_500_uq,"information,symbolic",0.0199276651123883,0.0497074449667458
2504,FC_Surprise_T2_20_2_udq_500_max,"information,symbolic",0.00151446563275367,0.00579961314662366
2507,FC_Surprise_T2_20_2_udq_500_lq,"information,symbolic",0.00702069224579387,0.0210482207886595
2509,FC_Surprise_T2_20_2_udq_500_std,"information,symbolic",2.0836178159175e-06,3.52965738543142e-05
2510,FC_Surprise_T2_20_2_udq_500_tstat,"information,symbolic",0.00880542419332382,0.0252969389960744
2515,FC_Surprise_T2_50_3_udq_500_lq,"information,symbolic",0.00134223170439306,0.005224356207531
2517,FC_Surprise_T2_50_3_udq_500_std,"information,symbolic",0.00122842305321242,0.00486111379422968
2519,FC_Surprise_T2_100_4_udq_500_min,"information,symbolic",0.0116922471284158,0.0320438340443338
2537,FC_Surprise_dist_5_1_m2quad_500_mean,"information,symbolic",2.44316942629559e-05,0.000192186996086169
2540,FC_Surprise_dist_5_1_m2quad_500_uq,"information,symbolic",0.000215756677662506,0.00110820475344833
2541,FC_Surprise_dist_5_1_m2quad_500_std,"information,symbolic",8.41011855946992e-05,0.000508679983218915
2542,FC_Surprise_dist_5_1_m2quad_500_tstat,"information,symbolic",2.8835208146233e-05,0.000217917034812137
2545,FC_Surprise_dist_5_tau_m2quad_500_mean,"information,symbolic",2.44316942629559e-05,0.000192186996086169
2546,FC_Surprise_dist_5_tau_m2quad_500_median,"information,symbolic",0.00032519994817951,0.00156425569668239
2548,FC_Surprise_dist_5_tau_m2quad_500_uq,"information,symbolic",0.015625,0.0405964872262774
2549,FC_Surprise_dist_5_tau_m2quad_500_std,"information,symbolic",0.000231112917058414,0.00116275113536315
2550,FC_Surprise_dist_5_tau_m2quad_500_tstat,"information,symbolic",2.44316942629559e-05,0.000192186996086169
2553,FC_Surprise_dist_10_tau_m2quad_500_mean,"information,symbolic",0.000231112917058414,0.00116275113536315
2554,FC_Surprise_dist_10_tau_m2quad_500_median,"information,symbolic",0.000151286004024935,0.000813447932517757
2556,FC_Surprise_dist_10_tau_m2quad_500_uq,"information,symbolic",0.0107421875,0.02979105290709
2557,FC_Surprise_dist_10_tau_m2quad_500_std,"information,symbolic",0.00653714319617325,0.0197697206514687
2563,FC_Surprise_dist_20_tau_m2quad_500_lq,"information,symbolic",0.00562590387398223,0.0175430616201838
2565,FC_Surprise_dist_20_tau_m2quad_500_std,"information,symbolic",0.00049718147462051,0.00223167397088487
2568,FC_Surprise_T1_10_1_m2quad_500_mean,"information,symbolic",0.000340582796086869,0.00162616292779505
2570,FC_Surprise_T1_10_1_m2quad_500_uq,"information,symbolic",0.004150390625,0.0135348744202359
2571,FC_Surprise_T1_10_1_m2quad_500_std,"information,symbolic",0.000686926233975337,0.00297097682847535
2572,FC_Surprise_T1_10_1_m2quad_500_tstat,"information,symbolic",0.000985214086551646,0.00403320246242735
2583,FC_Surprise_T1_20_tau_m2quad_500_mean,"information,symbolic",1.62549066485909e-06,3.0691688576824e-05
2584,FC_Surprise_T1_20_tau_m2quad_500_median,"information,symbolic",4.66281336561684e-06,5.98100330627501e-05
2585,FC_Surprise_T1_20_tau_m2quad_500_lq,"information,symbolic",0.00196579363317885,0.00718245394539241
2586,FC_Surprise_T1_20_tau_m2quad_500_uq,"information,symbolic",6.51685477072376e-06,7.50517278578976e-05
2587,FC_Surprise_T1_20_tau_m2quad_500_std,"information,symbolic",5.49139337197368e-06,6.67119955888748e-05
2588,FC_Surprise_T1_20_tau_m2quad_500_tstat,"information,symbolic",1.84090878581554e-06,3.32625117924386e-05
2589,FC_Surprise_T1_50_tau_m2quad_500_min,"information,symbolic",0.0104882364816119,0.0292692103146199
2591,FC_Surprise_T1_50_tau_m2quad_500_mean,"information,symbolic",7.18988102492802e-05,0.000449383345184043
2592,FC_Surprise_T1_50_tau_m2quad_500_median,"information,symbolic",4.54961661025994e-06,5.90139263616206e-05
2593,FC_Surprise_T1_50_tau_m2quad_500_lq,"information,symbolic",2.74405256630503e-06,4.18681215744937e-05
2594,FC_Surprise_T1_50_tau_m2quad_500_uq,"information,symbolic",5.67059861775644e-05,0.000375525502881936
2596,FC_Surprise_T1_50_tau_m2quad_500_tstat,"information,symbolic",0.00323359045900606,0.0109618716560305
2597,FC_Surprise_T2_50_tau_m2quad_500_min,"information,symbolic",0.0019977366756362,0.00727462270785377
2599,FC_Surprise_T2_50_tau_m2quad_500_mean,"information,symbolic",0.000140455025433301,0.000763865031367202
2600,FC_Surprise_T2_50_tau_m2quad_500_median,"information,symbolic",0.00193081510111588,0.00710360346503562
2602,FC_Surprise_T2_50_tau_m2quad_500_uq,"information,symbolic",0.00024292562780795,0.00121702149497874
2604,FC_Surprise_T2_50_tau_m2quad_500_tstat,"information,symbolic",0.000199349058622623,0.00103212068969778
2607,FC_Surprise_T2_100_tau_m2quad_500_mean,"information,symbolic",0.0027478022249797,0.00953294543841641
2608,FC_Surprise_T2_100_tau_m2quad_500_median,"information,symbolic",0.00462412379675163,0.0147900905460774
2609,FC_Surprise_T2_100_tau_m2quad_500_lq,"information,symbolic",0.0123582661286673,0.0334773579033419
2610,FC_Surprise_T2_100_tau_m2quad_500_uq,"information,symbolic",0.000295925291914391,0.00144491917224866
2615,PH_Walker_prop_01_w_std,trend,0.000392927991788058,0.00184029892995999
2616,PH_Walker_prop_01_w_ac1,trend,0.000374697110145117,0.00176770624726514
2617,PH_Walker_prop_01_w_ac2,trend,0.000545691962300163,0.00242495697853612
2619,PH_Walker_prop_01_w_min,trend,0.000254864490291098,0.00126437652012706
2620,PH_Walker_prop_01_w_max,trend,3.39866324809848e-05,0.000248409483195206
2621,PH_Walker_prop_01_w_propzcross,trend,0.000686926233975337,0.00297097682847535
2622,PH_Walker_prop_01_sw_meanabsdiff,trend,0.000431902709468371,0.00198113104942354
2624,PH_Walker_prop_01_sw_ac1rat,trend,1.95865484438265e-06,3.40920876214183e-05
2625,PH_Walker_prop_01_sw_minrat,trend,0.000571568005964199,0.00252732461767648
2626,PH_Walker_prop_01_sw_maxrat,trend,0.000985214086551646,0.00403320246242735
2627,PH_Walker_prop_01_sw_propcross,trend,7.3751706263707e-06,8.17816817587741e-05
2628,PH_Walker_prop_01_sw_ansarib_pval,trend,0.00573845291860873,0.0178783572549565
2629,PH_Walker_prop_01_sw_distdiff,trend,0.000155349545893666,0.000830904145166796
2632,PH_Walker_prop_01_res_ac1,trend,8.11026050600951e-07,2.6730066917723e-05
2635,PH_Walker_prop_05_w_std,trend,1.43441430774462e-06,2.92595858362005e-05
2636,PH_Walker_prop_05_w_ac1,trend,1.34716678791654e-06,2.92595858362005e-05
2637,PH_Walker_prop_05_w_ac2,trend,2.35690423947498e-06,3.75364681897593e-05
2638,PH_Walker_prop_05_w_tau,trend,0.00223455572247879,0.00800997089039603
2639,PH_Walker_prop_05_w_min,trend,0.00379644200152357,0.0125882024261045
2640,PH_Walker_prop_05_w_max,trend,0.00107658530464083,0.00433741413907078
2641,PH_Walker_prop_05_w_propzcross,trend,4.87516924146122e-06,6.14412047036453e-05
2642,PH_Walker_prop_05_sw_meanabsdiff,trend,2.35690423947498e-06,3.75364681897593e-05
2644,PH_Walker_prop_05_sw_ac1rat,trend,1.84801124407888e-05,0.000155508180219829
2645,PH_Walker_prop_05_sw_minrat,trend,1.39260980630824e-05,0.000125176631453388
2646,PH_Walker_prop_05_sw_maxrat,trend,7.18988102492802e-05,0.000449383345184043
2647,PH_Walker_prop_05_sw_propcross,trend,0.00605931502191424,0.0185772022571092
2648,PH_Walker_prop_05_sw_ansarib_pval,trend,4.45641297611193e-05,0.000310119295962276
2649,PH_Walker_prop_05_sw_distdiff,trend,5.87706654304219e-07,2.6730066917723e-05
2652,PH_Walker_prop_05_res_ac1,trend,0.000626782424265422,0.00273914308062955
2655,PH_Walker_prop_09_w_std,trend,3.97323460579137e-07,2.6730066917723e-05
2656,PH_Walker_prop_09_w_ac1,trend,3.4829427824527e-07,2.6730066917723e-05
2657,PH_Walker_prop_09_w_ac2,trend,6.26998872165287e-07,2.6730066917723e-05
2658,PH_Walker_prop_09_w_tau,trend,0.00323359045900606,0.0109618716560305
2661,PH_Walker_prop_09_w_propzcross,trend,1.72998018997263e-06,3.19889064218575e-05
2662,PH_Walker_prop_09_sw_meanabsdiff,trend,4.24272170812157e-07,2.6730066917723e-05
2664,PH_Walker_prop_09_sw_ac1rat,trend,4.70247342896548e-05,0.000323136180895804
2666,PH_Walker_prop_09_sw_maxrat,trend,0.00122842305321242,0.00486111379422968
2668,PH_Walker_prop_09_sw_ansarib_pval,trend,4.32549215748757e-06,5.65012452645028e-05
2669,PH_Walker_prop_09_sw_distdiff,trend,4.24272170812157e-07,2.6730066917723e-05
2675,PH_Walker_prop_11_w_std,trend,5.16120692670543e-07,2.6730066917723e-05
2676,PH_Walker_prop_11_w_ac1,trend,6.68816911061285e-07,2.6730066917723e-05
2677,PH_Walker_prop_11_w_ac2,trend,4.5298014109361e-07,2.6730066917723e-05
2678,PH_Walker_prop_11_w_tau,trend,0.000626782424265422,0.00273914308062955
2681,PH_Walker_prop_11_w_propzcross,trend,2.50614204546602e-06,3.90398801349509e-05
2682,PH_Walker_prop_11_sw_meanabsdiff,trend,6.26998872165287e-07,2.6730066917723e-05
2684,PH_Walker_prop_11_sw_ac1rat,trend,7.57669573527021e-05,0.000466595994285369
2685,PH_Walker_prop_11_sw_minrat,trend,0.0160861401361776,0.0414167202999814
2686,PH_Walker_prop_11_sw_maxrat,trend,0.00759569887611432,0.0223537744105241
2688,PH_Walker_prop_11_sw_ansarib_pval,trend,5.49139337197368e-06,6.67119955888748e-05
2689,PH_Walker_prop_11_sw_distdiff,trend,3.97323460579137e-07,2.6730066917723e-05
2693,PH_Walker_biasprop_05_01_w_mean,trend,0.0160861401361776,0.0414167202999814
2695,PH_Walker_biasprop_05_01_w_std,trend,8.7870425947142e-06,9.10552492456629e-05
2696,PH_Walker_biasprop_05_01_w_ac1,trend,4.32549215748757e-06,5.65012452645028e-05
2697,PH_Walker_biasprop_05_01_w_ac2,trend,1.56018019057256e-05,0.00013611424971429
2698,PH_Walker_biasprop_05_01_w_tau,trend,0.00848785630958759,0.0244933316043592
2699,PH_Walker_biasprop_05_01_w_min,trend,0.000474463308048828,0.00214866685114479
2700,PH_Walker_biasprop_05_01_w_max,trend,1.56018019057256e-05,0.00013611424971429
2701,PH_Walker_biasprop_05_01_w_propzcross,trend,2.58231003683401e-05,0.000200692851006783
2702,PH_Walker_biasprop_05_01_sw_meanabsdiff,trend,4.45641297611193e-05,0.000310119295962276
2704,PH_Walker_biasprop_05_01_sw_ac1rat,trend,0.00818056932224017,0.0237606989004601
2705,PH_Walker_biasprop_05_01_sw_minrat,trend,0.000431902709468371,0.00198113104942354
2706,PH_Walker_biasprop_05_01_sw_maxrat,trend,5.2337595654733e-05,0.000350873766647247
2707,PH_Walker_biasprop_05_01_sw_propcross,trend,0.00122450179059203,0.00486111379422968
2708,PH_Walker_biasprop_05_01_sw_ansarib_pval,trend,0.000129744745138118,0.000721040468882329
2709,PH_Walker_biasprop_05_01_sw_distdiff,trend,1.39260980630824e-05,0.000125176631453388
2712,PH_Walker_biasprop_05_01_res_ac1,trend,5.49139337197368e-06,6.67119955888748e-05
2715,PH_Walker_biasprop_01_05_w_std,trend,7.8197737788281e-06,8.51207485190784e-05
2716,PH_Walker_biasprop_01_05_w_ac1,trend,7.8197737788281e-06,8.51207485190784e-05
2717,PH_Walker_biasprop_01_05_w_ac2,trend,2.72896655970471e-05,0.000209348199768727
2719,PH_Walker_biasprop_01_05_w_min,trend,0.00049718147462051,0.00223167397088487
2720,PH_Walker_biasprop_01_05_w_max,trend,8.41011855946992e-05,0.000508679983218915
2721,PH_Walker_biasprop_01_05_w_propzcross,trend,2.44316942629559e-05,0.000192186996086169
2722,PH_Walker_biasprop_01_05_sw_meanabsdiff,trend,4.45641297611193e-05,0.000310119295962276
2724,PH_Walker_biasprop_01_05_sw_ac1rat,trend,0.000942271767787704,0.00388421118406524
2725,PH_Walker_biasprop_01_05_sw_minrat,trend,1.65101028457949e-05,0.000142294699950622
2726,PH_Walker_biasprop_01_05_sw_maxrat,trend,0.000155349545893666,0.000830904145166796
2727,PH_Walker_biasprop_01_05_sw_propcross,trend,0.00082362694217216,0.00346536654924563
2728,PH_Walker_biasprop_01_05_sw_ansarib_pval,trend,0.000140722244493599,0.00076473409049613
2729,PH_Walker_biasprop_01_05_sw_distdiff,trend,6.47159490551713e-05,0.000415056613805193
2732,PH_Walker_biasprop_01_05_res_ac1,trend,3.21794070598959e-05,0.000238134302348647
2735,PH_Walker_momentum_2_w_std,trend,5.2337595654733e-05,0.000350873766647247
2736,PH_Walker_momentum_2_w_ac1,trend,7.60661190228156e-07,2.6730066917723e-05
2737,PH_Walker_momentum_2_w_ac2,trend,1.26503510150617e-06,2.89575076772426e-05
2738,PH_Walker_momentum_2_w_tau,trend,0.000163342672991421,0.000866495148305461
2741,PH_Walker_momentum_2_w_momentumzcross,trend,2.50614204546602e-06,3.90398801349509e-05
2742,PH_Walker_momentum_2_sw_meanabsdiff,trend,5.16120692670543e-07,2.6730066917723e-05
2744,PH_Walker_momentum_2_sw_ac1rat,trend,0.000474463308048828,0.00214866685114479
2745,PH_Walker_momentum_2_sw_minrat,trend,4.70247342896548e-05,0.000323136180895804
2746,PH_Walker_momentum_2_sw_maxrat,trend,0.000120613121939985,0.000679845459295924
2748,PH_Walker_momentum_2_sw_ansarib_pval,trend,0.000900173077432687,0.00374472273914827
2749,PH_Walker_momentum_2_sw_distdiff,trend,8.85862417242377e-05,0.000530399877909881
2755,PH_Walker_momentum_5_w_std,trend,0.00181057379343184,0.00670279502623051
2756,PH_Walker_momentum_5_w_ac1,trend,1.95471950625266e-05,0.000162565983236129
2757,PH_Walker_momentum_5_w_ac2,trend,1.95471950625266e-05,0.000162565983236129
2758,PH_Walker_momentum_5_w_tau,trend,7.18988102492802e-05,0.000449383345184043
2761,PH_Walker_momentum_5_w_momentumzcross,trend,9.3125620761273e-06,9.39038660339239e-05
2762,PH_Walker_momentum_5_sw_meanabsdiff,trend,1.84801124407888e-05,0.000155508180219829
2763,PH_Walker_momentum_5_sw_taudiff,trend,0.00336668407320579,0.0113643546311769
2764,PH_Walker_momentum_5_sw_ac1rat,trend,1.18773136379583e-06,2.86625748436016e-05
2769,PH_Walker_momentum_5_sw_distdiff,trend,0.00128327762626588,0.00503341786302305
2772,PH_Walker_momentum_5_res_ac1,trend,0.0172213319317616,0.0440052627502553
2775,PH_Walker_runningvar_15_50_w_std,trend,8.85862417242377e-05,0.000530399877909881
2776,PH_Walker_runningvar_15_50_w_ac1,trend,3.2602341299532e-07,2.6730066917723e-05
2777,PH_Walker_runningvar_15_50_w_ac2,trend,6.26998872165287e-07,2.6730066917723e-05
2778,PH_Walker_runningvar_15_50_w_tau,trend,0.000392927991788058,0.00184029892995999
2781,PH_Walker_runningvar_15_50_w_propzcross,trend,1.21665751786641e-06,2.89575076772426e-05
2782,PH_Walker_runningvar_15_50_sw_meanabsdiff,trend,2.8322842707188e-06,4.2538041610226e-05
2788,PH_Walker_runningvar_15_50_sw_ansarib_pval,trend,0.00107658530464083,0.00433741413907078
2793,EN_SampEn_5_005_sampen0,"entropy,distribution",0.000474463308048828,0.00214866685114479
2794,EN_SampEn_5_005_sampen1,entropy,1.04653269791364e-06,2.76961571615137e-05
2795,EN_SampEn_5_005_sampen2,entropy,1.24229200737778e-05,0.000115909263440661
2796,EN_SampEn_5_005_sampen3,entropy,6.82179820007579e-05,0.000432452194001242
2797,EN_SampEn_5_005_sampen4,entropy,9.32965976131512e-05,0.000548454565159392
2800,EN_SampEn_5_01_sampen0,"entropy,distribution",0.000626782424265422,0.00273914308062955
2801,EN_SampEn_5_01_sampen1,entropy,7.60661190228156e-07,2.6730066917723e-05
2802,EN_SampEn_5_01_sampen2,entropy,1.24229200737778e-05,0.000115909263440661
2803,EN_SampEn_5_01_sampen3,entropy,1.56018019057256e-05,0.00013611424971429
2804,EN_SampEn_5_01_sampen4,entropy,3.04637264727127e-05,0.00022900873153035
2805,EN_SampEn_5_01_sampen5,entropy,7.98313205736858e-05,0.000487827614733107
2806,EN_SampEn_5_01_meanchsampen,entropy,0.000220031677037124,0.00111806246168971
2807,EN_SampEn_5_015_sampen0,"entropy,distribution",0.000752398562734347,0.00320546102220575
2808,EN_SampEn_5_015_sampen1,entropy,7.13316180766304e-07,2.6730066917723e-05
2809,EN_SampEn_5_015_sampen2,entropy,1.24229200737778e-05,0.000115909263440661
2810,EN_SampEn_5_015_sampen3,entropy,1.04550591732956e-05,0.000102098170445393
2811,EN_SampEn_5_015_sampen4,entropy,7.8197737788281e-06,8.51207485190784e-05
2812,EN_SampEn_5_015_sampen5,entropy,3.83548211191478e-06,5.14214635682134e-05
2813,EN_SampEn_5_015_meanchsampen,entropy,2.44316942629559e-05,0.000192186996086169
2814,EN_SampEn_5_02_sampen0,"entropy,distribution",0.000718970297700572,0.00308892549748363
2815,EN_SampEn_5_02_sampen1,entropy,7.60661190228156e-07,2.6730066917723e-05
2816,EN_SampEn_5_02_sampen2,entropy,7.8197737788281e-06,8.51207485190784e-05
2817,EN_SampEn_5_02_sampen3,entropy,9.86802931933148e-06,9.70310783485094e-05
2818,EN_SampEn_5_02_sampen4,entropy,9.3125620761273e-06,9.39038660339239e-05
2819,EN_SampEn_5_02_sampen5,entropy,9.86802931933148e-06,9.70310783485094e-05
2820,EN_SampEn_5_02_meanchsampen,entropy,6.82179820007579e-05,0.000432452194001242
2821,EN_SampEn_5_03_sampen0,"entropy,distribution",0.000626782424265422,0.00273914308062955
2822,EN_SampEn_5_03_sampen1,entropy,8.11026050600951e-07,2.6730066917723e-05
2823,EN_SampEn_5_03_sampen2,entropy,5.82681221138167e-06,6.94825395859734e-05
2824,EN_SampEn_5_03_sampen3,entropy,6.95480101290475e-06,7.80934202064179e-05
2825,EN_SampEn_5_03_sampen4,entropy,4.59245894147181e-06,5.90139263616206e-05
2826,EN_SampEn_5_03_sampen5,entropy,7.3751706263707e-06,8.17816817587741e-05
2827,EN_SampEn_5_03_meanchsampen,entropy,7.57669573527021e-05,0.000466595994285369
2828,EN_SampEn_5_01_diff1_sampen0,entropy,8.11026050600951e-07,2.6730066917723e-05
2829,EN_SampEn_5_01_diff1_sampen1,entropy,3.39893536496135e-06,4.81054092706955e-05
2830,EN_SampEn_5_01_diff1_sampen2,entropy,9.3125620761273e-06,9.39038660339239e-05
2831,EN_SampEn_5_01_diff1_sampen3,entropy,8.28993397906581e-06,8.84798200854116e-05
2832,EN_SampEn_5_01_diff1_sampen4,entropy,7.8197737788281e-06,8.51207485190784e-05
2833,EN_SampEn_5_01_diff1_sampen5,entropy,4.70247342896548e-05,0.000323136180895804
2835,EN_SampEn_5_02_diff1_sampen0,entropy,8.11026050600951e-07,2.6730066917723e-05
2836,EN_SampEn_5_02_diff1_sampen1,entropy,3.0102618480377e-06,4.46459460337092e-05
2837,EN_SampEn_5_02_diff1_sampen2,entropy,7.3751706263707e-06,8.17816817587741e-05
2838,EN_SampEn_5_02_diff1_sampen3,entropy,6.95480101290475e-06,7.80934202064179e-05
2839,EN_SampEn_5_02_diff1_sampen4,entropy,5.82681221138167e-06,6.94825395859734e-05
2840,EN_SampEn_5_02_diff1_sampen5,entropy,9.3125620761273e-06,9.39038660339239e-05
2842,EN_mse_1-10_2_015_sampen_s2,entropy,1.95865484438265e-06,3.40920876214183e-05
2843,EN_mse_1-10_2_015_sampen_s3,entropy,9.32965976131512e-05,0.000548454565159392
2844,EN_mse_1-10_2_015_sampen_s4,entropy,0.000120613121939985,0.000679845459295924
2847,EN_mse_1-10_2_015_sampen_s7,entropy,0.00818056932224017,0.0237606989004601
2848,EN_mse_1-10_2_015_sampen_s8,entropy,0.00188893854939985,0.00695672712528585
2849,EN_mse_1-10_2_015_sampen_s9,entropy,0.00242827797978465,0.0086047341652996
2850,EN_mse_1-10_2_015_sampen_s10,entropy,0.0101844541042579,0.0284549170989843
2852,EN_mse_1-10_2_015_maxScale,entropy,0.00136974757334866,0.00532563242745447
2853,EN_mse_1-10_2_015_minSampEn,entropy,1.24229200737778e-05,0.000115909263440661
2856,EN_mse_1-10_2_015_stdSampEn,entropy,0.000140455025433301,0.000763865031367202
2857,EN_mse_1-10_2_015_cvSampEn,entropy,2.18599433306592e-05,0.000178055991499957
2858,EN_mse_1-10_2_015_meanch,entropy,1.24229200737778e-05,0.000115909263440661
2862,EN_mse_1-10_2_015_diff1_sampen_s4,entropy,1.56018019057256e-05,0.00013611424971429
2863,EN_mse_1-10_2_015_diff1_sampen_s5,entropy,9.67031093838127e-08,2.6730066917723e-05
2864,EN_mse_1-10_2_015_diff1_sampen_s6,entropy,4.83557438253742e-07,2.6730066917723e-05
2865,EN_mse_1-10_2_015_diff1_sampen_s7,entropy,5.87706654304219e-07,2.6730066917723e-05
2866,EN_mse_1-10_2_015_diff1_sampen_s8,entropy,1.43441430774462e-06,2.92595858362005e-05
2867,EN_mse_1-10_2_015_diff1_sampen_s9,entropy,1.43441430774462e-06,2.92595858362005e-05
2868,EN_mse_1-10_2_015_diff1_sampen_s10,entropy,1.52708182821975e-06,2.96220586787368e-05
2871,EN_mse_1-10_2_015_diff1_minSampEn,entropy,1.62549066485909e-06,3.0691688576824e-05
2873,EN_mse_1-10_2_015_diff1_meanSampEn,entropy,7.13316180766304e-07,2.6730066917723e-05
2874,EN_mse_1-10_2_015_diff1_stdSampEn,entropy,1.95865484438265e-06,3.40920876214183e-05
2875,EN_mse_1-10_2_015_diff1_cvSampEn,entropy,7.13316180766304e-07,2.6730066917723e-05
2876,EN_mse_1-10_2_015_diff1_meanch,entropy,1.24229200737778e-05,0.000115909263440661
2889,EN_mse_1-10_2_015_rescale_tau_minSampEn,entropy,0.00395041253231895,0.0129778434783473
2891,EN_mse_1-10_2_015_rescale_tau_meanSampEn,entropy,0.0197042011871398,0.0491672654227999
2892,EN_mse_1-10_2_015_rescale_tau_stdSampEn,entropy,0.0140114417696054,0.0371498897422051
2893,EN_mse_1-10_2_015_rescale_tau_cvSampEn,entropy,0.0101844541042579,0.0284549170989843
2894,EN_mse_1-10_2_015_rescale_tau_meanch,entropy,0.00242827797978465,0.0086047341652996
2895,EN_Randomize_statdist_xcn1fexpa,"entropy,slow",5.82681221138167e-06,6.94825395859734e-05
2901,EN_Randomize_statdist_xc1fexpa,"entropy,slow",9.3125620761273e-06,9.39038660339239e-05
2910,EN_Randomize_statdist_d1fexpr2,"entropy,slow",0.010943570085506,0.0302435075460858
2911,EN_Randomize_statdist_d1fexprmse,"entropy,slow,lengthDependent",0.00583240319190966,0.0180604081440648
2913,EN_Randomize_statdist_ac1fexpa,"entropy,slow",2.44316942629559e-05,0.000192186996086169
2919,EN_Randomize_statdist_ac2fexpa,"entropy,slow",8.11026050600951e-07,2.6730066917723e-05
2925,EN_Randomize_statdist_ac3fexpa,"entropy,slow",2.8322842707188e-06,4.2538041610226e-05
2927,EN_Randomize_statdist_ac3fexpr2,"entropy,slow",3.78942790951893e-05,0.000271397759435264
2931,EN_Randomize_statdist_ac4fexpa,"entropy,slow",1.17306779714729e-05,0.000112245559783488
2933,EN_Randomize_statdist_ac4fexpr2,"entropy,slow",4.9613796147306e-05,0.00033670220664697
2937,EN_Randomize_statdist_sampen2_015fexpa,"entropy,slow",0.000267581120235988,0.00131827681312111
2938,EN_Randomize_statdist_sampen2_015fexpb,"entropy,slow",2.72896655970471e-05,0.000209348199768727
2941,EN_Randomize_statdist_sampen2_015fexprmse,"entropy,slow",0.00286256220704461,0.00984948301205926
2943,EN_Randomize_statdist_sampen2_015hp,"entropy,slow",0.00181818243029243,0.00672425042460325
2958,EN_Randomize_dyndist_xcn1fexpa,"entropy,slow",2.58231003683401e-05,0.000200692851006783
2964,EN_Randomize_dyndist_xc1fexpa,"entropy,slow",1.04550591732956e-05,0.000102098170445393
2972,EN_Randomize_dyndist_d1fexpc,"entropy,slow,lengthDependent",0.0150172581412796,0.0392610579169185
2976,EN_Randomize_dyndist_ac1fexpa,"entropy,slow",1.84801124407888e-05,0.000155508180219829
2982,EN_Randomize_dyndist_ac2fexpa,"entropy,slow",9.82136182665932e-07,2.76356817565169e-05
2984,EN_Randomize_dyndist_ac2fexpr2,"entropy,slow",0.00253079653773657,0.00889276433965776
2988,EN_Randomize_dyndist_ac3fexpa,"entropy,slow",2.35690423947498e-06,3.75364681897593e-05
2990,EN_Randomize_dyndist_ac3fexpr2,"entropy,slow",0.000126913156158702,0.000705855280229532
2994,EN_Randomize_dyndist_ac4fexpa,"entropy,slow",1.39260980630824e-05,0.000125176631453388
2995,EN_Randomize_dyndist_ac4fexpb,"entropy,slow",0.00653714319617325,0.0197697206514687
2996,EN_Randomize_dyndist_ac4fexpr2,"entropy,slow",3.04637264727127e-05,0.00022900873153035
3000,EN_Randomize_dyndist_sampen2_015fexpa,"entropy,slow",0.000431902709468371,0.00198113104942354
3001,EN_Randomize_dyndist_sampen2_015fexpb,"entropy,slow",1.17306779714729e-05,0.000112245559783488
3004,EN_Randomize_dyndist_sampen2_015fexprmse,"entropy,slow",0.00540141912727418,0.0169694186968512
3006,EN_Randomize_dyndist_sampen2_015hp,"entropy,slow",0.000346619351134667,0.00165387611308827
3021,EN_Randomize_permute_xcn1fexpa,"entropy,slow",1.1149831476865e-06,2.80479329624742e-05
3027,EN_Randomize_permute_xc1fexpa,"entropy,slow",4.87516924146122e-06,6.14412047036453e-05
3039,EN_Randomize_permute_ac1fexpa,"entropy,slow",0.000520910653425132,0.00232791145118237
3045,EN_Randomize_permute_ac2fexpa,"entropy,slow",5.82681221138167e-06,6.94825395859734e-05
3047,EN_Randomize_permute_ac2fexpr2,"entropy,slow",0.00146169723557975,0.00560356630053433
3051,EN_Randomize_permute_ac3fexpa,"entropy,slow",2.8322842707188e-06,4.2538041610226e-05
3053,EN_Randomize_permute_ac3fexpr2,"entropy,slow",4.45641297611193e-05,0.000310119295962276
3057,EN_Randomize_permute_ac4fexpa,"entropy,slow",9.32965976131512e-05,0.000548454565159392
3059,EN_Randomize_permute_ac4fexpr2,"entropy,slow",1.95471950625266e-05,0.000162565983236129
3063,EN_Randomize_permute_sampen2_015fexpa,"entropy,slow",8.85862417242377e-05,0.000530399877909881
3064,EN_Randomize_permute_sampen2_015fexpb,"entropy,slow",0.000520910653425132,0.00232791145118237
3066,EN_Randomize_permute_sampen2_015fexpr2,"entropy,slow",0.000752398562734347,0.00320546102220575
3067,EN_Randomize_permute_sampen2_015fexprmse,"entropy,slow",3.58899897678485e-05,0.000259919468115273
3069,EN_Randomize_permute_sampen2_015hp,"entropy,slow",0.00914309980996748,0.0260776152031885
3085,FC_LocalSimple_mean1_meanabserr,forecasting,5.50793468636543e-07,2.6730066917723e-05
3090,FC_LocalSimple_mean1_ac2,forecasting,0.000626782424265422,0.00273914308062955
3091,FC_LocalSimple_mean1_taures,forecasting,4.9613796147306e-05,0.00033670220664697
3094,FC_LocalSimple_mean2_meanabserr,forecasting,5.87706654304219e-07,2.6730066917723e-05
3095,FC_LocalSimple_mean2_stderr,forecasting,4.83557438253742e-07,2.6730066917723e-05
3099,FC_LocalSimple_mean2_ac1,forecasting,0.00480871169077813,0.0153168762982772
3100,FC_LocalSimple_mean2_ac2,forecasting,0.000171721588064445,0.000904205610525726
3101,FC_LocalSimple_mean2_taures,forecasting,1.31540392168145e-05,0.000120986570005817
3104,FC_LocalSimple_mean3_meanabserr,forecasting,1.62549066485909e-06,3.0691688576824e-05
3105,FC_LocalSimple_mean3_stderr,forecasting,1.34716678791654e-06,2.92595858362005e-05
3109,FC_LocalSimple_mean3_ac1,forecasting,0.000411985081919444,0.00191945143860243
3110,FC_LocalSimple_mean3_ac2,forecasting,2.72896655970471e-05,0.000209348199768727
3111,FC_LocalSimple_mean3_taures,forecasting,6.55740619856895e-06,7.50517278578976e-05
3114,FC_LocalSimple_mean4_meanabserr,forecasting,3.83548211191478e-06,5.14214635682134e-05
3115,FC_LocalSimple_mean4_stderr,forecasting,3.19894145993939e-06,4.60065944511282e-05
3119,FC_LocalSimple_mean4_ac1,forecasting,0.000108887185280847,0.00062362660660849
3120,FC_LocalSimple_mean4_ac2,forecasting,1.24229200737778e-05,0.000115909263440661
3121,FC_LocalSimple_mean4_taures,forecasting,1.62549066485909e-06,3.0691688576824e-05
3122,FC_LocalSimple_mean4_tauresrat,forecasting,0.0166452400339562,0.0426556745146631
3123,FC_LocalSimple_meantau_meanerr,forecasting,0.000656213856332496,0.00285200637559893
3124,FC_LocalSimple_meantau_meanabserr,forecasting,0.00159305660196512,0.0060292237902125
3125,FC_LocalSimple_meantau_stderr,forecasting,0.00263725978627337,0.00918974665613321
3127,FC_LocalSimple_meantau_swm,forecasting,0.0091335656357516,0.0260608632308279
3129,FC_LocalSimple_meantau_ac1,forecasting,2.66442794601493e-06,4.07915323606028e-05
3130,FC_LocalSimple_meantau_ac2,forecasting,5.82681221138167e-06,6.94825395859734e-05
3131,FC_LocalSimple_meantau_taures,forecasting,0.000231112917058414,0.00116275113536315
3134,FC_LoopLocalSimple_mean_stderr_meansgndiff,forecasting,0.001953125,0.0071782637454827
3135,FC_LoopLocalSimple_mean_stderr_peakpos,forecasting,0.001953125,0.0071782637454827
3136,FC_LoopLocalSimple_mean_stderr_peaksize,forecasting,3.19894145993939e-06,4.60065944511282e-05
3150,FC_LoopLocalSimple_mean_ac1_stdn,forecasting,1.04653269791364e-06,2.76961571615137e-05
3153,FC_LoopLocalSimple_mean_ac2_stdn,forecasting,1.27225702936697e-07,2.6730066917723e-05
3155,FC_LocalSimple_median3_meanabserr,forecasting,1.04653269791364e-06,2.76961571615137e-05
3156,FC_LocalSimple_median3_stderr,forecasting,1.04653269791364e-06,2.76961571615137e-05
3158,FC_LocalSimple_median3_swm,forecasting,0.0135312008308029,0.0360376426167174
3160,FC_LocalSimple_median3_ac1,forecasting,0.000942271767787704,0.00388421118406524
3161,FC_LocalSimple_median3_ac2,forecasting,4.22259746751932e-05,0.000297042207225989
3162,FC_LocalSimple_median3_taures,forecasting,7.3751706263707e-06,8.17816817587741e-05
3165,FC_LocalSimple_median5_meanabserr,forecasting,1.17306779714729e-05,0.000112245559783488
3166,FC_LocalSimple_median5_stderr,forecasting,7.8197737788281e-06,8.51207485190784e-05
3170,FC_LocalSimple_median5_ac1,forecasting,3.78942790951893e-05,0.000271397759435264
3171,FC_LocalSimple_median5_ac2,forecasting,7.8197737788281e-06,8.51207485190784e-05
3172,FC_LocalSimple_median5_taures,forecasting,1.95865484438265e-06,3.40920876214183e-05
3173,FC_LocalSimple_median5_tauresrat,forecasting,0.0160861401361776,0.0414167202999814
3175,FC_LocalSimple_median7_meanabserr,forecasting,0.000103435837958387,0.000597694586384543
3176,FC_LocalSimple_median7_stderr,forecasting,6.82179820007579e-05,0.000432452194001242
3180,FC_LocalSimple_median7_ac1,forecasting,9.86802931933148e-06,9.70310783485094e-05
3181,FC_LocalSimple_median7_ac2,forecasting,1.62549066485909e-06,3.0691688576824e-05
3182,FC_LocalSimple_median7_taures,forecasting,3.61088889258424e-06,4.95297071797827e-05
3183,FC_LocalSimple_median7_tauresrat,forecasting,0.00704859648267514,0.0210482207886595
3185,FC_LocalSimple_lfit2_meanabserr,forecasting,5.82681221138167e-06,6.94825395859734e-05
3187,FC_LocalSimple_lfit2_swm,forecasting,0.0135312008308029,0.0360376426167174
3192,FC_LocalSimple_lfit2_tauresrat,forecasting,0.00181057379343184,0.00670279502623051
3194,FC_LocalSimple_lfit3_meanabserr,forecasting,1.1149831476865e-06,2.80479329624742e-05
3195,FC_LocalSimple_lfit3_stderr,forecasting,1.34716678791654e-06,2.92595858362005e-05
3202,FC_LocalSimple_lfit3_tauresrat,forecasting,0.00286256220704461,0.00984948301205926
3204,FC_LocalSimple_lfit4_meanabserr,forecasting,3.97323460579137e-07,2.6730066917723e-05
3205,FC_LocalSimple_lfit4_stderr,forecasting,3.4829427824527e-07,2.6730066917723e-05
3212,FC_LocalSimple_lfit4_tauresrat,forecasting,0.00731756136170696,0.0217057163891633
3214,FC_LocalSimple_lfit5_meanabserr,forecasting,4.83557438253742e-07,2.6730066917723e-05
3215,FC_LocalSimple_lfit5_stderr,forecasting,3.2602341299532e-07,2.6730066917723e-05
3220,FC_LocalSimple_lfit5_ac2,forecasting,0.00629414882979977,0.0191979629474484
3221,FC_LocalSimple_lfit5_taures,forecasting,0.00253079653773657,0.00889276433965776
3222,FC_LocalSimple_lfit5_tauresrat,forecasting,0.00704859648267514,0.0210482207886595
3229,FC_LocalSimple_lfittau_ac1,forecasting,1.56018019057256e-05,0.00013611424971429
3230,FC_LocalSimple_lfittau_ac2,forecasting,3.21794070598959e-05,0.000238134302348647
3231,FC_LocalSimple_lfittau_taures,forecasting,0.000220031677037124,0.00111806246168971
3261,DN_SimpleFit_exp1_AC2_hsqrt,"distribution,gof,exp1",0.00818056932224017,0.0237606989004601
3269,DN_CompareKSFit_norm_psy,"distribution,ksdensity,raw",0.0101844541042579,0.0284549170989843
3271,DN_CompareKSFit_norm_olapint,"distribution,ksdensity,raw",0.00049718147462051,0.00223167397088487
3272,DN_CompareKSFit_norm_relent,"distribution,ksdensity,raw",0.0172213319317616,0.0440052627502553
3273,DN_CompareKSFit_ev_adiff,"distribution,ksdensity,raw,locationDependent",0.00880542419332382,0.0252969389960744
3274,DN_CompareKSFit_ev_psy,"distribution,ksdensity,raw,locationDependent",0.00411003277270197,0.0134094057327522
3277,DN_CompareKSFit_ev_relent,"distribution,ksdensity,raw,locationDependent",0.00704859648267514,0.0210482207886595
3278,DN_CompareKSFit_uni_adiff,"distribution,ksdensity,raw,locationDependent",0.0197042011871398,0.0491672654227999
3283,DN_CompareKSFit_beta_adiff,"distribution,ksdensity,raw",0.00152607557784433,0.00581280472909244
3284,DN_CompareKSFit_beta_psy,"distribution,ksdensity,raw",0.00223455572247879,0.00800997089039603
3287,DN_CompareKSFit_beta_relent,"distribution,ksdensity,raw",0.00029481867962687,0.0014405038986024
3314,DN_OutlierInclude_abs_001_mfexpb,"distribution,outliers",0.0121766025070389,0.0330103706198057
3318,DN_OutlierInclude_abs_001_nfexpa,"distribution,outliers",0.00336668407320579,0.0113643546311769
3319,DN_OutlierInclude_abs_001_nfexpb,"distribution,outliers",0.000571568005964199,0.00252732461767648
3320,DN_OutlierInclude_abs_001_nfexpc,"distribution,outliers",0.00188893854939985,0.00695672712528585
3323,DN_OutlierInclude_abs_001_nfla,"distribution,outliers",0.00947257968258233,0.0268452606529871
3324,DN_OutlierInclude_abs_001_nflb,"distribution,outliers",0.00379644200152357,0.0125882024261045
3325,DN_OutlierInclude_abs_001_nflr2,"distribution,outliers",0.00263725978627337,0.00918974665613321
3326,DN_OutlierInclude_abs_001_nflrmse,"distribution,outliers",0.00205509104458358,0.00746057784109664
3328,DN_OutlierInclude_abs_001_mdtmd,"distribution,outliers",0.00395041253231895,0.0129778434783473
3338,DN_OutlierInclude_abs_001_stdrfexpa,"distribution,outliers",0.00704859648267514,0.0210482207886595
3339,DN_OutlierInclude_abs_001_stdrfexpb,"distribution,outliers",0.00519689746784096,0.0164065246445941
3340,DN_OutlierInclude_abs_001_stdrfexpc,"distribution,outliers",0.0113416610170194,0.0311501870293831
3345,DN_OutlierInclude_abs_001_stdrflr2,"distribution,outliers",0.00947257968258233,0.0268452606529871
3348,DN_OutlierInclude_p_001_mfexpb,"distribution,outliers",0.017814839449509,0.0452942293003767
3352,DN_OutlierInclude_p_001_nfexpa,"distribution,outliers",0.0190558322334121,0.0478850934238124
3353,DN_OutlierInclude_p_001_nfexpb,"distribution,outliers",0.00411003277270197,0.0134094057327522
3354,DN_OutlierInclude_p_001_nfexpc,"distribution,outliers",0.0101844541042579,0.0284549170989843
3357,DN_OutlierInclude_p_001_nfla,"distribution,outliers",0.01842619348603,0.0466155193415237
3358,DN_OutlierInclude_p_001_nflb,"distribution,outliers",0.0135312008308029,0.0360376426167174
3359,DN_OutlierInclude_p_001_nflr2,"distribution,outliers",0.00880542419332382,0.0252969389960744
3360,DN_OutlierInclude_p_001_nflrmse,"distribution,outliers",0.00678854239663417,0.0204431613035696
3362,DN_OutlierInclude_p_001_mdtmd,"distribution,outliers",0.00605931502191424,0.0185772022571092
3373,DN_OutlierInclude_p_001_stdrfexpb,"distribution,outliers",0.0105579451035292,0.0293143569391672
3375,DN_OutlierInclude_p_001_stdrfexpr2,"distribution,outliers",0.0105579451035292,0.0293143569391672
3386,DN_OutlierInclude_n_001_nfexpa,"distribution,outliers",0.00298168202047877,0.0101952902515794
3387,DN_OutlierInclude_n_001_nfexpb,"distribution,outliers",0.000357259343652894,0.00169216850796072
3391,DN_OutlierInclude_n_001_nflb,"distribution,outliers",0.00395041253231895,0.0129778434783473
3392,DN_OutlierInclude_n_001_nflr2,"distribution,outliers",0.00480871169077813,0.0153168762982772
3393,DN_OutlierInclude_n_001_nflrmse,"distribution,outliers",0.00653714319617325,0.0197697206514687
3416,ST_LocalExtrema_l50_minmax,"distribution,stationarity",0.0135312008308029,0.0360376426167174
3417,ST_LocalExtrema_l50_minabsmin,"distribution,stationarity",0.00759569887611432,0.0223537744105241
3419,ST_LocalExtrema_l50_meanmax,"distribution,stationarity",0.000686926233975337,0.00297097682847535
3420,ST_LocalExtrema_l50_meanabsmin,"distribution,stationarity",0.000147725636058422,0.00079490461307627
3422,ST_LocalExtrema_l50_medianmax,"distribution,stationarity",0.00029481867962687,0.0014405038986024
3423,ST_LocalExtrema_l50_medianabsmin,"distribution,stationarity",0.000474463308048828,0.00214866685114479
3425,ST_LocalExtrema_l50_stdmax,"distribution,stationarity",0.0105579451035292,0.0293143569391672
3426,ST_LocalExtrema_l50_stdmin,"distribution,stationarity",0.0101844541042579,0.0284549170989843
3429,ST_LocalExtrema_l50_meanabsext,"distribution,stationarity",0.000357259343652894,0.00169216850796072
3430,ST_LocalExtrema_l50_medianabsext,"distribution,stationarity",0.000411985081919444,0.00191945143860243
3433,ST_LocalExtrema_l50_maxmaxmed,"distribution,stationarity",0.00263725978627337,0.00918974665613321
3434,ST_LocalExtrema_l50_minminmed,"distribution,stationarity",0.00197040771953243,0.00718245394539241
3435,ST_LocalExtrema_l50_maxabsext,"distribution,stationarity",0.00480871169077813,0.0153168762982772
3438,ST_LocalExtrema_l100_minmax,"distribution,stationarity",0.00731756136170696,0.0217057163891633
3441,ST_LocalExtrema_l100_meanmax,"distribution,stationarity",0.0166452400339562,0.0426556745146631
3442,ST_LocalExtrema_l100_meanabsmin,"distribution,stationarity",0.00427548416137376,0.0138225121456947
3444,ST_LocalExtrema_l100_medianmax,"distribution,stationarity",0.00444695290880556,0.014305403415177
3447,ST_LocalExtrema_l100_stdmax,"distribution,stationarity",0.00653714319617325,0.0197697206514687
3451,ST_LocalExtrema_l100_meanabsext,"distribution,stationarity",0.0121766025070389,0.0330103706198057
3452,ST_LocalExtrema_l100_medianabsext,"distribution,stationarity",0.00159305660196512,0.0060292237902125
3455,ST_LocalExtrema_l100_maxmaxmed,"distribution,stationarity",0.00395041253231895,0.0129778434783473
3456,ST_LocalExtrema_l100_minminmed,"distribution,stationarity",0.017814839449509,0.0452942293003767
3457,ST_LocalExtrema_l100_maxabsext,"distribution,stationarity",0.0105579451035292,0.0293143569391672
3464,ST_LocalExtrema_n25_meanabsmin,"distribution,stationarity",0.0145066650137748,0.0381221661989897
3467,ST_LocalExtrema_n25_medianabsmin,"distribution,stationarity",0.0145066650137748,0.0381221661989897
3469,ST_LocalExtrema_n25_stdmax,"distribution,stationarity",0.0150172581412796,0.0392610579169185
3474,ST_LocalExtrema_n25_medianabsext,"distribution,stationarity",0.0101844541042579,0.0284549170989843
3477,ST_LocalExtrema_n25_maxmaxmed,"distribution,stationarity",0.00678854239663417,0.0204431613035696
3478,ST_LocalExtrema_n25_minminmed,"distribution,stationarity",0.0113416610170194,0.0311501870293831
3479,ST_LocalExtrema_n25_maxabsext,"distribution,stationarity",0.0190558322334121,0.0478850934238124
3483,ST_LocalExtrema_n50_minabsmin,"distribution,stationarity",0.00427548416137376,0.0138225121456947
3486,ST_LocalExtrema_n50_meanabsmin,"distribution,stationarity",0.00117574116189045,0.00469702656088558
3489,ST_LocalExtrema_n50_medianabsmin,"distribution,stationarity",0.00982277183238884,0.0276287288323889
3491,ST_LocalExtrema_n50_stdmax,"distribution,stationarity",0.0135312008308029,0.0360376426167174
3492,ST_LocalExtrema_n50_stdmin,"distribution,stationarity",0.0190558322334121,0.0478850934238124
3495,ST_LocalExtrema_n50_meanabsext,"distribution,stationarity",0.00605931502191424,0.0185772022571092
3496,ST_LocalExtrema_n50_medianabsext,"distribution,stationarity",0.0155436158790251,0.040414536684726
3499,ST_LocalExtrema_n50_maxmaxmed,"distribution,stationarity",0.0145066650137748,0.0381221661989897
3500,ST_LocalExtrema_n50_minminmed,"distribution,stationarity",0.0190558322334121,0.0478850934238124
3501,ST_LocalExtrema_n50_maxabsext,"distribution,stationarity",0.0160861401361776,0.0414167202999814
3507,ST_LocalExtrema_n100_meanmax,"distribution,stationarity",0.00364794442843455,0.0121809176294679
3508,ST_LocalExtrema_n100_meanabsmin,"distribution,stationarity",0.000126913156158702,0.000705855280229532
3510,ST_LocalExtrema_n100_medianmax,"distribution,stationarity",0.00107658530464083,0.00433741413907078
3511,ST_LocalExtrema_n100_medianabsmin,"distribution,stationarity",0.000752398562734347,0.00320546102220575
3513,ST_LocalExtrema_n100_stdmax,"distribution,stationarity",0.00759569887611432,0.0223537744105241
3514,ST_LocalExtrema_n100_stdmin,"distribution,stationarity",0.017814839449509,0.0452942293003767
3517,ST_LocalExtrema_n100_meanabsext,"distribution,stationarity",0.000431902709468371,0.00198113104942354
3518,ST_LocalExtrema_n100_medianabsext,"distribution,stationarity",0.000267581120235988,0.00131827681312111
3521,ST_LocalExtrema_n100_maxmaxmed,"distribution,stationarity",0.00263725978627337,0.00918974665613321
3522,ST_LocalExtrema_n100_minminmed,"distribution,stationarity",0.000942271767787704,0.00388421118406524
3523,ST_LocalExtrema_n100_maxabsext,"distribution,stationarity",0.00583240319190966,0.0180604081440648
3524,EX_MovingThreshold_01_01_meanq,outliers,6.26998872165287e-07,2.6730066917723e-05
3525,EX_MovingThreshold_01_01_medianq,outliers,6.26998872165287e-07,2.6730066917723e-05
3528,EX_MovingThreshold_01_01_minq,outliers,0.00166273463464593,0.00623656894839009
3529,EX_MovingThreshold_01_01_stdq,outliers,0.00519689746784096,0.0164065246445941
3530,EX_MovingThreshold_01_01_meanqover,outliers,8.64595004250958e-07,2.71147657941082e-05
3531,EX_MovingThreshold_01_01_pkick,outliers,7.13316180766304e-07,2.6730066917723e-05
3532,EX_MovingThreshold_01_01_stdkickf,outliers,9.32965976131512e-05,0.000548454565159392
3533,EX_MovingThreshold_01_01_meankickf,outliers,1.39260980630824e-05,0.000125176631453388
3534,EX_MovingThreshold_01_01_mediankickf,outliers,3.66242633191485e-06,5.01400251094266e-05
3535,EX_MovingThreshold_01_002_meanq,outliers,8.7870425947142e-06,9.10552492456629e-05
3536,EX_MovingThreshold_01_002_medianq,outliers,6.95480101290475e-06,7.80934202064179e-05
3539,EX_MovingThreshold_01_002_minq,outliers,7.18988102492802e-05,0.000449383345184043
3541,EX_MovingThreshold_01_002_meanqover,outliers,2.58231003683401e-05,0.000200692851006783
3542,EX_MovingThreshold_01_002_pkick,outliers,1.31540392168145e-05,0.000120986570005817
3543,EX_MovingThreshold_01_002_stdkickf,outliers,0.000571568005964199,0.00252732461767648
3544,EX_MovingThreshold_01_002_meankickf,outliers,1.39260980630824e-05,0.000125176631453388
3545,EX_MovingThreshold_01_002_mediankickf,outliers,4.39302771665998e-07,2.6730066917723e-05
3546,EX_MovingThreshold_1_01_meanq,outliers,1.56039295066102e-07,2.6730066917723e-05
3547,EX_MovingThreshold_1_01_medianq,outliers,1.91117503015364e-07,2.6730066917723e-05
3548,EX_MovingThreshold_1_01_iqrq,outliers,9.32965976131512e-05,0.000548454565159392
3550,EX_MovingThreshold_1_01_minq,outliers,0.00181057379343184,0.00670279502623051
3552,EX_MovingThreshold_1_01_meanqover,outliers,1.45796399486326e-07,2.6730066917723e-05
3553,EX_MovingThreshold_1_01_pkick,outliers,1.78653201486373e-07,2.6730066917723e-05
3554,EX_MovingThreshold_1_01_stdkickf,outliers,1.17306779714729e-05,0.000112245559783488
3555,EX_MovingThreshold_1_01_meankickf,outliers,0.00117574116189045,0.00469702656088558
3556,EX_MovingThreshold_1_01_mediankickf,outliers,0.00219384105692087,0.00791584109691824
3557,EX_MovingThreshold_1_002_meanq,outliers,9.86802931933148e-06,9.70310783485094e-05
3558,EX_MovingThreshold_1_002_medianq,outliers,6.95480101290475e-06,7.80934202064179e-05
3559,EX_MovingThreshold_1_002_iqrq,outliers,0.00242827797978465,0.0086047341652996
3561,EX_MovingThreshold_1_002_minq,outliers,0.000861541430768804,0.00360995494152037
3563,EX_MovingThreshold_1_002_meanqover,outliers,2.31118018635252e-05,0.000186969224393677
3564,EX_MovingThreshold_1_002_pkick,outliers,2.44316942629559e-05,0.000192186996086169
3566,EX_MovingThreshold_1_002_meankickf,outliers,0.00214310157010038,0.00774060886734887
3569,SB_BinaryStats_mean_pstretch1,"symbolic,distribution,stationarity",2.21621930828942e-06,3.67768420879077e-05
3570,SB_BinaryStats_mean_longstretch1,"symbolic,distribution,correlation",0.0130646725040748,0.0350202311624074
3571,SB_BinaryStats_mean_meanstretch1,"symbolic,distribution,correlation",4.59245894147181e-06,5.90139263616206e-05
3572,SB_BinaryStats_mean_stdstretch1,"symbolic,distribution,correlation",0.000155349545893666,0.000830904145166796
3573,SB_BinaryStats_mean_longstretch0,"symbolic,distribution,correlation",0.00152607557784433,0.00581280472909244
3574,SB_BinaryStats_mean_meanstretch0,"symbolic,distribution,correlation",4.07343157778537e-06,5.39010397811413e-05
3575,SB_BinaryStats_mean_stdstretch0,"symbolic,distribution,correlation",7.18988102492802e-05,0.000449383345184043
3582,SB_BinaryStats_diff_longstretch1,"symbolic,distribution,correlation",4.48376574014932e-05,0.000311718049844951
3583,SB_BinaryStats_diff_longstretch0,"symbolic,distribution,correlation",1.45836322270158e-05,0.000130756773078244
3587,SB_BinaryStats_diff_stdstretch1,"symbolic,distribution,correlation",0.000163342672991421,0.000866495148305461
3588,SB_BinaryStats_diff_stdstretch0,"symbolic,distribution,correlation",0.000163342672991421,0.000866495148305461
3593,SB_BinaryStats_iqr_pstretch1,"symbolic,distribution,correlation",7.1747696791623e-07,2.6730066917723e-05
3594,SB_BinaryStats_iqr_longstretch1,"symbolic,distribution,correlation",0.00163841218900869,0.00619100656770321
3595,SB_BinaryStats_iqr_longstretch0,"symbolic,distribution,correlation",0.00217899364672148,0.00786625546197272
3596,SB_BinaryStats_iqr_meanstretch1,"symbolic,distribution,correlation",1.06721272608701e-06,2.80479329624742e-05
3597,SB_BinaryStats_iqr_meanstretch0,"symbolic,distribution,correlation",9.82136182665932e-07,2.76356817565169e-05
3599,SB_BinaryStats_iqr_stdstretch1,"symbolic,distribution,correlation",3.83548211191478e-06,5.14214635682134e-05
3600,SB_BinaryStats_iqr_stdstretch0,"symbolic,distribution,correlation",3.78942790951893e-05,0.000271397759435264
3612,SB_MotifTwo_diff_ddu,"symbolic,motifs",0.00310530796992304,0.0105571573246811
3614,SB_MotifTwo_diff_duu,"symbolic,motifs",0.00641409322774617,0.0195386947746363
3615,SB_MotifTwo_diff_udd,"symbolic,motifs",0.00310530796992304,0.0105571573246811
3617,SB_MotifTwo_diff_uud,"symbolic,motifs",0.00561318037248673,0.0175110565607945
3620,SB_MotifTwo_diff_dddd,"symbolic,motifs",0.00605931502191424,0.0185772022571092
3621,SB_MotifTwo_diff_dddu,"symbolic,motifs",0.000431902709468371,0.00198113104942354
3623,SB_MotifTwo_diff_dduu,"symbolic,motifs",6.82179820007579e-05,0.000432452194001242
3627,SB_MotifTwo_diff_duuu,"symbolic,motifs",0.000227222780278793,0.00115295721511385
3628,SB_MotifTwo_diff_uddd,"symbolic,motifs",0.000411985081919444,0.00191945143860243
3632,SB_MotifTwo_diff_uudd,"symbolic,motifs",0.000171721588064445,0.000904205610525726
3634,SB_MotifTwo_diff_uuud,"symbolic,motifs",0.000180503538081067,0.000947643574925602
3635,SB_MotifTwo_diff_uuuu,"symbolic,motifs",0.00731756136170696,0.0217057163891633
3639,SB_MotifTwo_mean_dd,"symbolic,motifs",5.82159585412248e-05,0.000381269005386366
3640,SB_MotifTwo_mean_du,"symbolic,motifs",2.74651113573375e-06,4.18681215744937e-05
3641,SB_MotifTwo_mean_ud,"symbolic,motifs",2.35690423947498e-06,3.75364681897593e-05
3642,SB_MotifTwo_mean_uu,"symbolic,motifs",0.000901068977688017,0.00374472273914827
3643,SB_MotifTwo_mean_hh,"symbolic,motifs",3.83548211191478e-06,5.14214635682134e-05
3644,SB_MotifTwo_mean_ddd,"symbolic,motifs",8.7870425947142e-06,9.10552492456629e-05
3645,SB_MotifTwo_mean_ddu,"symbolic,motifs",4.59245894147181e-06,5.90139263616206e-05
3647,SB_MotifTwo_mean_duu,"symbolic,motifs",2.0836178159175e-06,3.52965738543142e-05
3648,SB_MotifTwo_mean_udd,"symbolic,motifs",4.8762860875909e-06,6.14412047036453e-05
3649,SB_MotifTwo_mean_udu,"symbolic,motifs",0.0110912824348663,0.030639829124491
3650,SB_MotifTwo_mean_uud,"symbolic,motifs",1.95865484438265e-06,3.40920876214183e-05
3651,SB_MotifTwo_mean_uuu,"symbolic,motifs",2.18599433306592e-05,0.000178055991499957
3652,SB_MotifTwo_mean_hhh,"symbolic,motifs",3.0102618480377e-06,4.46459460337092e-05
3653,SB_MotifTwo_mean_dddd,"symbolic,motifs",5.92785317889066e-06,7.05692086630813e-05
3654,SB_MotifTwo_mean_dddu,"symbolic,motifs",9.86802931933148e-06,9.70310783485094e-05
3656,SB_MotifTwo_mean_dduu,"symbolic,motifs",8.7870425947142e-06,9.10552492456629e-05
3659,SB_MotifTwo_mean_duud,"symbolic,motifs",0.000267581120235988,0.00131827681312111
3660,SB_MotifTwo_mean_duuu,"symbolic,motifs",1.74146137365895e-05,0.000148223394991087
3661,SB_MotifTwo_mean_uddd,"symbolic,motifs",1.10753480969413e-05,0.000106981551020523
3662,SB_MotifTwo_mean_uddu,"symbolic,motifs",0.00973246196070877,0.0275488654863959
3664,SB_MotifTwo_mean_uduu,"symbolic,motifs",0.0135645300830829,0.036112898153129
3665,SB_MotifTwo_mean_uudd,"symbolic,motifs",1.74110745817152e-05,0.000148223394991087
3666,SB_MotifTwo_mean_uudu,"symbolic,motifs",0.00623336391652904,0.0190861581599012
3667,SB_MotifTwo_mean_uuud,"symbolic,motifs",2.18599433306592e-05,0.000178055991499957
3668,SB_MotifTwo_mean_uuuu,"symbolic,motifs",9.86802931933148e-06,9.70310783485094e-05
3669,SB_MotifTwo_mean_hhhh,"symbolic,motifs",3.61088889258424e-06,4.95297071797827e-05
3672,SB_MotifTwo_median_dd,"symbolic,motifs",1.34716678791654e-06,2.92595858362005e-05
3673,SB_MotifTwo_median_du,"symbolic,motifs",1.43441430774462e-06,2.92595858362005e-05
3674,SB_MotifTwo_median_ud,"symbolic,motifs",1.43441430774462e-06,2.92595858362005e-05
3675,SB_MotifTwo_median_uu,"symbolic,motifs",1.43441430774462e-06,2.92595858362005e-05
3676,SB_MotifTwo_median_hh,"symbolic,motifs",1.26503510150617e-06,2.89575076772426e-05
3677,SB_MotifTwo_median_ddd,"symbolic,motifs",1.95865484438265e-06,3.40920876214183e-05
3678,SB_MotifTwo_median_ddu,"symbolic,motifs",3.39893536496135e-06,4.81054092706955e-05
3680,SB_MotifTwo_median_duu,"symbolic,motifs",1.43441430774462e-06,2.92595858362005e-05
3681,SB_MotifTwo_median_udd,"symbolic,motifs",3.61088889258424e-06,4.95297071797827e-05
3682,SB_MotifTwo_median_udu,"symbolic,motifs",0.00617472193275626,0.0189147355590757
3683,SB_MotifTwo_median_uud,"symbolic,motifs",1.4791636732941e-06,2.96220586787368e-05
3684,SB_MotifTwo_median_uuu,"symbolic,motifs",1.34716678791654e-06,2.92595858362005e-05
3685,SB_MotifTwo_median_hhh,"symbolic,motifs",1.52708182821975e-06,2.96220586787368e-05
3686,SB_MotifTwo_median_dddd,"symbolic,motifs",1.95865484438265e-06,3.40920876214183e-05
3687,SB_MotifTwo_median_dddu,"symbolic,motifs",8.28993397906581e-06,8.84798200854116e-05
3689,SB_MotifTwo_median_dduu,"symbolic,motifs",7.3751706263707e-06,8.17816817587741e-05
3692,SB_MotifTwo_median_duud,"symbolic,motifs",0.000231112917058414,0.00116275113536315
3693,SB_MotifTwo_median_duuu,"symbolic,motifs",1.24229200737778e-05,0.000115909263440661
3694,SB_MotifTwo_median_uddd,"symbolic,motifs",1.10753480969413e-05,0.000106981551020523
3695,SB_MotifTwo_median_uddu,"symbolic,motifs",0.00789519277235353,0.0230824958301375
3697,SB_MotifTwo_median_uduu,"symbolic,motifs",0.00809777958133766,0.0236553520063778
3698,SB_MotifTwo_median_uudd,"symbolic,motifs",1.10753480969413e-05,0.000106981551020523
3699,SB_MotifTwo_median_uudu,"symbolic,motifs",0.00362340345068635,0.0121559892391311
3700,SB_MotifTwo_median_uuud,"symbolic,motifs",1.47412616174406e-05,0.000130851672636608
3701,SB_MotifTwo_median_uuuu,"symbolic,motifs",1.34716678791654e-06,2.92595858362005e-05
3702,SB_MotifTwo_median_hhhh,"symbolic,motifs",2.50614204546602e-06,3.90398801349509e-05
3703,SB_MotifThree_quantile_aa,"symbolic,motifs",1.26503510150617e-06,2.89575076772426e-05
3704,SB_MotifThree_quantile_ab,"symbolic,motifs",3.60301262463312e-06,4.95297071797827e-05
3705,SB_MotifThree_quantile_ac,"symbolic,motifs",1.21133584581311e-05,0.000115741242904518
3706,SB_MotifThree_quantile_ba,"symbolic,motifs",3.83548211191478e-06,5.14214635682134e-05
3707,SB_MotifThree_quantile_bb,"symbolic,motifs",2.21621930828942e-06,3.67768420879077e-05
3708,SB_MotifThree_quantile_bc,"symbolic,motifs",2.50614204546602e-06,3.90398801349509e-05
3709,SB_MotifThree_quantile_ca,"symbolic,motifs",2.2111977273311e-05,0.000179903047095658
3710,SB_MotifThree_quantile_cb,"symbolic,motifs",2.21621930828942e-06,3.67768420879077e-05
3711,SB_MotifThree_quantile_cc,"symbolic,motifs",1.52708182821975e-06,2.96220586787368e-05
3712,SB_MotifThree_quantile_hh,"symbolic,motifs",1.52708182821975e-06,2.96220586787368e-05
3713,SB_MotifThree_quantile_aaa,"symbolic,motifs",6.68816911061285e-07,2.6730066917723e-05
3714,SB_MotifThree_quantile_aab,"symbolic,motifs",1.34716678791654e-06,2.92595858362005e-05
3715,SB_MotifThree_quantile_aac,"symbolic,motifs",1.66384679048119e-05,0.000143227633632837
3718,SB_MotifThree_quantile_abc,"symbolic,motifs",7.8197737788281e-06,8.51207485190784e-05
3721,SB_MotifThree_quantile_acc,"symbolic,motifs",9.08157321705164e-06,9.38341360409153e-05
3722,SB_MotifThree_quantile_baa,"symbolic,motifs",1.298737499443e-06,2.92595858362005e-05
3726,SB_MotifThree_quantile_bbb,"symbolic,motifs",1.4791636732941e-06,2.96220586787368e-05
3729,SB_MotifThree_quantile_bcb,"symbolic,motifs",0.00930100565452875,0.0264961421586996
3730,SB_MotifThree_quantile_bcc,"symbolic,motifs",3.2967577845732e-06,4.73177795733399e-05
3731,SB_MotifThree_quantile_caa,"symbolic,motifs",1.91586182702776e-05,0.000161027394883242
3734,SB_MotifThree_quantile_cba,"symbolic,motifs",2.88300235063826e-05,0.000217917034812137
3735,SB_MotifThree_quantile_cbb,"symbolic,motifs",0.00160263584084954,0.0060590358741412
3737,SB_MotifThree_quantile_cca,"symbolic,motifs",1.41424998480906e-05,0.000126961483503855
3738,SB_MotifThree_quantile_ccb,"symbolic,motifs",2.38234626883176e-06,3.78569711781546e-05
3739,SB_MotifThree_quantile_ccc,"symbolic,motifs",8.11026050600951e-07,2.6730066917723e-05
3740,SB_MotifThree_quantile_hhh,"symbolic,motifs",2.50614204546602e-06,3.90398801349509e-05
3741,SB_MotifThree_quantile_aaaa,"symbolic,motifs",7.13316180766304e-07,2.6730066917723e-05
3742,SB_MotifThree_quantile_aaab,"symbolic,motifs",5.2337595654733e-05,0.000350873766647247
3743,SB_MotifThree_quantile_aaac,"symbolic,motifs",1.21285246813837e-05,0.000115741242904518
3746,SB_MotifThree_quantile_aabc,"symbolic,motifs",2.18599433306592e-05,0.000178055991499957
3748,SB_MotifThree_quantile_aacb,"symbolic,motifs",0.0102555581785655,0.0286311053620422
3749,SB_MotifThree_quantile_aacc,"symbolic,motifs",1.50302659264889e-05,0.000133085153147605
3757,SB_MotifThree_quantile_abcb,"symbolic,motifs",0.00919221381413098,0.0262071966931512
3758,SB_MotifThree_quantile_abcc,"symbolic,motifs",1.95471950625266e-05,0.000162565983236129
3762,SB_MotifThree_quantile_acba,"symbolic,motifs",0.0107421875,0.02979105290709
3766,SB_MotifThree_quantile_accb,"symbolic,motifs",0.00819419848486976,0.0237905787168792
3767,SB_MotifThree_quantile_accc,"symbolic,motifs",1.37923820293797e-05,0.000125176631453388
3768,SB_MotifThree_quantile_baaa,"symbolic,motifs",2.88300235063826e-05,0.000217917034812137
3769,SB_MotifThree_quantile_baab,"symbolic,motifs",0.000309349520260986,0.00150038033470333
3770,SB_MotifThree_quantile_baac,"symbolic,motifs",0.0102553759885062,0.0286311053620422
3773,SB_MotifThree_quantile_babc,"symbolic,motifs",0.00081669992983789,0.00345459702942123
3776,SB_MotifThree_quantile_bacc,"symbolic,motifs",0.0064697265625,0.0196997362696482
3779,SB_MotifThree_quantile_bbac,"symbolic,motifs",0.015625,0.0405964872262774
3781,SB_MotifThree_quantile_bbbb,"symbolic,motifs",5.50793468636543e-07,2.6730066917723e-05
3789,SB_MotifThree_quantile_bcba,"symbolic,motifs",0.00745253002965144,0.022078469114061
3792,SB_MotifThree_quantile_bcca,"symbolic,motifs",0.0126430456613759,0.034054423784841
3793,SB_MotifThree_quantile_bccb,"symbolic,motifs",1.95272045818708e-05,0.000162565983236129
3794,SB_MotifThree_quantile_bccc,"symbolic,motifs",0.000109700129848368,0.000627777511567949
3795,SB_MotifThree_quantile_caaa,"symbolic,motifs",3.30302795853594e-05,0.000243671047013651
3796,SB_MotifThree_quantile_caab,"symbolic,motifs",0.000992552934226179,0.00406091053951504
3804,SB_MotifThree_quantile_cbaa,"symbolic,motifs",4.45641297611193e-05,0.000310119295962276
3805,SB_MotifThree_quantile_cbab,"symbolic,motifs",0.00281975777602265,0.0097778156880201
3809,SB_MotifThree_quantile_cbbc,"symbolic,motifs",0.0140625925305234,0.037271629272076
3813,SB_MotifThree_quantile_ccaa,"symbolic,motifs",1.50235974690149e-05,0.000133085153147605
3816,SB_MotifThree_quantile_ccba,"symbolic,motifs",4.00045227898351e-05,0.000284223750240355
3819,SB_MotifThree_quantile_ccca,"symbolic,motifs",3.17937777335682e-05,0.000238134302348647
3820,SB_MotifThree_quantile_cccb,"symbolic,motifs",9.32965976131512e-05,0.000548454565159392
3821,SB_MotifThree_quantile_cccc,"symbolic,motifs",1.57818557789337e-06,3.05301715462579e-05
3822,SB_MotifThree_quantile_hhhh,"symbolic,motifs",3.83548211191478e-06,5.14214635682134e-05
3833,SB_MotifThree_diffquant_aaa,"symbolic,motifs",0.00947257968258233,0.0268452606529871
3835,SB_MotifThree_diffquant_aac,"symbolic,motifs",0.003936138818579,0.0129778434783473
3837,SB_MotifThree_diffquant_abb,"symbolic,motifs",0.00689497774032456,0.0207373665117746
3838,SB_MotifThree_diffquant_abc,"symbolic,motifs",0.000571568005964199,0.00252732461767648
3841,SB_MotifThree_diffquant_acc,"symbolic,motifs",0.0115446758140982,0.0316955445894968
3842,SB_MotifThree_diffquant_baa,"symbolic,motifs",0.0174123121488549,0.0444773054135982
3851,SB_MotifThree_diffquant_caa,"symbolic,motifs",0.0193362737373022,0.0485726650444088
3854,SB_MotifThree_diffquant_cba,"symbolic,motifs",0.00286228974634838,0.00984948301205926
3857,SB_MotifThree_diffquant_cca,"symbolic,motifs",0.0180349164128047,0.0458374044779567
3859,SB_MotifThree_diffquant_ccc,"symbolic,motifs",0.0190558322334121,0.0478850934238124
3861,SB_MotifThree_diffquant_aaaa,"symbolic,motifs",0.00078726537066868,0.00333405245317688
3863,SB_MotifThree_diffquant_aaac,"symbolic,motifs",0.000196682897149447,0.00102502602108852
3866,SB_MotifThree_diffquant_aabc,"symbolic,motifs",0.000434493913471295,0.0019917335286556
3869,SB_MotifThree_diffquant_aacc,"symbolic,motifs",0.000251491429995231,0.00125551717400845
3873,SB_MotifThree_diffquant_abba,"symbolic,motifs",0.00410034895849091,0.0134094057327522
3878,SB_MotifThree_diffquant_abcc,"symbolic,motifs",0.000264518032614956,0.00131044110938474
3887,SB_MotifThree_diffquant_accc,"symbolic,motifs",0.000323169762509929,0.00156260235737674
3915,SB_MotifThree_diffquant_caaa,"symbolic,motifs",0.00223411034805002,0.00800997089039603
3924,SB_MotifThree_diffquant_cbaa,"symbolic,motifs",0.0033836301270019,0.01141614354224
3932,SB_MotifThree_diffquant_cbcc,"symbolic,motifs",0.0160711494956674,0.0414167202999814
3933,SB_MotifThree_diffquant_ccaa,"symbolic,motifs",0.00112515380607429,0.00451265912419318
3936,SB_MotifThree_diffquant_ccba,"symbolic,motifs",0.0024799531054516,0.00878347570035322
3938,SB_MotifThree_diffquant_ccbc,"symbolic,motifs",0.000553487740266884,0.00245806564127258
3939,SB_MotifThree_diffquant_ccca,"symbolic,motifs",0.00773769233969241,0.0227622445315166
3941,SB_MotifThree_diffquant_cccc,"symbolic,motifs",0.00253079653773657,0.00889276433965776
3944,MF_AR_arcov_1_res_std,"model,gof",5.16120692670543e-07,2.6730066917723e-05
3946,MF_AR_arcov_1_res_AC2,"model,gof",0.000985214086551646,0.00403320246242735
3947,MF_AR_arcov_2_a2,"model,fit",0.00102996237816126,0.00418988695436
3949,MF_AR_arcov_2_var,"model,fit",3.39866324809848e-05,0.000248409483195206
3951,MF_AR_arcov_2_res_std,"model,gof",2.58231003683401e-05,0.000200692851006783
3957,MF_AR_arcov_3_var,"model,fit",6.47159490551713e-05,0.000415056613805193
3959,MF_AR_arcov_3_res_std,"model,gof",3.39866324809848e-05,0.000248409483195206
3966,MF_AR_arcov_4_var,"model,fit",9.82427974942328e-05,0.000571397447190722
3968,MF_AR_arcov_4_res_std,"model,gof",6.1384547346443e-05,0.000398719518758511
3970,MF_AR_arcov_4_res_AC2,"model,gof",0.0150172581412796,0.0392610579169185
3974,MF_AR_arcov_5_a5,"model,fit",0.00759569887611432,0.0223537744105241
3975,MF_AR_arcov_5_a6,"model,fit",0.00286256220704461,0.00984948301205926
3976,MF_AR_arcov_5_var,"model,fit",6.47159490551713e-05,0.000415056613805193
3978,MF_AR_arcov_5_res_std,"model,gof",4.70247342896548e-05,0.000323136180895804
3980,MF_AR_arcov_5_res_AC2,"model,gof",0.00818056932224017,0.0237606989004601
3981,DN_SimpleFit_sin1_rmse,"model,gof",0.000901068977688017,0.00374472273914827
3982,DN_SimpleFit_sin1_resAC1,model,4.83557438253742e-07,2.6730066917723e-05
3983,DN_SimpleFit_sin1_resAC2,model,5.50793468636543e-07,2.6730066917723e-05
3985,DN_SimpleFit_sin2_rmse,"model,gof",0.00159305660196512,0.0060292237902125
3986,DN_SimpleFit_sin2_resAC1,model,4.83557438253742e-07,2.6730066917723e-05
3987,DN_SimpleFit_sin2_resAC2,model,5.16120692670543e-07,2.6730066917723e-05
3989,DN_SimpleFit_sin3_rmse,"model,gof",0.000861541430768804,0.00360995494152037
3990,DN_SimpleFit_sin3_resAC1,model,5.16120692670543e-07,2.6730066917723e-05
3991,DN_SimpleFit_sin3_resAC2,model,3.97323460579137e-07,2.6730066917723e-05
4017,SC_FluctAnal_2_endptdiff_50_logi_linfitint,scaling,0.000267581120235988,0.00131827681312111
4041,SC_FluctAnal_2_range_50_logi_linfitint,scaling,0.000103435837958387,0.000597694586384543
4047,SC_FluctAnal_2_range_50_logi_logtausplit,scaling,0.00554468977202974,0.01740416511776
4048,SC_FluctAnal_2_range_50_logi_prop_r1,scaling,0.00552646942143369,0.0173546254129627
4050,SC_FluctAnal_2_range_50_logi_meanssr,scaling,0.00499939877018464,0.0158533273251423
4053,SC_FluctAnal_2_range_50_logi_r1_alpha,scaling,0.0145066650137748,0.0381221661989897
4054,SC_FluctAnal_2_range_50_logi_r1_se1,scaling,0.00011460879331106,0.000650637958198911
4055,SC_FluctAnal_2_range_50_logi_r1_se2,scaling,7.18988102492802e-05,0.000449383345184043
4056,SC_FluctAnal_2_range_50_logi_r1_ssr,scaling,0.0091335656357516,0.0260608632308279
4057,SC_FluctAnal_2_range_50_logi_r1_resac1,scaling,0.0130655617316131,0.0350202311624074
4059,SC_FluctAnal_2_range_50_logi_r2_alpha,scaling,0.0160861401361776,0.0414167202999814
4062,SC_FluctAnal_2_range_50_logi_r2_ssr,scaling,0.0197042011871398,0.0491672654227999
4065,SC_FluctAnal_2_std_50_logi_linfitint,scaling,5.52026967449372e-05,0.000365910612781386
4067,SC_FluctAnal_2_std_50_logi_se1,scaling,0.00848785630958759,0.0244933316043592
4068,SC_FluctAnal_2_std_50_logi_se2,scaling,0.00848785630958759,0.0244933316043592
4069,SC_FluctAnal_2_std_50_logi_ssr,scaling,0.00395041253231895,0.0129778434783473
4071,SC_FluctAnal_2_std_50_logi_logtausplit,scaling,0.00786921798463889,0.0230571274106775
4072,SC_FluctAnal_2_std_50_logi_prop_r1,scaling,0.00564443251242058,0.0175931326864808
4074,SC_FluctAnal_2_std_50_logi_meanssr,scaling,0.00188893854939985,0.00695672712528585
4077,SC_FluctAnal_2_std_50_logi_r1_alpha,scaling,0.00982277183238884,0.0276287288323889
4078,SC_FluctAnal_2_std_50_logi_r1_se1,scaling,0.000309391534112162,0.00150038033470333
4079,SC_FluctAnal_2_std_50_logi_r1_se2,scaling,6.47159490551713e-05,0.000415056613805193
4084,SC_FluctAnal_2_std_50_logi_r2_se1,scaling,0.01842619348603,0.0466155193415237
4085,SC_FluctAnal_2_std_50_logi_r2_se2,scaling,0.0145066650137748,0.0381221661989897
4086,SC_FluctAnal_2_std_50_logi_r2_ssr,scaling,0.00336668407320579,0.0113643546311769
4089,SC_FluctAnal_2_iqr_50_logi_linfitint,scaling,3.83548211191478e-06,5.14214635682134e-05
4091,SC_FluctAnal_2_iqr_50_logi_se1,scaling,0.0190558322334121,0.0478850934238124
4092,SC_FluctAnal_2_iqr_50_logi_se2,scaling,0.0190558322334121,0.0478850934238124
4093,SC_FluctAnal_2_iqr_50_logi_ssr,scaling,0.0160861401361776,0.0414167202999814
4095,SC_FluctAnal_2_iqr_50_logi_logtausplit,scaling,0.0124685592097905,0.0337504460131174
4096,SC_FluctAnal_2_iqr_50_logi_prop_r1,scaling,0.0136041158946749,0.0362047480576413
4098,SC_FluctAnal_2_iqr_50_logi_meanssr,scaling,0.00444695290880556,0.014305403415177
4102,SC_FluctAnal_2_iqr_50_logi_r1_se1,scaling,0.01842619348603,0.0466155193415237
4103,SC_FluctAnal_2_iqr_50_logi_r1_se2,scaling,0.00583240319190966,0.0180604081440648
4115,SC_FluctAnal_2_rsrange_50_logi_se1,scaling,0.00011460879331106,0.000650637958198911
4116,SC_FluctAnal_2_rsrange_50_logi_se2,scaling,0.00011460879331106,0.000650637958198911
4117,SC_FluctAnal_2_rsrange_50_logi_ssr,scaling,3.61088889258424e-06,4.95297071797827e-05
4118,SC_FluctAnal_2_rsrange_50_logi_resac1,scaling,0.000199349058622623,0.00103212068969778
4121,SC_FluctAnal_2_rsrange_50_logi_ratsplitminerr,scaling,0.00214310157010038,0.00774060886734887
4122,SC_FluctAnal_2_rsrange_50_logi_meanssr,scaling,1.24229200737778e-05,0.000115909263440661
4123,SC_FluctAnal_2_rsrange_50_logi_stdssr,scaling,0.00128327762626588,0.00503341786302305
4126,SC_FluctAnal_2_rsrange_50_logi_r1_se1,scaling,0.00263725978627337,0.00918974665613321
4129,SC_FluctAnal_2_rsrange_50_logi_r1_resac1,scaling,0.00214310157010038,0.00774060886734887
4136,SC_FluctAnal_2_rsrange_50_logi_alpharat,scaling,0.0197042011871398,0.0491672654227999
4139,SC_FluctAnal_2_rsrangefit_50_1_logi_se1,scaling,0.00122842305321242,0.00486111379422968
4140,SC_FluctAnal_2_rsrangefit_50_1_logi_se2,scaling,0.00122842305321242,0.00486111379422968
4141,SC_FluctAnal_2_rsrangefit_50_1_logi_ssr,scaling,3.0102618480377e-06,4.46459460337092e-05
4142,SC_FluctAnal_2_rsrangefit_50_1_logi_resac1,scaling,0.00197040771953243,0.00718245394539241
4145,SC_FluctAnal_2_rsrangefit_50_1_logi_ratsplitminerr,scaling,0.00286256220704461,0.00984948301205926
4146,SC_FluctAnal_2_rsrangefit_50_1_logi_meanssr,scaling,9.3125620761273e-06,9.39038660339239e-05
4147,SC_FluctAnal_2_rsrangefit_50_1_logi_stdssr,scaling,0.00139983011578967,0.00541891821332607
4156,SC_FluctAnal_2_rsrangefit_50_1_logi_r2_se1,scaling,0.0166452400339562,0.0426556745146631
4161,SC_FluctAnal_2_dfa_50_0_logi_linfitint,scaling,5.52026967449372e-05,0.000365910612781386
4163,SC_FluctAnal_2_dfa_50_0_logi_se1,scaling,0.00818056932224017,0.0237606989004601
4164,SC_FluctAnal_2_dfa_50_0_logi_se2,scaling,0.00818056932224017,0.0237606989004601
4165,SC_FluctAnal_2_dfa_50_0_logi_ssr,scaling,0.00364794442843455,0.0121809176294679
4167,SC_FluctAnal_2_dfa_50_0_logi_logtausplit,scaling,0.00315793088051846,0.0107309355314611
4168,SC_FluctAnal_2_dfa_50_0_logi_prop_r1,scaling,0.00300318856161327,0.0102638979213273
4170,SC_FluctAnal_2_dfa_50_0_logi_meanssr,scaling,0.00082362694217216,0.00346536654924563
4173,SC_FluctAnal_2_dfa_50_0_logi_r1_alpha,scaling,0.0113416610170194,0.0311501870293831
4174,SC_FluctAnal_2_dfa_50_0_logi_r1_se1,scaling,0.000267581120235988,0.00131827681312111
4175,SC_FluctAnal_2_dfa_50_0_logi_r1_se2,scaling,6.82179820007579e-05,0.000432452194001242
4180,SC_FluctAnal_2_dfa_50_0_logi_r2_se1,scaling,0.0155436158790251,0.040414536684726
4181,SC_FluctAnal_2_dfa_50_0_logi_r2_se2,scaling,0.0126141510785048,0.0339894555366674
4182,SC_FluctAnal_2_dfa_50_0_logi_r2_ssr,scaling,0.00444695290880556,0.014305403415177
4187,SC_FluctAnal_2_dfa_50_1_logi_se1,scaling,0.000140455025433301,0.000763865031367202
4188,SC_FluctAnal_2_dfa_50_1_logi_se2,scaling,0.000140455025433301,0.000763865031367202
4189,SC_FluctAnal_2_dfa_50_1_logi_ssr,scaling,3.61088889258424e-06,4.95297071797827e-05
4190,SC_FluctAnal_2_dfa_50_1_logi_resac1,scaling,0.00395041253231895,0.0129778434783473
4193,SC_FluctAnal_2_dfa_50_1_logi_ratsplitminerr,scaling,0.00298168202047877,0.0101952902515794
4194,SC_FluctAnal_2_dfa_50_1_logi_meanssr,scaling,4.83557438253742e-07,2.6730066917723e-05
4195,SC_FluctAnal_2_dfa_50_1_logi_stdssr,scaling,0.0145066650137748,0.0381221661989897
4196,SC_FluctAnal_2_dfa_50_1_logi_r1_linfitint,scaling,0.0091335656357516,0.0260608632308279
4198,SC_FluctAnal_2_dfa_50_1_logi_r1_se1,scaling,9.3125620761273e-06,9.39038660339239e-05
4199,SC_FluctAnal_2_dfa_50_1_logi_r1_se2,scaling,0.00078726537066868,0.00333405245317688
4204,SC_FluctAnal_2_dfa_50_1_logi_r2_se1,scaling,0.000254864490291098,0.00126437652012706
4205,SC_FluctAnal_2_dfa_50_1_logi_r2_se2,scaling,0.000474463308048828,0.00214866685114479
4209,SC_FluctAnal_2_dfa_50_2_logi_linfitint,scaling,0.00848785630958759,0.0244933316043592
4210,SC_FluctAnal_2_dfa_50_2_logi_alpha,scaling,0.0101844541042579,0.0284549170989843
4211,SC_FluctAnal_2_dfa_50_2_logi_se1,scaling,5.82159585412248e-05,0.000381269005386366
4212,SC_FluctAnal_2_dfa_50_2_logi_se2,scaling,5.82159585412248e-05,0.000381269005386366
4213,SC_FluctAnal_2_dfa_50_2_logi_ssr,scaling,0.00364794442843455,0.0121809176294679
4214,SC_FluctAnal_2_dfa_50_2_logi_resac1,scaling,1.39260980630824e-05,0.000125176631453388
4215,SC_FluctAnal_2_dfa_50_2_logi_logtausplit,scaling,0.00407520009152041,0.01337544926304
4216,SC_FluctAnal_2_dfa_50_2_logi_prop_r1,scaling,0.00406351701760943,0.0133432553728605
4218,SC_FluctAnal_2_dfa_50_2_logi_meanssr,scaling,0.000520910653425132,0.00232791145118237
4225,SC_FluctAnal_2_dfa_50_2_logi_r1_resac1,scaling,0.0126141510785048,0.0339894555366674
4228,SC_FluctAnal_2_dfa_50_2_logi_r2_se1,scaling,0.00263725978627337,0.00918974665613321
4229,SC_FluctAnal_2_dfa_50_2_logi_r2_se2,scaling,0.00166273463464593,0.00623656894839009
4233,SC_FluctAnal_2_dfa_50_3_logi_linfitint,scaling,0.000431902709468371,0.00198113104942354
4234,SC_FluctAnal_2_dfa_50_3_logi_alpha,scaling,0.000686926233975337,0.00297097682847535
4235,SC_FluctAnal_2_dfa_50_3_logi_se1,scaling,1.65101028457949e-05,0.000142294699950622
4236,SC_FluctAnal_2_dfa_50_3_logi_se2,scaling,1.65101028457949e-05,0.000142294699950622
4238,SC_FluctAnal_2_dfa_50_3_logi_resac1,scaling,2.72896655970471e-05,0.000209348199768727
4239,SC_FluctAnal_2_dfa_50_3_logi_logtausplit,scaling,0.00151828437440649,0.00580798842632981
4240,SC_FluctAnal_2_dfa_50_3_logi_prop_r1,scaling,0.00151828437440649,0.00580798842632981
4252,SC_FluctAnal_2_dfa_50_3_logi_r2_se1,scaling,0.00253079653773657,0.00889276433965776
4253,SC_FluctAnal_2_dfa_50_3_logi_r2_se2,scaling,0.00146169723557975,0.00560356630053433
4254,SC_FluctAnal_2_dfa_50_3_logi_r2_ssr,scaling,0.00364794442843455,0.0121809176294679
4259,SC_FluctAnal_2_dfa_50_1_2_logi_se1,scaling,0.00561318037248673,0.0175110565607945
4260,SC_FluctAnal_2_dfa_50_1_2_logi_se2,scaling,0.00561318037248673,0.0175110565607945
4261,SC_FluctAnal_2_dfa_50_1_2_logi_ssr,scaling,0.00082362694217216,0.00346536654924563
4263,SC_FluctAnal_2_dfa_50_1_2_logi_logtausplit,scaling,0.000400766821382505,0.00187577843617492
4264,SC_FluctAnal_2_dfa_50_1_2_logi_prop_r1,scaling,0.000377533995528343,0.0017799102742823
4266,SC_FluctAnal_2_dfa_50_1_2_logi_meanssr,scaling,0.000231112917058414,0.00116275113536315
4269,SC_FluctAnal_2_dfa_50_1_2_logi_r1_alpha,scaling,0.00678854239663417,0.0204431613035696
4270,SC_FluctAnal_2_dfa_50_1_2_logi_r1_se1,scaling,0.000108887185280847,0.00062362660660849
4271,SC_FluctAnal_2_dfa_50_1_2_logi_r1_se2,scaling,8.41011855946992e-05,0.000508679983218915
4272,SC_FluctAnal_2_dfa_50_1_2_logi_r1_ssr,scaling,0.000220031677037124,0.00111806246168971
4275,SC_FluctAnal_2_dfa_50_1_2_logi_r2_alpha,scaling,0.00310530796992304,0.0105571573246811
4278,SC_FluctAnal_2_dfa_50_1_2_logi_r2_ssr,scaling,0.00263725978627337,0.00918974665613321
4279,SC_FluctAnal_2_dfa_50_1_2_logi_r2_resac1,scaling,0.000718970297700572,0.00308892549748363
4281,SC_FluctAnal_2_dfa_50_1_3_logi_linfitint,scaling,0.000120613121939985,0.000679845459295924
4283,SC_FluctAnal_2_dfa_50_1_3_logi_se1,scaling,0.0130655617316131,0.0350202311624074
4284,SC_FluctAnal_2_dfa_50_1_3_logi_se2,scaling,0.0130655617316131,0.0350202311624074
4285,SC_FluctAnal_2_dfa_50_1_3_logi_ssr,scaling,0.00286256220704461,0.00984948301205926
4287,SC_FluctAnal_2_dfa_50_1_3_logi_logtausplit,scaling,0.00671675186738745,0.020304270294663
4288,SC_FluctAnal_2_dfa_50_1_3_logi_prop_r1,scaling,0.00636861173790131,0.0194167652942696
4289,SC_FluctAnal_2_dfa_50_1_3_logi_ratsplitminerr,scaling,0.0160861401361776,0.0414167202999814
4290,SC_FluctAnal_2_dfa_50_1_3_logi_meanssr,scaling,0.0197042011871398,0.0491672654227999
4291,SC_FluctAnal_2_dfa_50_1_3_logi_stdssr,scaling,0.017814839449509,0.0452942293003767
4293,SC_FluctAnal_2_dfa_50_1_3_logi_r1_alpha,scaling,0.0160861401361776,0.0414167202999814
4307,SC_FluctAnal_mag_2_dfa_50_2_logi_se1,scaling,0.0145066650137748,0.0381221661989897
4308,SC_FluctAnal_mag_2_dfa_50_2_logi_se2,scaling,0.0145066650137748,0.0381221661989897
4309,SC_FluctAnal_mag_2_dfa_50_2_logi_ssr,scaling,6.26998872165287e-07,2.6730066917723e-05
4310,SC_FluctAnal_mag_2_dfa_50_2_logi_resac1,scaling,0.00253079653773657,0.00889276433965776
4311,SC_FluctAnal_mag_2_dfa_50_2_logi_logtausplit,scaling,0.00301075815117056,0.0102848307476887
4312,SC_FluctAnal_mag_2_dfa_50_2_logi_prop_r1,scaling,0.00233433228888246,0.00832570719667044
4313,SC_FluctAnal_mag_2_dfa_50_2_logi_ratsplitminerr,scaling,0.000140455025433301,0.000763865031367202
4314,SC_FluctAnal_mag_2_dfa_50_2_logi_meanssr,scaling,7.98313205736858e-05,0.000487827614733107
4315,SC_FluctAnal_mag_2_dfa_50_2_logi_stdssr,scaling,6.47159490551713e-05,0.000415056613805193
4329,SC_FluctAnal_sign_2_dfa_50_2_logi_linfitint,scaling,0.00379644200152357,0.0125882024261045
4330,SC_FluctAnal_sign_2_dfa_50_2_logi_alpha,scaling,0.00444695290880556,0.014305403415177
4331,SC_FluctAnal_sign_2_dfa_50_2_logi_se1,scaling,0.000280890693437725,0.00138002818949839
4332,SC_FluctAnal_sign_2_dfa_50_2_logi_se2,scaling,0.000280890693437725,0.00138002818949839
4334,SC_FluctAnal_sign_2_dfa_50_2_logi_resac1,scaling,4.70247342896548e-05,0.000323136180895804
4353,SC_MMA_0__n5_5_meanHurstExponent,"scaling,fractal",4.59245894147181e-06,5.90139263616206e-05
4355,SC_MMA_0__n5_5_minHurstExponent,"scaling,fractal",0.000340582796086869,0.00162616292779505
4356,SC_MMA_0__n5_5_maxHurstExponent,"scaling,fractal",6.82179820007579e-05,0.000432452194001242
4358,SC_MMA_0__n5_5_scaleHurstTrend,"scaling,fractal",0.00540141912727418,0.0169694186968512
4364,SC_MMA_0__n5_5_minHurstScale,"scaling,fractal",7.20030547499212e-05,0.000449640128740955
4367,SP_Summaries_pgram_hamm_maxS,FourierSpectrum,0.000598582921400376,0.00263206412442821
4368,SP_Summaries_pgram_hamm_maxw,FourierSpectrum,0.00107658530464083,0.00433741413907078
4371,SP_Summaries_pgram_hamm_numPromPeaks_1,FourierSpectrum,0.0166758614695706,0.0427187685505121
4373,SP_Summaries_pgram_hamm_numPromPeaks_5,FourierSpectrum,0.000181367597168924,0.000951478205044636
4375,SP_Summaries_pgram_hamm_maxProm,FourierSpectrum,0.000598582921400376,0.00263206412442821
4382,SP_Summaries_pgram_hamm_w_weighted_peak_prom,FourierSpectrum,4.87516924146122e-06,6.14412047036453e-05
4383,SP_Summaries_pgram_hamm_w_weighted_peak_height,FourierSpectrum,6.18178925154075e-06,7.22629846990453e-05
4385,SP_Summaries_pgram_hamm_peakpower_1,FourierSpectrum,0.00395041253231895,0.0129778434783473
4386,SP_Summaries_pgram_hamm_iqr,FourierSpectrum,4.22259746751932e-05,0.000297042207225989
4388,SP_Summaries_pgram_hamm_q25,FourierSpectrum,0.000686926233975337,0.00297097682847535
4389,SP_Summaries_pgram_hamm_median,FourierSpectrum,1.56018019057256e-05,0.00013611424971429
4390,SP_Summaries_pgram_hamm_q75,FourierSpectrum,3.78942790951893e-05,0.000271397759435264
4393,SP_Summaries_pgram_hamm_logstd,FourierSpectrum,0.0166452400339562,0.0426556745146631
4395,SP_Summaries_pgram_hamm_logmean,FourierSpectrum,6.47159490551713e-05,0.000415056613805193
4396,SP_Summaries_pgram_hamm_mom3,FourierSpectrum,0.00146169723557975,0.00560356630053433
4397,SP_Summaries_pgram_hamm_mom4,FourierSpectrum,0.00107658530464083,0.00433741413907078
4398,SP_Summaries_pgram_hamm_mom5,FourierSpectrum,0.00107658530464083,0.00433741413907078
4401,SP_Summaries_pgram_hamm_tau,FourierSpectrum,0.0117525566357291,0.0320438340443338
4404,SP_Summaries_pgram_hamm_wmax_25,FourierSpectrum,0.000752398562734347,0.00320546102220575
4405,SP_Summaries_pgram_hamm_centroid,FourierSpectrum,2.72896655970471e-05,0.000209348199768727
4406,SP_Summaries_pgram_hamm_wmax_75,FourierSpectrum,0.000199349058622623,0.00103212068969778
4407,SP_Summaries_pgram_hamm_wmax_90,FourierSpectrum,6.18178925154075e-06,7.22629846990453e-05
4408,SP_Summaries_pgram_hamm_wmax_95,FourierSpectrum,3.19894145993939e-06,4.60065944511282e-05
4409,SP_Summaries_pgram_hamm_wmax_99,FourierSpectrum,0.000103435837958387,0.000597694586384543
4410,SP_Summaries_pgram_hamm_w10_90,FourierSpectrum,6.82179820007579e-05,0.000432452194001242
4412,SP_Summaries_pgram_hamm_fpoly2csS_p1,FourierSpectrum,0.00704859648267514,0.0210482207886595
4413,SP_Summaries_pgram_hamm_fpoly2csS_p2,FourierSpectrum,0.00298168202047877,0.0101952902515794
4414,SP_Summaries_pgram_hamm_fpoly2csS_p3,FourierSpectrum,3.78942790951893e-05,0.000271397759435264
4416,SP_Summaries_pgram_hamm_fpoly2_r2,FourierSpectrum,2.72896655970471e-05,0.000209348199768727
4419,SP_Summaries_pgram_hamm_fpolysat_b,FourierSpectrum,6.95480101290475e-06,7.80934202064179e-05
4420,SP_Summaries_pgram_hamm_fpolysat_r2,FourierSpectrum,0.00159305660196512,0.0060292237902125
4421,SP_Summaries_pgram_hamm_fpolysat_rmse,FourierSpectrum,0.000357259343652894,0.00169216850796072
4424,SP_Summaries_pgram_hamm_sfm,FourierSpectrum,0.000126913156158702,0.000705855280229532
4426,SP_Summaries_pgram_hamm_ylogareatopeak,FourierSpectrum,1.84801124407888e-05,0.000155508180219829
4427,SP_Summaries_pgram_hamm_linfitloglog_all_a1,FourierSpectrum,0.000324636730799297,0.00156260235737674
4428,SP_Summaries_pgram_hamm_linfitloglog_all_a2,FourierSpectrum,0.000309391534112162,0.00150038033470333
4430,SP_Summaries_pgram_hamm_linfitloglog_all_sigma,FourierSpectrum,0.00049718147462051,0.00223167397088487
4431,SP_Summaries_pgram_hamm_linfitloglog_all_sea1,FourierSpectrum,0.00049718147462051,0.00223167397088487
4432,SP_Summaries_pgram_hamm_linfitloglog_lf_a1,FourierSpectrum,6.55740619856895e-06,7.50517278578976e-05
4433,SP_Summaries_pgram_hamm_linfitloglog_lf_a2,FourierSpectrum,9.67031093838127e-08,2.6730066917723e-05
4434,SP_Summaries_pgram_hamm_linfitloglog_lf_sigrat,FourierSpectrum,0.00197040771953243,0.00718245394539241
4437,SP_Summaries_pgram_hamm_linfitloglog_hf_a1,FourierSpectrum,2.44316942629559e-05,0.000192186996086169
4442,SP_Summaries_pgram_hamm_linfitloglog_mf_a1,FourierSpectrum,8.11026050600951e-07,2.6730066917723e-05
4443,SP_Summaries_pgram_hamm_linfitloglog_mf_a2,FourierSpectrum,0.0105579451035292,0.0293143569391672
4448,SP_Summaries_pgram_hamm_linfitsemilog_all_a2,FourierSpectrum,0.00197040771953243,0.00718245394539241
4453,SP_Summaries_pgram_hamm_logarea_2_1,FourierSpectrum,0.000140455025433301,0.000763865031367202
4454,SP_Summaries_pgram_hamm_area_2_2,FourierSpectrum,0.000220031677037124,0.00111806246168971
4455,SP_Summaries_pgram_hamm_logarea_2_2,FourierSpectrum,0.000267581120235988,0.00131827681312111
4456,SP_Summaries_pgram_hamm_statav2_m,FourierSpectrum,0.00561318037248673,0.0175110565607945
4459,SP_Summaries_pgram_hamm_logarea_3_1,FourierSpectrum,0.00818056932224017,0.0237606989004601
4460,SP_Summaries_pgram_hamm_area_3_2,FourierSpectrum,2.35690423947498e-06,3.75364681897593e-05
4461,SP_Summaries_pgram_hamm_logarea_3_2,FourierSpectrum,4.32549215748757e-06,5.65012452645028e-05
4462,SP_Summaries_pgram_hamm_area_3_3,FourierSpectrum,0.0027478022249797,0.00953294543841641
4463,SP_Summaries_pgram_hamm_logarea_3_3,FourierSpectrum,0.000752398562734347,0.00320546102220575
4464,SP_Summaries_pgram_hamm_statav3_m,FourierSpectrum,0.00223455572247879,0.00800997089039603
4468,SP_Summaries_pgram_hamm_area_4_2,FourierSpectrum,8.11026050600951e-07,2.6730066917723e-05
4469,SP_Summaries_pgram_hamm_logarea_4_2,FourierSpectrum,1.04653269791364e-06,2.76961571615137e-05
4470,SP_Summaries_pgram_hamm_area_4_3,FourierSpectrum,0.000163342672991421,0.000866495148305461
4471,SP_Summaries_pgram_hamm_logarea_4_3,FourierSpectrum,7.18988102492802e-05,0.000449383345184043
4472,SP_Summaries_pgram_hamm_area_4_4,FourierSpectrum,0.00411003277270197,0.0134094057327522
4473,SP_Summaries_pgram_hamm_logarea_4_4,FourierSpectrum,0.00107658530464083,0.00433741413907078
4474,SP_Summaries_pgram_hamm_statav4_m,FourierSpectrum,0.000340582796086869,0.00162616292779505
4475,SP_Summaries_pgram_hamm_statav4_s,FourierSpectrum,0.0117525566357291,0.0320438340443338
4476,SP_Summaries_pgram_hamm_area_5_1,FourierSpectrum,0.00427548416137376,0.0138225121456947
4477,SP_Summaries_pgram_hamm_logarea_5_1,FourierSpectrum,0.00379644200152357,0.0125882024261045
4478,SP_Summaries_pgram_hamm_area_5_2,FourierSpectrum,5.17450467954947e-06,6.35125841615736e-05
4479,SP_Summaries_pgram_hamm_logarea_5_2,FourierSpectrum,1.43441430774462e-06,2.92595858362005e-05
4480,SP_Summaries_pgram_hamm_area_5_3,FourierSpectrum,1.24229200737778e-05,0.000115909263440661
4481,SP_Summaries_pgram_hamm_logarea_5_3,FourierSpectrum,7.8197737788281e-06,8.51207485190784e-05
4482,SP_Summaries_pgram_hamm_area_5_4,FourierSpectrum,0.000357259343652894,0.00169216850796072
4483,SP_Summaries_pgram_hamm_logarea_5_4,FourierSpectrum,0.000985214086551646,0.00403320246242735
4484,SP_Summaries_pgram_hamm_area_5_5,FourierSpectrum,0.00427548416137376,0.0138225121456947
4485,SP_Summaries_pgram_hamm_logarea_5_5,FourierSpectrum,0.000901068977688017,0.00374472273914827
4486,SP_Summaries_pgram_hamm_statav5_m,FourierSpectrum,5.2337595654733e-05,0.000350873766647247
4487,SP_Summaries_pgram_hamm_statav5_s,FourierSpectrum,0.00166273463464593,0.00623656894839009
4488,SP_Summaries_pgram_hamm_ncross_f05,FourierSpectrum,0.000231366926169284,0.00116320702499939
4489,SP_Summaries_pgram_hamm_ncross_f01,FourierSpectrum,0.000392927991788058,0.00184029892995999
4490,SP_Summaries_pgram_hamm_ncross_f02,FourierSpectrum,1.39260980630824e-05,0.000125176631453388
4491,SP_Summaries_welch_rect_maxS,FourierSpectrum,0.00128327762626588,0.00503341786302305
4492,SP_Summaries_welch_rect_maxw,FourierSpectrum,0.00605931502191424,0.0185772022571092
4495,SP_Summaries_welch_rect_numPromPeaks_1,FourierSpectrum,3.67694790413936e-05,0.000265478622003733
4497,SP_Summaries_welch_rect_numPromPeaks_5,FourierSpectrum,4.42267735614827e-05,0.000310119295962276
4498,SP_Summaries_welch_rect_numPeaks_overmean,FourierSpectrum,0.0119271953747669,0.032495102898188
4499,SP_Summaries_welch_rect_maxProm,FourierSpectrum,0.00128327762626588,0.00503341786302305
4503,SP_Summaries_welch_rect_peakPower_2,FourierSpectrum,0.00350474766316831,0.0117690087802336
4506,SP_Summaries_welch_rect_w_weighted_peak_prom,FourierSpectrum,1.26503510150617e-06,2.89575076772426e-05
4507,SP_Summaries_welch_rect_w_weighted_peak_height,FourierSpectrum,1.18773136379583e-06,2.86625748436016e-05
4509,SP_Summaries_welch_rect_peakpower_1,FourierSpectrum,0.00298168202047877,0.0101952902515794
4510,SP_Summaries_welch_rect_iqr,FourierSpectrum,8.7870425947142e-06,9.10552492456629e-05
4512,SP_Summaries_welch_rect_q25,FourierSpectrum,0.00112515380607429,0.00451265912419318
4513,SP_Summaries_welch_rect_median,FourierSpectrum,3.39866324809848e-05,0.000248409483195206
4514,SP_Summaries_welch_rect_q75,FourierSpectrum,8.7870425947142e-06,9.10552492456629e-05
4515,SP_Summaries_welch_rect_std,FourierSpectrum,0.0117525566357291,0.0320438340443338
4516,SP_Summaries_welch_rect_stdlog,FourierSpectrum,0.0150172581412796,0.0392610579169185
4519,SP_Summaries_welch_rect_logmean,FourierSpectrum,0.000140455025433301,0.000763865031367202
4520,SP_Summaries_welch_rect_mom3,FourierSpectrum,0.00159305660196512,0.0060292237902125
4521,SP_Summaries_welch_rect_mom4,FourierSpectrum,0.00152607557784433,0.00581280472909244
4522,SP_Summaries_welch_rect_mom5,FourierSpectrum,0.00134038555683954,0.00522002449624763
4525,SP_Summaries_welch_rect_tau,FourierSpectrum,0.00181057379343184,0.00670279502623051
4528,SP_Summaries_welch_rect_wmax_25,FourierSpectrum,0.000357259343652894,0.00169216850796072
4529,SP_Summaries_welch_rect_centroid,FourierSpectrum,2.44316942629559e-05,0.000192186996086169
4530,SP_Summaries_welch_rect_wmax_75,FourierSpectrum,1.39260980630824e-05,0.000125176631453388
4531,SP_Summaries_welch_rect_wmax_90,FourierSpectrum,1.95865484438265e-06,3.40920876214183e-05
4532,SP_Summaries_welch_rect_wmax_95,FourierSpectrum,1.26503510150617e-06,2.89575076772426e-05
4533,SP_Summaries_welch_rect_wmax_99,FourierSpectrum,4.9613796147306e-05,0.00033670220664697
4534,SP_Summaries_welch_rect_w10_90,FourierSpectrum,2.72896655970471e-05,0.000209348199768727
4536,SP_Summaries_welch_rect_fpoly2csS_p1,FourierSpectrum,0.000199349058622623,0.00103212068969778
4537,SP_Summaries_welch_rect_fpoly2csS_p2,FourierSpectrum,5.52026967449372e-05,0.000365910612781386
4538,SP_Summaries_welch_rect_fpoly2csS_p3,FourierSpectrum,1.39260980630824e-05,0.000125176631453388
4540,SP_Summaries_welch_rect_fpoly2_r2,FourierSpectrum,5.17450467954947e-06,6.35125841615736e-05
4542,SP_Summaries_welch_rect_fpolysat_a,FourierSpectrum,0.000752398562734347,0.00320546102220575
4543,SP_Summaries_welch_rect_fpolysat_b,FourierSpectrum,5.17450467954947e-06,6.35125841615736e-05
4544,SP_Summaries_welch_rect_fpolysat_r2,FourierSpectrum,0.000901068977688017,0.00374472273914827
4545,SP_Summaries_welch_rect_fpolysat_rmse,FourierSpectrum,2.44316942629559e-05,0.000192186996086169
4548,SP_Summaries_welch_rect_sfm,FourierSpectrum,0.000140455025433301,0.000763865031367202
4550,SP_Summaries_welch_rect_ylogareatopeak,FourierSpectrum,9.82427974942328e-05,0.000571397447190722
4551,SP_Summaries_welch_rect_linfitloglog_all_a1,FourierSpectrum,0.000209450726687326,0.00107736974225945
4552,SP_Summaries_welch_rect_linfitloglog_all_a2,FourierSpectrum,7.57669573527021e-05,0.000466595994285369
4553,SP_Summaries_welch_rect_linfitloglog_all_sigrat,FourierSpectrum,0.000656213856332496,0.00285200637559893
4554,SP_Summaries_welch_rect_linfitloglog_all_sigma,FourierSpectrum,0.000147725636058422,0.00079490461307627
4555,SP_Summaries_welch_rect_linfitloglog_all_sea1,FourierSpectrum,0.000147725636058422,0.00079490461307627
4556,SP_Summaries_welch_rect_linfitloglog_lf_a1,FourierSpectrum,2.35690423947498e-06,3.75364681897593e-05
4557,SP_Summaries_welch_rect_linfitloglog_lf_a2,FourierSpectrum,8.42321392028478e-08,2.6730066917723e-05
4558,SP_Summaries_welch_rect_linfitloglog_lf_sigrat,FourierSpectrum,7.18988102492802e-05,0.000449383345184043
4561,SP_Summaries_welch_rect_linfitloglog_hf_a1,FourierSpectrum,0.000120613121939985,0.000679845459295924
4562,SP_Summaries_welch_rect_linfitloglog_hf_a2,FourierSpectrum,0.0190558322334121,0.0478850934238124
4566,SP_Summaries_welch_rect_linfitloglog_mf_a1,FourierSpectrum,5.50793468636543e-07,2.6730066917723e-05
4567,SP_Summaries_welch_rect_linfitloglog_mf_a2,FourierSpectrum,0.0190558322334121,0.0478850934238124
4571,SP_Summaries_welch_rect_linfitsemilog_all_a1,FourierSpectrum,0.00818056932224017,0.0237606989004601
4576,SP_Summaries_welch_rect_area_2_1,FourierSpectrum,0.000431902709468371,0.00198113104942354
4577,SP_Summaries_welch_rect_logarea_2_1,FourierSpectrum,3.21794070598959e-05,0.000238134302348647
4578,SP_Summaries_welch_rect_area_2_2,FourierSpectrum,0.000431902709468371,0.00198113104942354
4579,SP_Summaries_welch_rect_logarea_2_2,FourierSpectrum,0.00112515380607429,0.00451265912419318
4580,SP_Summaries_welch_rect_statav2_m,FourierSpectrum,0.0105579451035292,0.0293143569391672
4582,SP_Summaries_welch_rect_area_3_1,FourierSpectrum,6.18178925154075e-06,7.22629846990453e-05
4583,SP_Summaries_welch_rect_logarea_3_1,FourierSpectrum,0.00232957338585228,0.00831706766995103
4584,SP_Summaries_welch_rect_area_3_2,FourierSpectrum,4.59245894147181e-06,5.90139263616206e-05
4585,SP_Summaries_welch_rect_logarea_3_2,FourierSpectrum,6.55740619856895e-06,7.50517278578976e-05
4586,SP_Summaries_welch_rect_area_3_3,FourierSpectrum,0.00462463008225427,0.0147900905460774
4587,SP_Summaries_welch_rect_logarea_3_3,FourierSpectrum,0.0091335656357516,0.0260608632308279
4588,SP_Summaries_welch_rect_statav3_m,FourierSpectrum,0.00427548416137376,0.0138225121456947
4590,SP_Summaries_welch_rect_area_4_1,FourierSpectrum,8.11026050600951e-07,2.6730066917723e-05
4592,SP_Summaries_welch_rect_area_4_2,FourierSpectrum,4.5298014109361e-07,2.6730066917723e-05
4593,SP_Summaries_welch_rect_logarea_4_2,FourierSpectrum,1.04653269791364e-06,2.76961571615137e-05
4594,SP_Summaries_welch_rect_area_4_3,FourierSpectrum,0.00029481867962687,0.0014405038986024
4595,SP_Summaries_welch_rect_logarea_4_3,FourierSpectrum,0.00013352242572232,0.000737429130114194
4596,SP_Summaries_welch_rect_area_4_4,FourierSpectrum,0.00678854239663417,0.0204431613035696
4597,SP_Summaries_welch_rect_logarea_4_4,FourierSpectrum,0.0145066650137748,0.0381221661989897
4598,SP_Summaries_welch_rect_statav4_m,FourierSpectrum,0.00082362694217216,0.00346536654924563
4599,SP_Summaries_welch_rect_statav4_s,FourierSpectrum,0.01842619348603,0.0466155193415237
4600,SP_Summaries_welch_rect_area_5_1,FourierSpectrum,1.04653269791364e-06,2.76961571615137e-05
4601,SP_Summaries_welch_rect_logarea_5_1,FourierSpectrum,0.00286256220704461,0.00984948301205926
4602,SP_Summaries_welch_rect_area_5_2,FourierSpectrum,1.52708182821975e-06,2.96220586787368e-05
4603,SP_Summaries_welch_rect_logarea_5_2,FourierSpectrum,5.50793468636543e-07,2.6730066917723e-05
4604,SP_Summaries_welch_rect_area_5_3,FourierSpectrum,2.44316942629559e-05,0.000192186996086169
4605,SP_Summaries_welch_rect_logarea_5_3,FourierSpectrum,4.87516924146122e-06,6.14412047036453e-05
4606,SP_Summaries_welch_rect_area_5_4,FourierSpectrum,0.00134038555683954,0.00522002449624763
4607,SP_Summaries_welch_rect_logarea_5_4,FourierSpectrum,0.00286256220704461,0.00984948301205926
4608,SP_Summaries_welch_rect_area_5_5,FourierSpectrum,0.00788327688124583,0.0230571274106775
4609,SP_Summaries_welch_rect_logarea_5_5,FourierSpectrum,0.00818056932224017,0.0237606989004601
4610,SP_Summaries_welch_rect_statav5_m,FourierSpectrum,0.000126913156158702,0.000705855280229532
4611,SP_Summaries_welch_rect_statav5_s,FourierSpectrum,0.00462463008225427,0.0147900905460774
4612,SP_Summaries_welch_rect_ncross_f05,FourierSpectrum,0.00394603378251393,0.0129778434783473
4613,SP_Summaries_welch_rect_ncross_f01,FourierSpectrum,0.000147703559367045,0.00079490461307627
4614,SP_Summaries_welch_rect_ncross_f02,FourierSpectrum,0.000231112917058414,0.00116275113536315
4615,SP_Summaries_fft_maxS,FourierSpectrum,0.00128327762626588,0.00503341786302305
4616,SP_Summaries_fft_maxw,FourierSpectrum,0.00605931502191424,0.0185772022571092
4619,SP_Summaries_fft_numPromPeaks_1,FourierSpectrum,3.67694790413936e-05,0.000265478622003733
4621,SP_Summaries_fft_numPromPeaks_5,FourierSpectrum,4.42267735614827e-05,0.000310119295962276
4622,SP_Summaries_fft_numPeaks_overmean,FourierSpectrum,0.0119271953747669,0.032495102898188
4623,SP_Summaries_fft_maxProm,FourierSpectrum,0.00128327762626588,0.00503341786302305
4627,SP_Summaries_fft_peakPower_2,FourierSpectrum,0.00350474766316831,0.0117690087802336
4630,SP_Summaries_fft_w_weighted_peak_prom,FourierSpectrum,1.26503510150617e-06,2.89575076772426e-05
4631,SP_Summaries_fft_w_weighted_peak_height,FourierSpectrum,1.18773136379583e-06,2.86625748436016e-05
4633,SP_Summaries_fft_peakpower_1,FourierSpectrum,0.00298168202047877,0.0101952902515794
4634,SP_Summaries_fft_iqr,FourierSpectrum,8.7870425947142e-06,9.10552492456629e-05
4636,SP_Summaries_fft_q25,FourierSpectrum,0.00112515380607429,0.00451265912419318
4637,SP_Summaries_fft_median,FourierSpectrum,3.39866324809848e-05,0.000248409483195206
4638,SP_Summaries_fft_q75,FourierSpectrum,8.7870425947142e-06,9.10552492456629e-05
4639,SP_Summaries_fft_std,FourierSpectrum,0.0117525566357291,0.0320438340443338
4640,SP_Summaries_fft_stdlog,FourierSpectrum,0.0150172581412796,0.0392610579169185
4643,SP_Summaries_fft_logmean,FourierSpectrum,0.000140455025433301,0.000763865031367202
4644,SP_Summaries_fft_mom3,FourierSpectrum,0.00159305660196512,0.0060292237902125
4645,SP_Summaries_fft_mom4,FourierSpectrum,0.00152607557784433,0.00581280472909244
4646,SP_Summaries_fft_mom5,FourierSpectrum,0.00134038555683954,0.00522002449624763
4649,SP_Summaries_fft_tau,FourierSpectrum,0.00181057379343184,0.00670279502623051
4652,SP_Summaries_fft_wmax_25,FourierSpectrum,0.000357259343652894,0.00169216850796072
4653,SP_Summaries_fft_centroid,FourierSpectrum,2.44316942629559e-05,0.000192186996086169
4654,SP_Summaries_fft_wmax_75,FourierSpectrum,1.39260980630824e-05,0.000125176631453388
4655,SP_Summaries_fft_wmax_90,FourierSpectrum,1.95865484438265e-06,3.40920876214183e-05
4656,SP_Summaries_fft_wmax_95,FourierSpectrum,1.26503510150617e-06,2.89575076772426e-05
4657,SP_Summaries_fft_wmax_99,FourierSpectrum,4.9613796147306e-05,0.00033670220664697
4658,SP_Summaries_fft_w10_90,FourierSpectrum,2.72896655970471e-05,0.000209348199768727
4660,SP_Summaries_fft_fpoly2csS_p1,FourierSpectrum,0.000199349058622623,0.00103212068969778
4661,SP_Summaries_fft_fpoly2csS_p2,FourierSpectrum,5.52026967449372e-05,0.000365910612781386
4662,SP_Summaries_fft_fpoly2csS_p3,FourierSpectrum,1.39260980630824e-05,0.000125176631453388
4664,SP_Summaries_fft_fpoly2_r2,FourierSpectrum,5.17450467954947e-06,6.35125841615736e-05
4666,SP_Summaries_fft_fpolysat_a,FourierSpectrum,0.000752398562734347,0.00320546102220575
4667,SP_Summaries_fft_fpolysat_b,FourierSpectrum,5.17450467954947e-06,6.35125841615736e-05
4668,SP_Summaries_fft_fpolysat_r2,FourierSpectrum,0.000901068977688017,0.00374472273914827
4669,SP_Summaries_fft_fpolysat_rmse,FourierSpectrum,2.44316942629559e-05,0.000192186996086169
4672,SP_Summaries_fft_sfm,FourierSpectrum,0.000140455025433301,0.000763865031367202
4674,SP_Summaries_fft_ylogareatopeak,FourierSpectrum,9.82427974942328e-05,0.000571397447190722
4675,SP_Summaries_fft_linfitloglog_all_a1,FourierSpectrum,0.000209450726687326,0.00107736974225945
4676,SP_Summaries_fft_linfitloglog_all_a2,FourierSpectrum,7.57669573527021e-05,0.000466595994285369
4677,SP_Summaries_fft_linfitloglog_all_sigrat,FourierSpectrum,0.000656213856332496,0.00285200637559893
4678,SP_Summaries_fft_linfitloglog_all_sigma,FourierSpectrum,0.000147725636058422,0.00079490461307627
4679,SP_Summaries_fft_linfitloglog_all_sea1,FourierSpectrum,0.000147725636058422,0.00079490461307627
4680,SP_Summaries_fft_linfitloglog_lf_a1,FourierSpectrum,2.35690423947498e-06,3.75364681897593e-05
4681,SP_Summaries_fft_linfitloglog_lf_a2,FourierSpectrum,8.42321392028478e-08,2.6730066917723e-05
4682,SP_Summaries_fft_linfitloglog_lf_sigrat,FourierSpectrum,7.18988102492802e-05,0.000449383345184043
4685,SP_Summaries_fft_linfitloglog_hf_a1,FourierSpectrum,0.000120613121939985,0.000679845459295924
4686,SP_Summaries_fft_linfitloglog_hf_a2,FourierSpectrum,0.0197042011871398,0.0491672654227999
4690,SP_Summaries_fft_linfitloglog_mf_a1,FourierSpectrum,5.50793468636543e-07,2.6730066917723e-05
4691,SP_Summaries_fft_linfitloglog_mf_a2,FourierSpectrum,0.0190558322334121,0.0478850934238124
4695,SP_Summaries_fft_linfitsemilog_all_a1,FourierSpectrum,0.00788327688124583,0.0230571274106775
4700,SP_Summaries_fft_area_2_1,FourierSpectrum,0.000431902709468371,0.00198113104942354
4701,SP_Summaries_fft_logarea_2_1,FourierSpectrum,3.21794070598959e-05,0.000238134302348647
4702,SP_Summaries_fft_area_2_2,FourierSpectrum,0.000431902709468371,0.00198113104942354
4703,SP_Summaries_fft_logarea_2_2,FourierSpectrum,0.00112515380607429,0.00451265912419318
4704,SP_Summaries_fft_statav2_m,FourierSpectrum,0.0105579451035292,0.0293143569391672
4706,SP_Summaries_fft_area_3_1,FourierSpectrum,6.18178925154075e-06,7.22629846990453e-05
4707,SP_Summaries_fft_logarea_3_1,FourierSpectrum,0.00232957338585228,0.00831706766995103
4708,SP_Summaries_fft_area_3_2,FourierSpectrum,4.59245894147181e-06,5.90139263616206e-05
4709,SP_Summaries_fft_logarea_3_2,FourierSpectrum,6.55740619856895e-06,7.50517278578976e-05
4710,SP_Summaries_fft_area_3_3,FourierSpectrum,0.00462463008225427,0.0147900905460774
4711,SP_Summaries_fft_logarea_3_3,FourierSpectrum,0.0091335656357516,0.0260608632308279
4712,SP_Summaries_fft_statav3_m,FourierSpectrum,0.00427548416137376,0.0138225121456947
4714,SP_Summaries_fft_area_4_1,FourierSpectrum,8.11026050600951e-07,2.6730066917723e-05
4716,SP_Summaries_fft_area_4_2,FourierSpectrum,4.5298014109361e-07,2.6730066917723e-05
4717,SP_Summaries_fft_logarea_4_2,FourierSpectrum,1.04653269791364e-06,2.76961571615137e-05
4718,SP_Summaries_fft_area_4_3,FourierSpectrum,0.00029481867962687,0.0014405038986024
4719,SP_Summaries_fft_logarea_4_3,FourierSpectrum,0.00013352242572232,0.000737429130114194
4720,SP_Summaries_fft_area_4_4,FourierSpectrum,0.00678854239663417,0.0204431613035696
4721,SP_Summaries_fft_logarea_4_4,FourierSpectrum,0.0145066650137748,0.0381221661989897
4722,SP_Summaries_fft_statav4_m,FourierSpectrum,0.00082362694217216,0.00346536654924563
4723,SP_Summaries_fft_statav4_s,FourierSpectrum,0.01842619348603,0.0466155193415237
4724,SP_Summaries_fft_area_5_1,FourierSpectrum,1.04653269791364e-06,2.76961571615137e-05
4725,SP_Summaries_fft_logarea_5_1,FourierSpectrum,0.00286256220704461,0.00984948301205926
4726,SP_Summaries_fft_area_5_2,FourierSpectrum,1.52708182821975e-06,2.96220586787368e-05
4727,SP_Summaries_fft_logarea_5_2,FourierSpectrum,5.50793468636543e-07,2.6730066917723e-05
4728,SP_Summaries_fft_area_5_3,FourierSpectrum,2.44316942629559e-05,0.000192186996086169
4729,SP_Summaries_fft_logarea_5_3,FourierSpectrum,4.87516924146122e-06,6.14412047036453e-05
4730,SP_Summaries_fft_area_5_4,FourierSpectrum,0.00134038555683954,0.00522002449624763
4731,SP_Summaries_fft_logarea_5_4,FourierSpectrum,0.00286256220704461,0.00984948301205926
4732,SP_Summaries_fft_area_5_5,FourierSpectrum,0.00788327688124583,0.0230571274106775
4733,SP_Summaries_fft_logarea_5_5,FourierSpectrum,0.00818056932224017,0.0237606989004601
4734,SP_Summaries_fft_statav5_m,FourierSpectrum,0.000126913156158702,0.000705855280229532
4735,SP_Summaries_fft_statav5_s,FourierSpectrum,0.00462463008225427,0.0147900905460774
4736,SP_Summaries_fft_ncross_f05,FourierSpectrum,0.00394603378251393,0.0129778434783473
4737,SP_Summaries_fft_ncross_f01,FourierSpectrum,0.000147703559367045,0.00079490461307627
4738,SP_Summaries_fft_ncross_f02,FourierSpectrum,0.000231112917058414,0.00116275113536315
4742,NL_crptool_fnn_10_2_mi_fnn4,"nonlinear,dimension,crptool",6.13642017922379e-05,0.000398719518758511
4743,NL_crptool_fnn_10_2_mi_fnn5,"nonlinear,dimension,crptool",4.96053770748488e-05,0.00033670220664697
4744,NL_crptool_fnn_10_2_mi_fnn6,"nonlinear,dimension,crptool",2.16217446969273e-05,0.000177948208667544
4745,NL_crptool_fnn_10_2_mi_fnn7,"nonlinear,dimension,crptool",0.000155349545893666,0.000830904145166796
4746,NL_crptool_fnn_10_2_mi_fnn8,"nonlinear,dimension,crptool",1.38577771936461e-06,2.92595858362005e-05
4747,NL_crptool_fnn_10_2_mi_fnn9,"nonlinear,dimension,crptool",2.35636986938498e-06,3.75364681897593e-05
4748,NL_crptool_fnn_10_2_mi_fnn10,"nonlinear,dimension,crptool",3.37501785455423e-07,2.6730066917723e-05
4749,NL_crptool_fnn_10_2_mi_firstunder005,"nonlinear,dimension,crptool",0.000864107383909358,0.00361857674473572
4750,NL_crptool_fnn_10_2_mi_firstunder01,"nonlinear,dimension,crptool",2.31383660636244e-06,3.75364681897593e-05
4751,NL_crptool_fnn_10_2_mi_firstunder02,"nonlinear,dimension,crptool",1.80920731034481e-05,0.000153330319551723
4752,NL_crptool_fnn_10_2_mi_firstunder05,"nonlinear,dimension,crptool",0.000116757321427063,0.000662307068716544
4753,NL_crptool_fnn_10_2_mi_firstunder07,"nonlinear,dimension,crptool",0.0124193306515523,0.033629979044656
4757,NL_crptool_fnn_10_2_ac_fnn3,"nonlinear,dimension,crptool",0.000944368245309463,0.00389060042729055
4758,NL_crptool_fnn_10_2_ac_fnn4,"nonlinear,dimension,crptool",0.00350474766316831,0.0117690087802336
4759,NL_crptool_fnn_10_2_ac_fnn5,"nonlinear,dimension,crptool",1.31540392168145e-05,0.000120986570005817
4760,NL_crptool_fnn_10_2_ac_fnn6,"nonlinear,dimension,crptool",0.000656213856332496,0.00285200637559893
4761,NL_crptool_fnn_10_2_ac_fnn7,"nonlinear,dimension,crptool",7.13504750796599e-05,0.000449383345184043
4762,NL_crptool_fnn_10_2_ac_fnn8,"nonlinear,dimension,crptool",1.31540392168145e-05,0.000120986570005817
4763,NL_crptool_fnn_10_2_ac_fnn9,"nonlinear,dimension,crptool",1.43339862673899e-06,2.92595858362005e-05
4764,NL_crptool_fnn_10_2_ac_fnn10,"nonlinear,dimension,crptool",4.48142569210174e-07,2.6730066917723e-05
4765,NL_crptool_fnn_10_2_ac_firstunder005,"nonlinear,dimension,crptool",0.000359790432674017,0.00170302399614782
4766,NL_crptool_fnn_10_2_ac_firstunder01,"nonlinear,dimension,crptool",3.12041221005155e-06,4.60065944511282e-05
4767,NL_crptool_fnn_10_2_ac_firstunder02,"nonlinear,dimension,crptool",7.56507372736083e-05,0.000466595994285369
4768,NL_crptool_fnn_10_2_ac_firstunder05,"nonlinear,dimension,crptool",0.000163815288127481,0.000868355201920728
4770,NL_crptool_fnn_10_2_ac_firstunder08,"nonlinear,dimension,crptool",0.0078125,0.0229728159851301
4773,NL_crptool_fnn_10_2_1_fnn3,"nonlinear,dimension,crptool",0.0200132888756447,0.0499035388811609
5063,NL_BoxCorrDim_50_ac_5_meand2,"nonlinear,correlation,tstool,dimension",0.00848785630958759,0.0244933316043592
5064,NL_BoxCorrDim_50_ac_5_mediand2,"nonlinear,correlation,tstool,dimension",0.00848785630958759,0.0244933316043592
5065,NL_BoxCorrDim_50_ac_5_mind2,"nonlinear,correlation,tstool,dimension",0.00818056932224017,0.0237606989004601
5066,NL_BoxCorrDim_50_ac_5_meand3,"nonlinear,correlation,tstool,dimension",0.0091335656357516,0.0260608632308279
5067,NL_BoxCorrDim_50_ac_5_mediand3,"nonlinear,correlation,tstool,dimension",0.00818056932224017,0.0237606989004601
5068,NL_BoxCorrDim_50_ac_5_mind3,"nonlinear,correlation,tstool,dimension",0.00540141912727418,0.0169694186968512
5069,NL_BoxCorrDim_50_ac_5_meand4,"nonlinear,correlation,tstool,dimension",0.0160861401361776,0.0414167202999814
5070,NL_BoxCorrDim_50_ac_5_mediand4,"nonlinear,correlation,tstool,dimension",0.0105579451035292,0.0293143569391672
5071,NL_BoxCorrDim_50_ac_5_mind4,"nonlinear,correlation,tstool,dimension",0.00286256220704461,0.00984948301205926
5073,NL_BoxCorrDim_50_ac_5_mediand5,"nonlinear,correlation,tstool,dimension",0.0117525566357291,0.0320438340443338
5086,NL_BoxCorrDim_50_ac_5_meanr5,"nonlinear,correlation,tstool,dimension",0.0027478022249797,0.00953294543841641
5087,NL_BoxCorrDim_50_ac_5_medianr5,"nonlinear,correlation,tstool,dimension",0.00173520694047121,0.00646750691581914
5088,NL_BoxCorrDim_50_ac_5_minr5,"nonlinear,correlation,tstool,dimension",0.00499939877018464,0.0158533273251423
5089,NL_BoxCorrDim_50_ac_5_meanchr5,"nonlinear,correlation,tstool,dimension",0.00704859648267514,0.0210482207886595
5091,NL_BoxCorrDim_50_ac_5_medianr6,"nonlinear,correlation,tstool,dimension",0.0190558322334121,0.0478850934238124
5094,NL_BoxCorrDim_50_ac_5_meanr7,"nonlinear,correlation,tstool,dimension",0.0101844541042579,0.0284549170989843
5095,NL_BoxCorrDim_50_ac_5_medianr7,"nonlinear,correlation,tstool,dimension",0.00759569887611432,0.0223537744105241
5098,NL_BoxCorrDim_50_ac_5_meanr8,"nonlinear,correlation,tstool,dimension",0.0145066650137748,0.0381221661989897
5099,NL_BoxCorrDim_50_ac_5_medianr8,"nonlinear,correlation,tstool,dimension",0.0091335656357516,0.0260608632308279
5102,NL_BoxCorrDim_50_ac_5_meanr9,"nonlinear,correlation,tstool,dimension",0.0091335656357516,0.0260608632308279
5103,NL_BoxCorrDim_50_ac_5_medianr9,"nonlinear,correlation,tstool,dimension",0.00704859648267514,0.0210482207886595
5104,NL_BoxCorrDim_50_ac_5_minr9,"nonlinear,correlation,tstool,dimension",0.0130655617316131,0.0350202311624074
5106,NL_BoxCorrDim_50_ac_5_meanr10,"nonlinear,correlation,tstool,dimension",0.00818056932224017,0.0237606989004601
5107,NL_BoxCorrDim_50_ac_5_medianr10,"nonlinear,correlation,tstool,dimension",0.00982277183238884,0.0276287288323889
5108,NL_BoxCorrDim_50_ac_5_minr10,"nonlinear,correlation,tstool,dimension",0.00982277183238884,0.0276287288323889
5109,NL_BoxCorrDim_50_ac_5_meanchr10,"nonlinear,correlation,tstool,dimension",0.0197042011871398,0.0491672654227999
5110,NL_BoxCorrDim_50_ac_5_meanr11,"nonlinear,correlation,tstool,dimension",0.00848785630958759,0.0244933316043592
5111,NL_BoxCorrDim_50_ac_5_medianr11,"nonlinear,correlation,tstool,dimension",0.00704859648267514,0.0210482207886595
5112,NL_BoxCorrDim_50_ac_5_minr11,"nonlinear,correlation,tstool,dimension",0.00629414882979977,0.0191979629474484
5113,NL_BoxCorrDim_50_ac_5_meanchr11,"nonlinear,correlation,tstool,dimension",0.0130655617316131,0.0350202311624074
5114,NL_BoxCorrDim_50_ac_5_meanr12,"nonlinear,correlation,tstool,dimension",0.00731756136170696,0.0217057163891633
5115,NL_BoxCorrDim_50_ac_5_medianr12,"nonlinear,correlation,tstool,dimension",0.00653714319617325,0.0197697206514687
5116,NL_BoxCorrDim_50_ac_5_minr12,"nonlinear,correlation,tstool,dimension",0.00540141912727418,0.0169694186968512
5117,NL_BoxCorrDim_50_ac_5_meanchr12,"nonlinear,correlation,tstool,dimension",0.0150172581412796,0.0392610579169185
5118,NL_BoxCorrDim_50_ac_5_meanr13,"nonlinear,correlation,tstool,dimension",0.00704859648267514,0.0210482207886595
5119,NL_BoxCorrDim_50_ac_5_medianr13,"nonlinear,correlation,tstool,dimension",0.00678854239663417,0.0204431613035696
5120,NL_BoxCorrDim_50_ac_5_minr13,"nonlinear,correlation,tstool,dimension",0.00223455572247879,0.00800997089039603
5122,NL_BoxCorrDim_50_ac_5_meanr14,"nonlinear,correlation,tstool,dimension",0.00605931502191424,0.0185772022571092
5123,NL_BoxCorrDim_50_ac_5_medianr14,"nonlinear,correlation,tstool,dimension",0.00561318037248673,0.0175110565607945
5124,NL_BoxCorrDim_50_ac_5_minr14,"nonlinear,correlation,tstool,dimension",0.00323359045900606,0.0109618716560305
5125,NL_BoxCorrDim_50_ac_5_meanchr14,"nonlinear,correlation,tstool,dimension",0.0197042011871398,0.0491672654227999
5126,NL_BoxCorrDim_50_ac_5_meanr15,"nonlinear,correlation,tstool,dimension",0.00704859648267514,0.0210482207886595
5127,NL_BoxCorrDim_50_ac_5_medianr15,"nonlinear,correlation,tstool,dimension",0.00848785630958759,0.0244933316043592
5128,NL_BoxCorrDim_50_ac_5_minr15,"nonlinear,correlation,tstool,dimension",0.000598582921400376,0.00263206412442821
5129,NL_BoxCorrDim_50_ac_5_meanchr15,"nonlinear,correlation,tstool,dimension",0.0145066650137748,0.0381221661989897
5130,NL_BoxCorrDim_50_ac_5_meanr16,"nonlinear,correlation,tstool,dimension",0.00605931502191424,0.0185772022571092
5131,NL_BoxCorrDim_50_ac_5_medianr16,"nonlinear,correlation,tstool,dimension",0.00731756136170696,0.0217057163891633
5132,NL_BoxCorrDim_50_ac_5_minr16,"nonlinear,correlation,tstool,dimension",0.000254864490291098,0.00126437652012706
5134,NL_BoxCorrDim_50_ac_5_meanr17,"nonlinear,correlation,tstool,dimension",0.0091335656357516,0.0260608632308279
5135,NL_BoxCorrDim_50_ac_5_medianr17,"nonlinear,correlation,tstool,dimension",0.00788327688124583,0.0230571274106775
5136,NL_BoxCorrDim_50_ac_5_minr17,"nonlinear,correlation,tstool,dimension",0.017814839449509,0.0452942293003767
5137,NL_BoxCorrDim_50_ac_5_meanchr17,"nonlinear,correlation,tstool,dimension",0.0172213319317616,0.0440052627502553
5138,NL_BoxCorrDim_50_ac_5_meanr18,"nonlinear,correlation,tstool,dimension",0.00653714319617325,0.0197697206514687
5139,NL_BoxCorrDim_50_ac_5_medianr18,"nonlinear,correlation,tstool,dimension",0.00540141912727418,0.0169694186968512
5140,NL_BoxCorrDim_50_ac_5_minr18,"nonlinear,correlation,tstool,dimension",0.0108866118227311,0.0301798245973608
5141,NL_BoxCorrDim_50_ac_5_meanchr18,"nonlinear,correlation,tstool,dimension",0.0166452400339562,0.0426556745146631
5145,NL_BoxCorrDim_50_ac_5_minstretch,"nonlinear,correlation,tstool,dimension",0.0130811712162832,0.0350488738760707
5146,NL_BoxCorrDim_50_ac_5_iqrstretch,"nonlinear,correlation,tstool,dimension",0.00122842305321242,0.00486111379422968
5147,NL_TSTL_GPCorrSum2_n1_05_40_20_ac_fnnmar_robfit_a1,"nonlinear,correlation,tstool,stochastic",0.0150172581412796,0.0392610579169185
5149,NL_TSTL_GPCorrSum2_n1_05_40_20_ac_fnnmar_robfit_sigrat,"nonlinear,correlation,tstool,stochastic",0.00982277183238884,0.0276287288323889
5156,NL_TSTL_GPCorrSum2_n1_05_40_20_ac_fnnmar_minlnr,"nonlinear,correlation,tstool,stochastic",0.00605931502191424,0.0185772022571092
5161,NL_TSTL_GPCorrSum2_n1_05_100_20_ac_fnnmar_robfit_a1,"nonlinear,correlation,tstool,stochastic",0.017814839449509,0.0452942293003767
5162,NL_TSTL_GPCorrSum2_n1_05_100_20_ac_fnnmar_robfit_a2,"nonlinear,correlation,tstool,stochastic",0.0126141510785048,0.0339894555366674
5170,NL_TSTL_GPCorrSum2_n1_05_100_20_ac_fnnmar_minlnr,"nonlinear,correlation,tstool,stochastic",0.00411003277270197,0.0134094057327522
5176,NL_TSTL_GPCorrSum2_n1_01_40_20_ac_fnnmar_robfit_a2,"nonlinear,correlation,tstool,stochastic",0.00146169723557975,0.00560356630053433
5184,NL_TSTL_GPCorrSum2_n1_01_40_20_ac_fnnmar_minlnr,"nonlinear,correlation,tstool,stochastic",0.00480871169077813,0.0153168762982772
5186,NL_TSTL_GPCorrSum2_n1_01_40_20_ac_fnnmar_rangelnCr,"nonlinear,correlation,tstool,stochastic",0.00759569887611432,0.0223537744105241
5189,NL_TSTL_GPCorrSum2_n1_01_40_40_ac_fnnmar_robfit_a2,"nonlinear,correlation,tstool,stochastic",0.00759569887611432,0.0223537744105241
5197,NL_TSTL_GPCorrSum2_n1_01_40_40_ac_fnnmar_minlnr,"nonlinear,correlation,tstool,stochastic",0.0197042011871398,0.0491672654227999
5202,TSTL_delaytime_01_1_tau1,"nonlinear,correlation,tstool,tau",0.00379644200152357,0.0125882024261045
5203,TSTL_delaytime_01_1_tau2,"nonlinear,correlation,tstool,tau",0.000431902709468371,0.00198113104942354
5204,TSTL_delaytime_01_1_tau3,"nonlinear,correlation,tstool,tau",0.0027478022249797,0.00953294543841641
5205,TSTL_delaytime_01_1_difftau12,"nonlinear,correlation,tstool,tau",0.00583240319190966,0.0180604081440648
5206,TSTL_delaytime_01_1_difftau13,"nonlinear,correlation,tstool,tau",0.00731756136170696,0.0217057163891633
5209,TSTL_delaytime_01_1_mintau,"nonlinear,correlation,tstool,tau",0.00519689746784096,0.0164065246445941
5214,NL_TSTL_dimensions_50_ac_fnnmar_bc_meanmmax,"nonlinear,tstool,scaling,dimension",0.00188893854939985,0.00695672712528585
5217,NL_TSTL_dimensions_50_ac_fnnmar_bc_minm3,"nonlinear,tstool,scaling,dimension",0.00982277183238884,0.0276287288323889
5218,NL_TSTL_dimensions_50_ac_fnnmar_bc_minmmax,"nonlinear,tstool,scaling,dimension",0.0122636413557551,0.0332336744619796
5219,NL_TSTL_dimensions_50_ac_fnnmar_bc_mindiff,"nonlinear,tstool,scaling,dimension",0.000901068977688017,0.00374472273914827
5223,NL_TSTL_dimensions_50_ac_fnnmar_bc_lfitm3,"nonlinear,tstool,scaling,dimension",0.00629414882979977,0.0191979629474484
5224,NL_TSTL_dimensions_50_ac_fnnmar_bc_lfitmmax,"nonlinear,tstool,scaling,dimension",0.00704859648267514,0.0210482207886595
5226,NL_TSTL_dimensions_50_ac_fnnmar_bc_lfitb2,"nonlinear,tstool,scaling,dimension",0.00480871169077813,0.0153168762982772
5228,NL_TSTL_dimensions_50_ac_fnnmar_bc_lfitbmax,"nonlinear,tstool,scaling,dimension",0.00411003277270197,0.0134094057327522
5230,NL_TSTL_dimensions_50_ac_fnnmar_bc_lfitmeansqdev2,"nonlinear,tstool,scaling,dimension",0.00223455572247879,0.00800997089039603
5232,NL_TSTL_dimensions_50_ac_fnnmar_bc_lfitmeansqdevmax,"nonlinear,tstool,scaling,dimension",0.00112515380607429,0.00451265912419318
5233,NL_TSTL_dimensions_50_ac_fnnmar_co_meanm1,"nonlinear,tstool,scaling,dimension",0.0135312008308029,0.0360376426167174
5234,NL_TSTL_dimensions_50_ac_fnnmar_co_meanm2,"nonlinear,tstool,scaling,dimension",0.00848785630958759,0.0244933316043592
5235,NL_TSTL_dimensions_50_ac_fnnmar_co_meanm3,"nonlinear,tstool,scaling,dimension",0.00947257968258233,0.0268452606529871
5236,NL_TSTL_dimensions_50_ac_fnnmar_co_meanmmax,"nonlinear,tstool,scaling,dimension",0.00102996237816126,0.00418988695436
5237,NL_TSTL_dimensions_50_ac_fnnmar_co_minm1,"nonlinear,tstool,scaling,dimension",0.0117525566357291,0.0320438340443338
5238,NL_TSTL_dimensions_50_ac_fnnmar_co_minm2,"nonlinear,tstool,scaling,dimension",0.00788327688124583,0.0230571274106775
5239,NL_TSTL_dimensions_50_ac_fnnmar_co_minm3,"nonlinear,tstool,scaling,dimension",0.00583240319190966,0.0180604081440648
5240,NL_TSTL_dimensions_50_ac_fnnmar_co_minmmax,"nonlinear,tstool,scaling,dimension",0.00708086738859515,0.0211357211485991
5241,NL_TSTL_dimensions_50_ac_fnnmar_co_mindiff,"nonlinear,tstool,scaling,dimension",0.0126141510785048,0.0339894555366674
5242,NL_TSTL_dimensions_50_ac_fnnmar_co_meandiff,"nonlinear,tstool,scaling,dimension",0.00880542419332382,0.0252969389960744
5243,NL_TSTL_dimensions_50_ac_fnnmar_co_lfitm1,"nonlinear,tstool,scaling,dimension",0.00982277183238884,0.0276287288323889
5244,NL_TSTL_dimensions_50_ac_fnnmar_co_lfitm2,"nonlinear,tstool,scaling,dimension",0.00583240319190966,0.0180604081440648
5245,NL_TSTL_dimensions_50_ac_fnnmar_co_lfitm3,"nonlinear,tstool,scaling,dimension",0.00197040771953243,0.00718245394539241
5246,NL_TSTL_dimensions_50_ac_fnnmar_co_lfitmmax,"nonlinear,tstool,scaling,dimension",0.0155436158790251,0.040414536684726
5250,NL_TSTL_dimensions_50_ac_fnnmar_co_lfitbmax,"nonlinear,tstool,scaling,dimension",0.00653714319617325,0.0197697206514687
5254,NL_TSTL_dimensions_50_ac_fnnmar_co_lfitmeansqdevmax,"nonlinear,tstool,scaling,dimension",0.00427548416137376,0.0138225121456947
5264,NL_TSTL_dimensions_50_ac_fnnmar_scr_bc_m2_minbad,"nonlinear,tstool,scaling,dimension",0.0091335656357516,0.0260608632308279
5278,NL_TSTL_dimensions_50_ac_fnnmar_scr_bc_m3_meanabsres,"nonlinear,tstool,scaling,dimension",0.0113416610170194,0.0311501870293831
5279,NL_TSTL_dimensions_50_ac_fnnmar_scr_bc_m3_meansqres,"nonlinear,tstool,scaling,dimension",0.00629414882979977,0.0191979629474484
5280,NL_TSTL_dimensions_50_ac_fnnmar_scr_bc_m3_scaling_exp,"nonlinear,tstool,scaling,dimension",0.0091335656357516,0.0260608632308279
5281,NL_TSTL_dimensions_50_ac_fnnmar_scr_bc_m3_scaling_int,"nonlinear,tstool,scaling,dimension",0.0135312008308029,0.0360376426167174
5282,NL_TSTL_dimensions_50_ac_fnnmar_scr_bc_mopt_minbad,"nonlinear,tstool,scaling,dimension",0.000752398562734347,0.00320546102220575
5284,NL_TSTL_dimensions_50_ac_fnnmar_scr_bc_mopt_logrmax,"nonlinear,tstool,scaling,dimension",0.00146484375,0.00561260638118945
5285,NL_TSTL_dimensions_50_ac_fnnmar_scr_bc_mopt_logrrange,"nonlinear,tstool,scaling,dimension",0.000244140625,0.00122138939520379
5286,NL_TSTL_dimensions_50_ac_fnnmar_scr_bc_mopt_pgone,"nonlinear,tstool,scaling,dimension",0.000244140625,0.00122138939520379
5289,NL_TSTL_dimensions_50_ac_fnnmar_scr_bc_mopt_scaling_exp,"nonlinear,tstool,scaling,dimension",9.32965976131512e-05,0.000548454565159392
5290,NL_TSTL_dimensions_50_ac_fnnmar_scr_bc_mopt_scaling_int,"nonlinear,tstool,scaling,dimension",6.82179820007579e-05,0.000432452194001242
5299,NL_TSTL_dimensions_50_ac_fnnmar_scr_co_m1_scaling_int,"nonlinear,tstool,scaling,dimension",0.0113416610170194,0.0311501870293831
5300,NL_TSTL_dimensions_50_ac_fnnmar_scr_co_m2_minbad,"nonlinear,tstool,scaling,dimension",0.010943570085506,0.0302435075460858
5308,NL_TSTL_dimensions_50_ac_fnnmar_scr_co_m2_scaling_int,"nonlinear,tstool,scaling,dimension",0.00605931502191424,0.0185772022571092
5311,NL_TSTL_dimensions_50_ac_fnnmar_scr_co_m3_logrmax,"nonlinear,tstool,scaling,dimension",0.0106261185979462,0.0294921396876332
5317,NL_TSTL_dimensions_50_ac_fnnmar_scr_co_m3_scaling_int,"nonlinear,tstool,scaling,dimension",0.00947257968258233,0.0268452606529871
5325,NL_TSTL_dimensions_50_ac_fnnmar_scr_co_mopt_scaling_exp,"nonlinear,tstool,scaling,dimension",0.00947257968258233,0.0268452606529871
5326,NL_TSTL_dimensions_50_ac_fnnmar_scr_co_mopt_scaling_int,"nonlinear,tstool,scaling,dimension",0.00731756136170696,0.0217057163891633
5327,NL_TSTL_dimensions_50_ac_fnnmar_bc_minscalingexp,"nonlinear,tstool,scaling,dimension",5.73224361403511e-05,0.000378902899612961
5328,NL_TSTL_dimensions_50_ac_fnnmar_bc_maxscalingexp,"nonlinear,tstool,scaling,dimension",0.00166273463464593,0.00623656894839009
5336,NL_TSTL_FractalDimensions_5_20_02_1_10_0_32_ac_fnnmar_maxDq,"nonlinear,tstool,dimension,correlation,stochastic",0.00263725978627337,0.00918974665613321
5337,NL_TSTL_FractalDimensions_5_20_02_1_10_0_32_ac_fnnmar_meanDq,"nonlinear,tstool,dimension,correlation,stochastic",0.00197040771953243,0.00718245394539241
5338,NL_TSTL_FractalDimensions_5_20_02_1_10_0_32_ac_fnnmar_maxq,"nonlinear,tstool,dimension,correlation,stochastic",0.000220031677037124,0.00111806246168971
5339,NL_TSTL_FractalDimensions_5_20_02_1_10_0_32_ac_fnnmar_rangeq,"nonlinear,tstool,dimension,correlation,stochastic",0.00540141912727418,0.0169694186968512
5340,NL_TSTL_FractalDimensions_5_20_02_1_10_0_32_ac_fnnmar_meanq,"nonlinear,tstool,dimension,correlation,stochastic",0.00286256220704461,0.00984948301205926
5342,NL_TSTL_FractalDimensions_5_20_02_1_10_0_32_ac_fnnmar_linfit_b,"nonlinear,tstool,dimension,correlation,stochastic",0.0027478022249797,0.00953294543841641
5347,NL_TSTL_FractalDimensions_5_100_02_1_10_0_32_ac_3_maxq,"nonlinear,tstool,dimension,correlation,stochastic",0.01842619348603,0.0466155193415237
5353,NL_TSTL_FractalDimensions_2_100_02_1_5_10_32_ac_5_rangeDq,"nonlinear,tstool,dimension,correlation,stochastic",0.000254864490291098,0.00126437652012706
5354,NL_TSTL_FractalDimensions_2_100_02_1_5_10_32_ac_5_maxDq,"nonlinear,tstool,dimension,correlation,stochastic",9.82427974942328e-05,0.000571397447190722
5355,NL_TSTL_FractalDimensions_2_100_02_1_5_10_32_ac_5_meanDq,"nonlinear,tstool,dimension,correlation,stochastic",2.8835208146233e-05,0.000217917034812137
5356,NL_TSTL_FractalDimensions_2_100_02_1_5_10_32_ac_5_maxq,"nonlinear,tstool,dimension,correlation,stochastic",3.21794070598959e-05,0.000238134302348647
5357,NL_TSTL_FractalDimensions_2_100_02_1_5_10_32_ac_5_rangeq,"nonlinear,tstool,dimension,correlation,stochastic",0.00018970647056619,0.000990117568886149
5358,NL_TSTL_FractalDimensions_2_100_02_1_5_10_32_ac_5_meanq,"nonlinear,tstool,dimension,correlation,stochastic",4.70247342896548e-05,0.000323136180895804
5359,NL_TSTL_FractalDimensions_2_100_02_1_5_10_32_ac_5_linfit_a,"nonlinear,tstool,dimension,correlation,stochastic",0.000126913156158702,0.000705855280229532
5360,NL_TSTL_FractalDimensions_2_100_02_1_5_10_32_ac_5_linfit_b,"nonlinear,tstool,dimension,correlation,stochastic",7.18988102492802e-05,0.000449383345184043
5361,NL_TSTL_FractalDimensions_2_100_02_1_5_10_32_ac_5_linfit_rmsqres,"nonlinear,tstool,dimension,correlation,stochastic",0.00395041253231895,0.0129778434783473
5365,NL_TSTL_FractalDimensions_2_100_02_1_5_10_32_1_5_maxq,"nonlinear,tstool,dimension,correlation,stochastic",9.32965976131512e-05,0.000548454565159392
5374,NL_TSTL_FractalDimensions_2_10_n1_1_5_10_32_1_5_maxq,"nonlinear,tstool,dimension,correlation",0.000861541430768804,0.00360995494152037
5380,TSTL_localdensity_5_40_ac_fnnmar_minden,"nonlinear,tstool",0.00173520694047121,0.00646750691581914
5381,TSTL_localdensity_5_40_ac_fnnmar_maxden,"nonlinear,tstool",0.0160861401361776,0.0414167202999814
5383,TSTL_localdensity_5_40_ac_fnnmar_rangeden,"nonlinear,tstool",0.00499939877018464,0.0158533273251423
5384,TSTL_localdensity_5_40_ac_fnnmar_stdden,"nonlinear,tstool",0.000861541430768804,0.00360995494152037
5387,TSTL_localdensity_5_40_ac_fnnmar_ac1den,"nonlinear,tstool",1.36205222978583e-07,2.6730066917723e-05
5388,TSTL_localdensity_5_40_ac_fnnmar_ac2den,"nonlinear,tstool",3.72030155408931e-07,2.6730066917723e-05
5389,TSTL_localdensity_5_40_ac_fnnmar_ac3den,"nonlinear,tstool",0.000171721588064445,0.000904205610525726
5393,TSTL_localdensity_5_40_ac_fnnmar_taumiden,"nonlinear,tstool",0.000496155677605986,0.00223167397088487
5395,TSTL_localdensity_5_40_ac_2_maxden,"nonlinear,tstool",0.00310530796992304,0.0105571573246811
5397,TSTL_localdensity_5_40_ac_2_rangeden,"nonlinear,tstool",0.00310530796992304,0.0105571573246811
5398,TSTL_localdensity_5_40_ac_2_stdden,"nonlinear,tstool",8.41011855946992e-05,0.000508679983218915
5399,TSTL_localdensity_5_40_ac_2_meanden,"nonlinear,tstool",2.18599433306592e-05,0.000178055991499957
5400,TSTL_localdensity_5_40_ac_2_medianden,"nonlinear,tstool",0.000752398562734347,0.00320546102220575
5401,TSTL_localdensity_5_40_ac_2_ac1den,"nonlinear,tstool",2.04420430353178e-07,2.6730066917723e-05
5402,TSTL_localdensity_5_40_ac_2_ac2den,"nonlinear,tstool",5.50793468636543e-07,2.6730066917723e-05
5403,TSTL_localdensity_5_40_ac_2_ac3den,"nonlinear,tstool",6.18178925154075e-06,7.22629846990453e-05
5404,TSTL_localdensity_5_40_ac_2_ac4den,"nonlinear,tstool",0.0121766025070389,0.0330103706198057
5407,TSTL_localdensity_5_40_ac_2_taumiden,"nonlinear,tstool",0.000438311522030274,0.00200794062119274
5408,TSTL_localdensity_5_40_1_3_minden,"nonlinear,tstool",6.47159490551713e-05,0.000415056613805193
5410,TSTL_localdensity_5_40_1_3_iqrden,"nonlinear,tstool",6.82179820007579e-05,0.000432452194001242
5413,TSTL_localdensity_5_40_1_3_meanden,"nonlinear,tstool",1.31540392168145e-05,0.000120986570005817
5414,TSTL_localdensity_5_40_1_3_medianden,"nonlinear,tstool",3.83548211191478e-06,5.14214635682134e-05
5415,TSTL_localdensity_5_40_1_3_ac1den,"nonlinear,tstool",0.00173520694047121,0.00646750691581914
5416,TSTL_localdensity_5_40_1_3_ac2den,"nonlinear,tstool",0.000861541430768804,0.00360995494152037
5417,TSTL_localdensity_5_40_1_3_ac3den,"nonlinear,tstool",0.000357259343652894,0.00169216850796072
5418,TSTL_localdensity_5_40_1_3_ac4den,"nonlinear,tstool",0.000220031677037124,0.00111806246168971
5419,TSTL_localdensity_5_40_1_3_ac5den,"nonlinear,tstool",0.000220031677037124,0.00111806246168971
5429,NL_TSTL_PoincareSection_max_mi_ac2x,"nonlinear,tstool",0.010943570085506,0.0302435075460858
5463,NL_TSTL_PoincareSection_max_mi_tracepbox10,"nonlinear,tstool",0.0155436158790251,0.040414536684726
5477,NL_TSTL_PoincareSection_max_ac_ac2x,"nonlinear,tstool",0.00540141912727418,0.0169694186968512
5484,NL_TSTL_PoincareSection_max_ac_ac1y,"nonlinear,tstool",0.00848785630958759,0.0244933316043592
5485,NL_TSTL_PoincareSection_max_ac_ac2y,"nonlinear,tstool",0.00759569887611432,0.0223537744105241
5536,NL_TSTL_PoincareSection_max_1_pwithinr01,"nonlinear,tstool",0.00653714319617325,0.0197697206514687
5537,NL_TSTL_PoincareSection_max_1_pwithin02,"nonlinear,tstool",0.0155436158790251,0.040414536684726
5538,NL_TSTL_PoincareSection_max_1_pwithin03,"nonlinear,tstool",0.00214310157010038,0.00774060886734887
5539,NL_TSTL_PoincareSection_max_1_pwithin05,"nonlinear,tstool",0.00139983011578967,0.00541891821332607
5540,NL_TSTL_PoincareSection_max_1_pwithin1,"nonlinear,tstool",4.9613796147306e-05,0.00033670220664697
5542,NL_TSTL_PoincareSection_max_1_meands,"nonlinear,tstool",0.0145066650137748,0.0381221661989897
5544,NL_TSTL_PoincareSection_max_1_minds,"nonlinear,tstool",0.00253079653773657,0.00889276433965776
5568,NL_TSTL_LargestLyap_n1_01_001_3_mi_fnnmar_p4,"nonlinear,tstool",0.00411003277270197,0.0134094057327522
5569,NL_TSTL_LargestLyap_n1_01_001_3_mi_fnnmar_p5,"nonlinear,tstool",0.000171721588064445,0.000904205610525726
5572,NL_TSTL_LargestLyap_n1_01_001_3_mi_fnnmar_ncross08max,"nonlinear,tstool",0.0164404806613167,0.0423137316803737
5574,NL_TSTL_LargestLyap_n1_01_001_3_mi_fnnmar_pcross08max,"nonlinear,tstool",0.01698290230949,0.043489669619158
5592,NL_TSTL_LargestLyap_n1_01_001_3_mi_fnnmar_expfit_r2,"nonlinear,tstool",0.017814839449509,0.0452942293003767
5593,NL_TSTL_LargestLyap_n1_01_001_3_mi_fnnmar_expfit_rmse,"nonlinear,tstool",0.0121766025070389,0.0330103706198057
5594,NL_TSTL_LargestLyap_n1_01_001_3_1_4_p2,"nonlinear,tstool",0.00173520694047121,0.00646750691581914
5595,NL_TSTL_LargestLyap_n1_01_001_3_1_4_p3,"nonlinear,tstool",0.000656213856332496,0.00285200637559893
5596,NL_TSTL_LargestLyap_n1_01_001_3_1_4_p4,"nonlinear,tstool",0.0101844541042579,0.0284549170989843
5598,NL_TSTL_LargestLyap_n1_01_001_3_1_4_maxp,"nonlinear,tstool",1.74686653178146e-05,0.000148223394991087
5605,NL_TSTL_LargestLyap_n1_01_001_3_1_4_to08max,"nonlinear,tstool",0.0134745868173217,0.0360376426167174
5606,NL_TSTL_LargestLyap_n1_01_001_3_1_4_to07max,"nonlinear,tstool",0.000250255105495178,0.00125022182176854
5615,NL_TSTL_LargestLyap_n1_01_001_3_1_4_ve_gradient,"nonlinear,tstool",0.0126141510785048,0.0339894555366674
5618,NL_TSTL_LargestLyap_n1_01_001_3_1_4_expfit_a,"nonlinear,tstool",9.86802931933148e-06,9.70310783485094e-05
5619,NL_TSTL_LargestLyap_n1_01_001_3_1_4_expfit_b,"nonlinear,tstool",0.000942271767787704,0.00388421118406524
5620,NL_TSTL_LargestLyap_n1_01_001_3_1_4_expfit_r2,"nonlinear,tstool",0.0121766025070389,0.0330103706198057
5622,NL_TSTL_ReturnTime_10_1_1_n1_ac_8_max,"nonlinear,tstool",3.19894145993939e-06,4.60065944511282e-05
5623,NL_TSTL_ReturnTime_10_1_1_n1_ac_8_std,"nonlinear,tstool",2.06727974704263e-05,0.000170347535742752
5624,NL_TSTL_ReturnTime_10_1_1_n1_ac_8_pzeros,"nonlinear,tstool",0.0113416610170194,0.0311501870293831
5625,NL_TSTL_ReturnTime_10_1_1_n1_ac_8_pg05,"nonlinear,tstool",0.00056655383067148,0.00251452413999393
5632,NL_TSTL_ReturnTime_10_1_1_n1_ac_8_statrtys,"nonlinear,tstool",2.8322842707188e-06,4.2538041610226e-05
5633,NL_TSTL_ReturnTime_10_1_1_n1_ac_8_statrtym,"nonlinear,tstool",0.0197042011871398,0.0491672654227999
5634,NL_TSTL_ReturnTime_10_1_1_n1_ac_8_hhist,"nonlinear,tstool",0.000598582921400376,0.00263206412442821
5635,NL_TSTL_ReturnTime_10_1_1_n1_ac_8_hcgdist,"nonlinear,tstool",0.00336668407320579,0.0113643546311769
5636,NL_TSTL_ReturnTime_10_1_1_n1_ac_8_rangecgdist,"nonlinear,tstool",0.00427548416137376,0.0138225121456947
5638,NL_TSTL_ReturnTime_10_1_1_n1_ac_8_phisthistmin,"nonlinear,tstool",3.61088889258424e-06,4.95297071797827e-05
5639,NL_TSTL_ReturnTime_10_1_1_n1_ac_8_hhisthist,"nonlinear,tstool",3.19894145993939e-06,4.60065944511282e-05
5678,SD_TSTL_surrogates_1_100_1_tc3_stdsurr,"nonlinear,tstool,correlation,surrogate",2.58231003683401e-05,0.000200692851006783
5708,SD_TSTL_surrogates_1_100_3_tc3_kspminfromext,"nonlinear,tstool,correlation,surrogate",0.00411003277270197,0.0134094057327522
5727,SD_TSTL_surrogates_mi_100_1_trev_stdsurr,"nonlinear,tstool,correlation,surrogate",0.00411003277270197,0.0134094057327522
5734,SD_TSTL_surrogates_1_100_2_trev_stdsurr,"nonlinear,tstool,correlation,surrogate",0.0113416610170194,0.0311501870293831
5740,SD_TSTL_surrogates_mi_100_2_trev_iqrsfrommedian,"nonlinear,tstool,correlation,surrogate",0.0166452400339562,0.0426556745146631
5741,SD_TSTL_surrogates_mi_100_2_trev_stdsurr,"nonlinear,tstool,correlation,surrogate",0.000171721588064445,0.000904205610525726
5745,SD_TSTL_surrogates_mi_100_2_trev_ksiqrsfrommode,"nonlinear,tstool,correlation,surrogate",0.0117525566357291,0.0320438340443338
5748,SD_TSTL_surrogates_1_100_3_trev_stdsurr,"nonlinear,tstool,correlation,surrogate",0.0117525566357291,0.0320438340443338
5755,SD_TSTL_surrogates_mi_100_3_trev_stdsurr,"nonlinear,tstool,correlation,surrogate",0.000598582921400376,0.00263206412442821
5802,PP_Compare_poly2_swss5_1,"preprocessing,raw,stationarity",0.0190558322334121,0.0478850934238124
5856,PP_Compare_sin2_statav8,"preprocessing,raw,stationarity",0.00379644200152357,0.0125882024261045
5895,PP_Compare_spline24_swss5_1,"preprocessing,raw,stationarity",0.0197042011871398,0.0491672654227999
5967,PP_Compare_spline64_kscn_peaksepy,"preprocessing,raw",0.00395041253231895,0.0129778434783473
5977,PP_Compare_diff1_statav2,"preprocessing,raw,stationarity",0.0121766025070389,0.0330103706198057
5988,PP_Compare_diff1_swss5_1,"preprocessing,raw,stationarity",0.0117525566357291,0.0320438340443338
5990,PP_Compare_diff1_swss10_1,"preprocessing,raw,stationarity",0.00197040771953243,0.00718245394539241
5991,PP_Compare_diff1_swss10_2,"preprocessing,raw,stationarity",0.00561318037248673,0.0175110565607945
6000,PP_Compare_diff1_kscn_olapint,"preprocessing,raw",1.17306779714729e-05,0.000112245559783488
6001,PP_Compare_diff1_kscn_relent,"preprocessing,raw",0.00411003277270197,0.0134094057327522
6002,PP_Compare_diff1_htdt_chi2n,"preprocessing,raw",0.00716965987895274,0.0213917890520807
6006,PP_Compare_diff1_olbt_s2,"preprocessing,raw",5.2337595654733e-05,0.000350873766647247
6007,PP_Compare_diff1_olbt_s5,"preprocessing,raw",8.28993397906581e-06,8.84798200854116e-05
6031,PP_Compare_diff2_kscn_olapint,"preprocessing,raw",0.00139983011578967,0.00541891821332607
6037,PP_Compare_diff2_olbt_s2,"preprocessing,raw",0.00152607557784433,0.00581280472909244
6038,PP_Compare_diff2_olbt_s5,"preprocessing,raw",0.000752398562734347,0.00320546102220575
6039,PP_Compare_medianf3_statav2,"preprocessing,raw,locationDependent,stationarity",0.0197042011871398,0.0491672654227999
6062,PP_Compare_medianf3_kscn_olapint,"preprocessing,raw",0.00107658530464083,0.00433741413907078
6069,PP_Compare_medianf3_olbt_s5,"preprocessing,raw",0.000340582796086869,0.00162616292779505
6073,PP_Compare_medianf4_statav8,"preprocessing,raw,stationarity",0.00759569887611432,0.0223537744105241
6074,PP_Compare_medianf4_statav10,"preprocessing,raw,stationarity",0.00947257968258233,0.0268452606529871
6078,PP_Compare_medianf4_swms10_1,"preprocessing,raw,stationarity",0.00253079653773657,0.00889276433965776
6093,PP_Compare_medianf4_kscn_olapint,"preprocessing,raw",0.000942271767787704,0.00388421118406524
6099,PP_Compare_medianf4_olbt_s2,"preprocessing,raw",0.000985214086551646,0.00403320246242735
6100,PP_Compare_medianf4_olbt_s5,"preprocessing,raw",0.000309391534112162,0.00150038033470333
6104,PP_Compare_medianf10_statav8,"preprocessing,raw,stationarity",0.00947257968258233,0.0268452606529871
6105,PP_Compare_medianf10_statav10,"preprocessing,raw,stationarity",0.00242827797978465,0.0086047341652996
6108,PP_Compare_medianf10_swms5_2,"preprocessing,raw,stationarity",0.0126141510785048,0.0339894555366674
6109,PP_Compare_medianf10_swms10_1,"preprocessing,raw,stationarity",0.000357259343652894,0.00169216850796072
6124,PP_Compare_medianf10_kscn_olapint,"preprocessing,raw",0.00232957338585228,0.00831706766995103
6130,PP_Compare_medianf10_olbt_s2,"preprocessing,raw",0.000474463308048828,0.00214866685114479
6131,PP_Compare_medianf10_olbt_s5,"preprocessing,raw",0.00117574116189045,0.00469702656088558
6155,PP_Compare_rav2_kscn_olapint,"preprocessing,raw",0.00128327762626588,0.00503341786302305
6161,PP_Compare_rav2_olbt_s2,"preprocessing,raw",0.00427548416137376,0.0138225121456947
6162,PP_Compare_rav2_olbt_s5,"preprocessing,raw",0.00107658530464083,0.00433741413907078
6186,PP_Compare_rav3_kscn_olapint,"preprocessing,raw",0.00078726537066868,0.00333405245317688
6188,PP_Compare_rav3_htdt_chi2n,"preprocessing,raw",0.00444695290880556,0.014305403415177
6192,PP_Compare_rav3_olbt_s2,"preprocessing,raw",0.000309391534112162,0.00150038033470333
6193,PP_Compare_rav3_olbt_s5,"preprocessing,raw",0.000752398562734347,0.00320546102220575
6215,PP_Compare_rav4_kscn_peaksepy,"preprocessing,raw",0.0135312008308029,0.0360376426167174
6217,PP_Compare_rav4_kscn_olapint,"preprocessing,raw",0.000656213856332496,0.00285200637559893
6223,PP_Compare_rav4_olbt_s2,"preprocessing,raw",0.000199349058622623,0.00103212068969778
6224,PP_Compare_rav4_olbt_s5,"preprocessing,raw",0.000431902709468371,0.00198113104942354
6227,PP_Compare_rav10_statav6,"preprocessing,raw,stationarity",0.00134038555683954,0.00522002449624763
6229,PP_Compare_rav10_statav10,"preprocessing,raw,stationarity",0.0145066650137748,0.0381221661989897
6232,PP_Compare_rav10_swms5_2,"preprocessing,raw,stationarity",0.00253079653773657,0.00889276433965776
6233,PP_Compare_rav10_swms10_1,"preprocessing,raw,stationarity",0.00310530796992304,0.0105571573246811
6236,PP_Compare_rav10_swss5_1,"preprocessing,raw,stationarity",0.00561318037248673,0.0175110565607945
6238,PP_Compare_rav10_swss10_1,"preprocessing,raw,stationarity",0.0101844541042579,0.0284549170989843
6239,PP_Compare_rav10_swss10_2,"preprocessing,raw,stationarity",0.00788327688124583,0.0230571274106775
6246,PP_Compare_rav10_kscn_peaksepy,"preprocessing,raw",0.0140114417696054,0.0371498897422051
6248,PP_Compare_rav10_kscn_olapint,"preprocessing,raw",0.00188893854939985,0.00695672712528585
6254,PP_Compare_rav10_olbt_s2,"preprocessing,raw",0.00112515380607429,0.00451265912419318
6255,PP_Compare_rav10_olbt_s5,"preprocessing,raw",0.00078726537066868,0.00333405245317688
6276,PP_Compare_resample_1_2_kscn_adiff,"preprocessing,raw",0.0101844541042579,0.0284549170989843
6280,PP_Compare_resample_1_2_kscn_relent,"preprocessing,raw",0.0155436158790251,0.040414536684726
6307,PP_Compare_resample_2_1_kscn_adiff,"preprocessing,raw",0.00112515380607429,0.00451265912419318
6311,PP_Compare_resample_2_1_kscn_relent,"preprocessing,raw",0.00731756136170696,0.0217057163891633
6363,MF_GP_hyperparameters_covSEiso_covNoise_1_200_first_logh1,"model,GaussianProcess",0.00122842305321242,0.00486111379422968
6366,MF_GP_hyperparameters_covSEiso_covNoise_1_200_first_mlikelihood,"model,GaussianProcess",0.00629414882979977,0.0191979629474484
6367,MF_GP_hyperparameters_covSEiso_covNoise_1_200_first_rmserr,"model,GaussianProcess",0.0160861401361776,0.0414167202999814
6368,MF_GP_hyperparameters_covSEiso_covNoise_1_200_first_mabserr_std,"model,GaussianProcess",0.00462463008225427,0.0147900905460774
6370,MF_GP_hyperparameters_covSEiso_covNoise_1_200_first_std_S_data,"model,GaussianProcess",0.0145066650137748,0.0381221661989897
6374,MF_GP_hyperparameters_covSEiso_covPeriodic_covNoise_1_200_first_logh1,"model,GaussianProcess",0.00232957338585228,0.00831706766995103
6379,MF_GP_hyperparameters_covSEiso_covPeriodic_covNoise_1_200_first_mlikelihood,"model,GaussianProcess",0.00181057379343184,0.00670279502623051
6381,MF_GP_hyperparameters_covSEiso_covPeriodic_covNoise_1_200_first_mabserr_std,"model,GaussianProcess",0.0145066650137748,0.0381221661989897
6406,MF_GP_LocalPrediction_covSEiso_covNoise_5_3_10_beforeafter_minabserr_run,"model,GaussianProcess",0.0155436158790251,0.040414536684726
6408,MF_GP_LocalPrediction_covSEiso_covNoise_5_3_10_beforeafter_meanerrbar,"model,GaussianProcess",0.0101844541042579,0.0284549170989843
6409,MF_GP_LocalPrediction_covSEiso_covNoise_5_3_10_beforeafter_minerrbar,"model,GaussianProcess",0.00605931502191424,0.0185772022571092
6410,MF_GP_LocalPrediction_covSEiso_covNoise_5_3_10_beforeafter_meanlogh1,"model,GaussianProcess",0.00253079653773657,0.00889276433965776
6411,MF_GP_LocalPrediction_covSEiso_covNoise_5_3_10_beforeafter_stdlogh1,"model,GaussianProcess",0.00818056932224017,0.0237606989004601
6416,MF_GP_LocalPrediction_covSEiso_covNoise_5_3_10_beforeafter_maxmlik,"model,GaussianProcess",0.000545691962300163,0.00242495697853612
6418,MF_GP_LocalPrediction_covSEiso_covNoise_5_3_10_beforeafter_stdmlik,"model,GaussianProcess",0.00788327688124583,0.0230571274106775
6424,MF_GP_LocalPrediction_covSEiso_covNoise_10_3_20_frombefore_minabserr_run,"model,GaussianProcess",0.00880542419332382,0.0252969389960744
6426,MF_GP_LocalPrediction_covSEiso_covNoise_10_3_20_frombefore_meanerrbar,"model,GaussianProcess",0.00214310157010038,0.00774060886734887
6427,MF_GP_LocalPrediction_covSEiso_covNoise_10_3_20_frombefore_minerrbar,"model,GaussianProcess",0.00462463008225427,0.0147900905460774
6428,MF_GP_LocalPrediction_covSEiso_covNoise_10_3_20_frombefore_meanlogh1,"model,GaussianProcess",0.00379644200152357,0.0125882024261045
6429,MF_GP_LocalPrediction_covSEiso_covNoise_10_3_20_frombefore_stdlogh1,"model,GaussianProcess",0.0105579451035292,0.0293143569391672
6434,MF_GP_LocalPrediction_covSEiso_covNoise_10_3_20_frombefore_maxmlik,"model,GaussianProcess",0.000985214086551646,0.00403320246242735
6436,MF_GP_LocalPrediction_covSEiso_covNoise_10_3_20_frombefore_stdmlik,"model,GaussianProcess",0.000942271767787704,0.00388421118406524
6444,MF_GP_LocalPrediction_covSEiso_covNoise_10_3_20_randomgap_meanerrbar,"model,GaussianProcess",0.00759569887611432,0.0223537744105241
6446,MF_GP_LocalPrediction_covSEiso_covNoise_10_3_20_randomgap_meanlogh1,"model,GaussianProcess",0.00704859648267514,0.0210482207886595
6452,MF_GP_LocalPrediction_covSEiso_covNoise_10_3_20_randomgap_maxmlik,"model,GaussianProcess",0.000901068977688017,0.00374472273914827
6454,MF_GP_LocalPrediction_covSEiso_covNoise_10_3_20_randomgap_stdmlik,"model,GaussianProcess",0.000861541430768804,0.00360995494152037
6466,WL_cwt_db3_32_meanabsC,"wavelet,cwt",2.18599433306592e-05,0.000178055991499957
6468,WL_cwt_db3_32_maxabsC,"wavelet,cwt",0.00029481867962687,0.0014405038986024
6469,WL_cwt_db3_32_maxonmeanC,"wavelet,cwt",0.0190558322334121,0.0478850934238124
6473,WL_cwt_db3_32_pover95,"wavelet,cwt",0.0113416610170194,0.0311501870293831
6474,WL_cwt_db3_32_pover90,"wavelet,cwt",0.0135312008308029,0.0360376426167174
6476,WL_cwt_db3_32_gam1,"wavelet,cwt",2.35690423947498e-06,3.75364681897593e-05
6477,WL_cwt_db3_32_gam2,"wavelet,cwt",2.50614204546602e-06,3.90398801349509e-05
6478,WL_cwt_db3_32_SC_h,"wavelet,cwt",0.000231112917058414,0.00116275113536315
6479,WL_cwt_db3_32_dd_SC_h,"wavelet,cwt",0.00122842305321242,0.00486111379422968
6480,WL_cwt_db3_32_max_ssc,"wavelet,cwt",0.00253079653773657,0.00889276433965776
6482,WL_cwt_db3_32_maxonmed_ssc,"wavelet,cwt",0.000520910653425132,0.00232791145118237
6483,WL_cwt_db3_32_pcross_maxssc50,"wavelet,cwt",0.00175137659053241,0.00652435894714822
6484,WL_cwt_db3_32_std_ssc,"wavelet,cwt",5.52026967449372e-05,0.000365910612781386
6485,WL_cwt_db3_32_stat_2_m_s,"wavelet,cwt",0.00253079653773657,0.00889276433965776
6488,WL_cwt_db3_32_stat_5_m_s,"wavelet,cwt",0.00223455572247879,0.00800997089039603
6492,WL_cwt_sym2_32_meanabsC,"wavelet,cwt",3.21794070598959e-05,0.000238134302348647
6494,WL_cwt_sym2_32_maxabsC,"wavelet,cwt",7.98313205736858e-05,0.000487827614733107
6495,WL_cwt_sym2_32_maxonmeanC,"wavelet,cwt",0.000656213856332496,0.00285200637559893
6496,WL_cwt_sym2_32_maxonmedSC,"wavelet,cwt",0.00462463008225427,0.0147900905460774
6497,WL_cwt_sym2_32_pover99,"wavelet,cwt",0.00298168202047877,0.0101952902515794
6499,WL_cwt_sym2_32_pover95,"wavelet,cwt",0.00364794442843455,0.0121809176294679
6502,WL_cwt_sym2_32_gam1,"wavelet,cwt",6.26998872165287e-07,2.6730066917723e-05
6503,WL_cwt_sym2_32_gam2,"wavelet,cwt",6.68816911061285e-07,2.6730066917723e-05
6504,WL_cwt_sym2_32_SC_h,"wavelet,cwt",2.31118018635252e-05,0.000186969224393677
6505,WL_cwt_sym2_32_dd_SC_h,"wavelet,cwt",7.57669573527021e-05,0.000466595994285369
6506,WL_cwt_sym2_32_max_ssc,"wavelet,cwt",0.00561318037248673,0.0175110565607945
6507,WL_cwt_sym2_32_min_ssc,"wavelet,cwt",0.000718970297700572,0.00308892549748363
6508,WL_cwt_sym2_32_maxonmed_ssc,"wavelet,cwt",0.00102996237816126,0.00418988695436
6509,WL_cwt_sym2_32_pcross_maxssc50,"wavelet,cwt",0.0111370885335874,0.0307425099924812
6510,WL_cwt_sym2_32_std_ssc,"wavelet,cwt",2.44316942629559e-05,0.000192186996086169
6511,WL_cwt_sym2_32_stat_2_m_s,"wavelet,cwt",0.000220031677037124,0.00111806246168971
6514,WL_cwt_sym2_32_stat_5_m_s,"wavelet,cwt",0.000163342672991421,0.000866495148305461
6516,WL_cwt_sym2_32_stat_5_s_s,"wavelet,cwt",0.00982277183238884,0.0276287288323889
6527,WL_DetailCoeffs_db3_max_wheremax_median,wavelet,0.00684567667456542,0.0205977904675533
6528,WL_DetailCoeffs_db3_max_wheremax_max,wavelet,0.000919243995482339,0.00381802684004596
6532,WL_DetailCoeffs_db3_max_wslesr_mean,wavelet,0.00738525390625,0.0218882691751015
6534,WL_DetailCoeffs_db3_max_wslesr_max,wavelet,0.00233257649297,0.00832361506438769
6536,WL_coeffs_db3_1_mean_coeff,wavelet,9.86802931933148e-06,9.70310783485094e-05
6537,WL_coeffs_db3_1_max_coeff,wavelet,0.00013352242572232,0.000737429130114194
6538,WL_coeffs_db3_1_med_coeff,wavelet,9.3125620761273e-06,9.39038660339239e-05
6540,WL_coeffs_db3_1_wb90m,wavelet,0.00115849515297492,0.00464376519934034
6541,WL_coeffs_db3_1_wb75m,wavelet,0.00876205926838974,0.025274351674095
6546,WL_coeffs_db3_2_mean_coeff,wavelet,4.83557438253742e-07,2.6730066917723e-05
6547,WL_coeffs_db3_2_max_coeff,wavelet,8.11026050600951e-07,2.6730066917723e-05
6548,WL_coeffs_db3_2_med_coeff,wavelet,6.68816911061285e-07,2.6730066917723e-05
6556,WL_coeffs_db3_3_mean_coeff,wavelet,6.55740619856895e-06,7.50517278578976e-05
6557,WL_coeffs_db3_3_max_coeff,wavelet,0.00049718147462051,0.00223167397088487
6558,WL_coeffs_db3_3_med_coeff,wavelet,1.31540392168145e-05,0.000120986570005817
6576,WL_coeffs_db3_5_mean_coeff,wavelet,6.95480101290475e-06,7.80934202064179e-05
6577,WL_coeffs_db3_5_max_coeff,wavelet,1.47412616174406e-05,0.000130851672636608
6578,WL_coeffs_db3_5_med_coeff,wavelet,2.44316942629559e-05,0.000192186996086169
6582,WL_coeffs_db3_5_wb50m,wavelet,0.017814839449509,0.0452942293003767
6584,WL_coeffs_db3_5_wb10m,wavelet,0.00759569887611432,0.0223537744105241
6585,WL_coeffs_db3_5_wb1m,wavelet,0.00613097837829684,0.0187888226754607
6598,WL_fBM_p3,wavelet,9.3125620761273e-06,9.39038660339239e-05
6599,WL_dwtcoeff_db3_5_maxd_l1,"wavelet,dwt",0.00049718147462051,0.00223167397088487
6600,WL_dwtcoeff_db3_5_mind_l1,"wavelet,dwt",2.58231003683401e-05,0.000200692851006783
6601,WL_dwtcoeff_db3_5_stdd_l1,"wavelet,dwt",1.47412616174406e-05,0.000130851672636608
6602,WL_dwtcoeff_db3_5_noisestd_l1,"wavelet,dwt",1.24229200737778e-05,0.000115909263440661
6603,WL_dwtcoeff_db3_5_maxd_l2,"wavelet,dwt",3.39893536496135e-06,4.81054092706955e-05
6604,WL_dwtcoeff_db3_5_mind_l2,"wavelet,dwt",5.82681221138167e-06,6.94825395859734e-05
6605,WL_dwtcoeff_db3_5_stdd_l2,"wavelet,dwt",4.5298014109361e-07,2.6730066917723e-05
6606,WL_dwtcoeff_db3_5_noisestd_l2,"wavelet,dwt",1.26503510150617e-06,2.89575076772426e-05
6607,WL_dwtcoeff_db3_5_maxd_l3,"wavelet,dwt",0.00181057379343184,0.00670279502623051
6608,WL_dwtcoeff_db3_5_mind_l3,"wavelet,dwt",3.19894145993939e-06,4.60065944511282e-05
6609,WL_dwtcoeff_db3_5_stdd_l3,"wavelet,dwt",6.95480101290475e-06,7.80934202064179e-05
6610,WL_dwtcoeff_db3_5_noisestd_l3,"wavelet,dwt",4.32549215748757e-06,5.65012452645028e-05
6615,WL_dwtcoeff_db3_5_maxd_l5,"wavelet,dwt",0.000140455025433301,0.000763865031367202
6616,WL_dwtcoeff_db3_5_mind_l5,"wavelet,dwt",8.7870425947142e-06,9.10552492456629e-05
6617,WL_dwtcoeff_db3_5_stdd_l5,"wavelet,dwt",5.49139337197368e-06,6.67119955888748e-05
6618,WL_dwtcoeff_db3_5_noisestd_l5,"wavelet,dwt",1.74686653178146e-05,0.000148223394991087
6619,WL_dwtcoeff_sym2_5_maxd_l1,"wavelet,dwt",7.98313205736858e-05,0.000487827614733107
6620,WL_dwtcoeff_sym2_5_mind_l1,"wavelet,dwt",9.21562980967866e-07,2.7222435110001e-05
6621,WL_dwtcoeff_sym2_5_stdd_l1,"wavelet,dwt",3.0102618480377e-06,4.46459460337092e-05
6622,WL_dwtcoeff_sym2_5_noisestd_l1,"wavelet,dwt",2.66442794601493e-06,4.07915323606028e-05
6623,WL_dwtcoeff_sym2_5_maxd_l2,"wavelet,dwt",3.04637264727127e-05,0.00022900873153035
6624,WL_dwtcoeff_sym2_5_mind_l2,"wavelet,dwt",3.97323460579137e-07,2.6730066917723e-05
6625,WL_dwtcoeff_sym2_5_stdd_l2,"wavelet,dwt",3.2602341299532e-07,2.6730066917723e-05
6626,WL_dwtcoeff_sym2_5_noisestd_l2,"wavelet,dwt",9.21562980967866e-07,2.7222435110001e-05
6629,WL_dwtcoeff_sym2_5_stdd_l3,"wavelet,dwt",0.000140455025433301,0.000763865031367202
6630,WL_dwtcoeff_sym2_5_noisestd_l3,"wavelet,dwt",0.000431902709468371,0.00198113104942354
6635,WL_dwtcoeff_sym2_5_maxd_l5,"wavelet,dwt",0.000598582921400376,0.00263206412442821
6636,WL_dwtcoeff_sym2_5_mind_l5,"wavelet,dwt",9.21562980967866e-07,2.7222435110001e-05
6637,WL_dwtcoeff_sym2_5_stdd_l5,"wavelet,dwt",9.3125620761273e-06,9.39038660339239e-05
6638,WL_dwtcoeff_sym2_5_noisestd_l5,"wavelet,dwt",6.95480101290475e-06,7.80934202064179e-05
6649,MF_arfit_1_8_sbc_sumA,"modelfit,arfit",4.87516924146122e-06,6.14412047036453e-05
6652,MF_arfit_1_8_sbc_C,"modelfit,arfit",9.82427974942328e-05,0.000571397447190722
6653,MF_arfit_1_8_sbc_fpe_1,"modelfit,arfit",6.26998872165287e-07,2.6730066917723e-05
6654,MF_arfit_1_8_sbc_fpe_2,"modelfit,arfit",2.06727974704263e-05,0.000170347535742752
6655,MF_arfit_1_8_sbc_fpe_3,"modelfit,arfit",2.18599433306592e-05,0.000178055991499957
6656,MF_arfit_1_8_sbc_fpe_4,"modelfit,arfit",3.21794070598959e-05,0.000238134302348647
6657,MF_arfit_1_8_sbc_fpe_5,"modelfit,arfit",2.31118018635252e-05,0.000186969224393677
6658,MF_arfit_1_8_sbc_fpe_6,"modelfit,arfit",4.22259746751932e-05,0.000297042207225989
6659,MF_arfit_1_8_sbc_fpe_7,"modelfit,arfit",4.00045227898351e-05,0.000284223750240355
6660,MF_arfit_1_8_sbc_fpe_8,"modelfit,arfit",4.22259746751932e-05,0.000297042207225989
6661,MF_arfit_1_8_sbc_minfpe,"modelfit,arfit",4.22259746751932e-05,0.000297042207225989
6667,MF_arfit_1_8_sbc_pcorr_res,"modelfit,arfit",0.0139158918678795,0.0370206405857376
6676,MF_arfit_1_8_sbc_meanper,"modelfit,arfit",0.00078726537066868,0.00333405245317688
6677,MF_arfit_1_8_sbc_stdper,"modelfit,arfit",0.000220031677037124,0.00111806246168971
6678,MF_arfit_1_8_sbc_maxper,"modelfit,arfit",0.000656213856332496,0.00285200637559893
6680,MF_arfit_1_8_sbc_meanpererr,"modelfit,arfit",0.00166273463464593,0.00623656894839009
6687,MF_arfit_1_8_sbc_minexctn,"modelfit,arfit",0.00444695290880556,0.014305403415177
6690,NL_MS_fnn_1_10_mi_5_1_pfnn_1,"nonlinear,fnn,slow",3.27425962184496e-05,0.000241799317924422
6691,NL_MS_fnn_1_10_mi_5_1_pfnn_2,"nonlinear,fnn,slow",1.43441430774462e-06,2.92595858362005e-05
6692,NL_MS_fnn_1_10_mi_5_1_pfnn_3,"nonlinear,fnn,slow",5.52026967449372e-05,0.000365910612781386
6693,NL_MS_fnn_1_10_mi_5_1_pfnn_4,"nonlinear,fnn,slow",6.47159490551713e-05,0.000415056613805193
6694,NL_MS_fnn_1_10_mi_5_1_pfnn_5,"nonlinear,fnn,slow",0.000108887185280847,0.00062362660660849
6695,NL_MS_fnn_1_10_mi_5_1_pfnn_6,"nonlinear,fnn,slow",7.98313205736858e-05,0.000487827614733107
6696,NL_MS_fnn_1_10_mi_5_1_pfnn_7,"nonlinear,fnn,slow",0.000331653981601726,0.00159314756749169
6700,NL_MS_fnn_1_10_mi_5_1_meanpfnn,"nonlinear,fnn,slow",4.45641297611193e-05,0.000310119295962276
6701,NL_MS_fnn_1_10_mi_5_1_stdpfnn,"nonlinear,fnn,slow",8.7870425947142e-06,9.10552492456629e-05
6703,NL_MS_fnn_1_10_mi_5_1_firstunder01,"nonlinear,fnn,slow",6.103515625e-05,0.000398719518758511
6704,NL_MS_fnn_1_10_mi_5_1_firstunder005,"nonlinear,fnn,slow",0.0015959085262317,0.00603680807558101
6705,NL_MS_fnn_1_10_mi_5_1_firstunder002,"nonlinear,fnn,slow",4.89645774186506e-05,0.000336141587891392
6706,NL_MS_fnn_1_10_mi_5_1_firstunder001,"nonlinear,fnn,slow",0.00734127388606278,0.0217669840878305
6708,NL_MS_nlpe_2_mi_msqerr,"nonlinear,prediction,model",8.7870425947142e-06,9.10552492456629e-05
6710,NL_MS_nlpe_2_mi_meanabs,"nonlinear,prediction,model",6.55740619856895e-06,7.50517278578976e-05
6711,NL_MS_nlpe_2_mi_stde,"nonlinear,prediction,model",8.7870425947142e-06,9.10552492456629e-05
6712,NL_MS_nlpe_2_mi_mms,"nonlinear,prediction,model",8.28993397906581e-06,8.84798200854116e-05
6714,NL_MS_nlpe_2_mi_p1_5,"nonlinear,prediction,model",1.91117503015364e-07,2.6730066917723e-05
6715,NL_MS_nlpe_2_mi_p2_5,"nonlinear,prediction,model",6.26998872165287e-07,2.6730066917723e-05
6719,NL_MS_nlpe_2_mi_ac1,"nonlinear,prediction,model",0.00152607557784433,0.00581280472909244
6720,NL_MS_nlpe_2_mi_ac2,"nonlinear,prediction,model",5.87706654304219e-07,2.6730066917723e-05
6721,NL_MS_nlpe_2_mi_ac3,"nonlinear,prediction,model",7.60661190228156e-07,2.6730066917723e-05
6722,NL_MS_nlpe_2_mi_ac1n,"nonlinear,prediction,model",0.00166273463464593,0.00623656894839009
6723,NL_MS_nlpe_2_mi_ac2n,"nonlinear,prediction,model",0.00122842305321242,0.00486111379422968
6724,NL_MS_nlpe_2_mi_ac3n,"nonlinear,prediction,model",0.00540141912727418,0.0169694186968512
6729,NL_MS_nlpe_2_mi_dwts,"nonlinear,prediction,model",0.00146169723557975,0.00560356630053433
6732,NL_MS_nlpe_2_mi_sbc1,"nonlinear,prediction,model",0.00128327762626588,0.00503341786302305
6735,NL_MS_nlpe_3_ac_msqerr,"nonlinear,prediction,model",1.95471950625266e-05,0.000162565983236129
6737,NL_MS_nlpe_3_ac_meanabs,"nonlinear,prediction,model",1.24229200737778e-05,0.000115909263440661
6738,NL_MS_nlpe_3_ac_stde,"nonlinear,prediction,model",1.56018019057256e-05,0.00013611424971429
6739,NL_MS_nlpe_3_ac_mms,"nonlinear,prediction,model",1.65101028457949e-05,0.000142294699950622
6741,NL_MS_nlpe_3_ac_p1_5,"nonlinear,prediction,model",1.18820146520854e-07,2.6730066917723e-05
6742,NL_MS_nlpe_3_ac_p2_5,"nonlinear,prediction,model",1.1149831476865e-06,2.80479329624742e-05
6746,NL_MS_nlpe_3_ac_ac1,"nonlinear,prediction,model",0.000452716478387203,0.00206860629630199
6747,NL_MS_nlpe_3_ac_ac2,"nonlinear,prediction,model",8.64595004250958e-07,2.71147657941082e-05
6748,NL_MS_nlpe_3_ac_ac3,"nonlinear,prediction,model",9.82136182665932e-07,2.76356817565169e-05
6749,NL_MS_nlpe_3_ac_ac1n,"nonlinear,prediction,model",0.000545691962300163,0.00242495697853612
6750,NL_MS_nlpe_3_ac_ac2n,"nonlinear,prediction,model",0.000324636730799297,0.00156260235737674
6751,NL_MS_nlpe_3_ac_ac3n,"nonlinear,prediction,model",0.00197040771953243,0.00718245394539241
6756,NL_MS_nlpe_3_ac_dwts,"nonlinear,prediction,model",0.000431902709468371,0.00198113104942354
6757,NL_MS_nlpe_3_ac_popt,"nonlinear,prediction,model",0.000300342369162839,0.00146548137496247
6759,NL_MS_nlpe_3_ac_sbc1,"nonlinear,prediction,model",0.000411985081919444,0.00191945143860243
6762,NL_MS_nlpe_fnn_mi_msqerr,"nonlinear,prediction,model,slow",8.28993397906581e-06,8.84798200854116e-05
6764,NL_MS_nlpe_fnn_mi_meanabs,"nonlinear,prediction,model,slow",8.7870425947142e-06,9.10552492456629e-05
6765,NL_MS_nlpe_fnn_mi_stde,"nonlinear,prediction,model,slow",8.28993397906581e-06,8.84798200854116e-05
6766,NL_MS_nlpe_fnn_mi_mms,"nonlinear,prediction,model,slow",7.8197737788281e-06,8.51207485190784e-05
6768,NL_MS_nlpe_fnn_mi_p1_5,"nonlinear,prediction,model,slow",1.65101028457949e-05,0.000142294699950622
6769,NL_MS_nlpe_fnn_mi_p2_5,"nonlinear,prediction,model,slow",1.84090878581554e-06,3.32625117924386e-05
6772,NL_MS_nlpe_fnn_mi_p5_5,"nonlinear,prediction,model,slow",0.00122842305321242,0.00486111379422968
6774,NL_MS_nlpe_fnn_mi_ac2,"nonlinear,prediction,model,slow",3.21794070598959e-05,0.000238134302348647
6775,NL_MS_nlpe_fnn_mi_ac3,"nonlinear,prediction,model,slow",7.60661190228156e-07,2.6730066917723e-05
6778,NL_MS_nlpe_fnn_mi_ac3n,"nonlinear,prediction,model,slow",0.00205509104458358,0.00746057784109664
6792,MS_shannon_2t10_2_meanent,"entropy,mex",0.00197040771953243,0.00718245394539241
6794,MS_shannon_2t10_3_maxent,"entropy,mex",0.00731756136170696,0.0217057163891633
6797,MS_shannon_2t10_3_meanent,"entropy,mex",0.000309391534112162,0.00150038033470333
6799,MS_shannon_2t10_4_maxent,"entropy,mex",0.00350474766316831,0.0117690087802336
6802,MS_shannon_2t10_4_meanent,"entropy,mex",0.000126913156158702,0.000705855280229532
6813,MS_shannon_3_1t10_stdent,"entropy,mex",0.00411003277270197,0.0134094057327522
6816,MS_shannon_4_1t10_medent,"entropy,mex",0.0197042011871398,0.0491672654227999
6819,NL_embed_PCA_mi_10_perc_1,"embedding,pca",0.000242716287295376,0.00121682904877168
6820,NL_embed_PCA_mi_10_perc_2,"embedding,pca",4.70247342896548e-05,0.000323136180895804
6821,NL_embed_PCA_mi_10_perc_3,"embedding,pca",0.0160861401361776,0.0414167202999814
6822,NL_embed_PCA_mi_10_perc_4,"embedding,pca",0.000374697110145117,0.00176770624726514
6823,NL_embed_PCA_mi_10_perc_5,"embedding,pca",0.000411985081919444,0.00191945143860243
6824,NL_embed_PCA_mi_10_std,"embedding,pca",0.000254864490291098,0.00126437652012706
6825,NL_embed_PCA_mi_10_range,"embedding,pca",0.000309391534112162,0.00150038033470333
6827,NL_embed_PCA_mi_10_top2,"embedding,pca",0.000171721588064445,0.000904205610525726
6828,NL_embed_PCA_mi_10_nto50,"embedding,pca",0.00121578590470557,0.00485427922355523
6829,NL_embed_PCA_mi_10_nto60,"embedding,pca",0.00191213413954573,0.00703851237819339
6830,NL_embed_PCA_mi_10_nto70,"embedding,pca",0.00237871400605539,0.00847975213275328
6831,NL_embed_PCA_mi_10_nto80,"embedding,pca",0.0134585026851648,0.0360376426167174
6834,NL_embed_PCA_mi_10_fb02,"embedding,pca",0.000186290789336081,0.000976586251313374
6835,NL_embed_PCA_mi_10_fb01,"embedding,pca",0.000140379844302169,0.000763865031367202
6837,NL_embed_PCA_1_10_perc_1,"embedding,pca",1.95471950625266e-05,0.000162565983236129
6838,NL_embed_PCA_1_10_perc_2,"embedding,pca",0.00379644200152357,0.0125882024261045
6839,NL_embed_PCA_1_10_perc_3,"embedding,pca",6.1384547346443e-05,0.000398719518758511
6840,NL_embed_PCA_1_10_perc_4,"embedding,pca",7.13316180766304e-07,2.6730066917723e-05
6841,NL_embed_PCA_1_10_perc_5,"embedding,pca",9.82136182665932e-07,2.76356817565169e-05
6842,NL_embed_PCA_1_10_std,"embedding,pca",9.86802931933148e-06,9.70310783485094e-05
6843,NL_embed_PCA_1_10_range,"embedding,pca",1.95471950625266e-05,0.000162565983236129
6844,NL_embed_PCA_1_10_min,"embedding,pca",0.00848785630958759,0.0244933316043592
6845,NL_embed_PCA_1_10_top2,"embedding,pca",4.59245894147181e-06,5.90139263616206e-05
6846,NL_embed_PCA_1_10_nto50,"embedding,pca",0.000157052284230752,0.000838751096353129
6847,NL_embed_PCA_1_10_nto60,"embedding,pca",0.01953125,0.0490451388888889
6849,NL_embed_PCA_1_10_nto80,"embedding,pca",0.0009765625,0.00401858291184971
6850,NL_embed_PCA_1_10_nto90,"embedding,pca",0.00132533232355833,0.00519264766726016
6851,NL_embed_PCA_1_10_fb05,"embedding,pca",0.000157052284230752,0.000838751096353129
6853,NL_embed_PCA_1_10_fb01,"embedding,pca",0.00156588285088931,0.00595805452457562
6854,NL_embed_PCA_1_10_fb001,"embedding,pca",0.00379911109736903,0.0125911880363921
6869,PP_ModelFit_ar_2_rmserrrat_d1,"preprocessing,trend",8.64595004250958e-07,2.71147657941082e-05
6870,PP_ModelFit_ar_2_rmserrrat_d2,"preprocessing,trend",1.74686653178146e-05,0.000148223394991087
6871,PP_ModelFit_ar_2_rmserrrat_d3,"preprocessing,trend",0.000140455025433301,0.000763865031367202
6872,PP_ModelFit_ar_2_rmserrrat_lf_02,"preprocessing,trend",8.11026050600951e-07,2.6730066917723e-05
6873,PP_ModelFit_ar_2_rmserrrat_lf_02_d1,"preprocessing,trend",3.61088889258424e-06,4.95297071797827e-05
6874,PP_ModelFit_ar_2_rmserrrat_peaks_08,"preprocessing,trend",1.24229200737778e-05,0.000115909263440661
6875,PP_ModelFit_ar_2_rmserrrat_peaks_08_d1,"preprocessing,trend",9.3125620761273e-06,9.39038660339239e-05
6877,PP_ModelFit_ar_2_rmserrrat_p1_10,"preprocessing,trend",0.0145066650137748,0.0381221661989897
6878,PP_ModelFit_ar_2_rmserrrat_p1_20,"preprocessing,trend",0.017814839449509,0.0452942293003767
6879,PP_ModelFit_ar_2_rmserrrat_p1_40,"preprocessing,trend",0.000163342672991421,0.000866495148305461
6881,PP_ModelFit_ar_2_rmserrrat_p2_10,"preprocessing,trend",0.00982277183238884,0.0276287288323889
6882,PP_ModelFit_ar_2_rmserrrat_p2_20,"preprocessing,trend",0.00173520694047121,0.00646750691581914
6883,PP_ModelFit_ar_2_rmserrrat_p2_40,"preprocessing,trend",8.41011855946992e-05,0.000508679983218915
6884,PP_ModelFit_ar_2_rmserrrat_rmgd,"preprocessing,trend",0.0091335656357516,0.0260608632308279
6891,MF_steps_ahead_ar_2_6_rmserr_3,"model,prediction",0.010943570085506,0.0302435075460858
6892,MF_steps_ahead_ar_2_6_mabserr_3,"model,prediction",0.0140114417696054,0.0371498897422051
6894,MF_steps_ahead_ar_2_6_rmserr_4,"model,prediction",0.000220031677037124,0.00111806246168971
6895,MF_steps_ahead_ar_2_6_mabserr_4,"model,prediction",0.00102996237816126,0.00418988695436
6897,MF_steps_ahead_ar_2_6_rmserr_5,"model,prediction",0.0160861401361776,0.0414167202999814
6903,MF_steps_ahead_ar_2_6_meandiffrmsabs,"model,prediction",0.00364794442843455,0.0121809176294679
6904,MF_steps_ahead_ar_2_6_meandiffrms,"model,prediction",0.00214310157010038,0.00774060886734887
6905,MF_steps_ahead_ar_2_6_maxdiffrms,"model,prediction",8.7870425947142e-06,9.10552492456629e-05
6906,MF_steps_ahead_ar_2_6_stddiffrms,"model,prediction",5.16120692670543e-07,2.6730066917723e-05
6916,MF_steps_ahead_ar_best_6_ac1_3,"model,prediction,arfit",0.00205509104458358,0.00746057784109664
6917,MF_steps_ahead_ar_best_6_rmserr_4,"model,prediction,arfit",0.00146169723557975,0.00560356630053433
6918,MF_steps_ahead_ar_best_6_mabserr_4,"model,prediction,arfit",0.00364794442843455,0.0121809176294679
6919,MF_steps_ahead_ar_best_6_ac1_4,"model,prediction,arfit",0.000254864490291098,0.00126437652012706
6922,MF_steps_ahead_ar_best_6_ac1_5,"model,prediction,arfit",0.0155436158790251,0.040414536684726
6926,MF_steps_ahead_ar_best_6_meandiffrmsabs,"model,prediction,arfit",0.0117525566357291,0.0320438340443338
6927,MF_steps_ahead_ar_best_6_meandiffrms,"model,prediction,arfit",0.000392927991788058,0.00184029892995999
6928,MF_steps_ahead_ar_best_6_maxdiffrms,"model,prediction,arfit",1.39260980630824e-05,0.000125176631453388
6929,MF_steps_ahead_ar_best_6_stddiffrms,"model,prediction,arfit",9.82136182665932e-07,2.76356817565169e-05
6934,MF_steps_ahead_ss_best_6_rmserr_2,"model,prediction",0.0160861401361776,0.0414167202999814
6945,MF_steps_ahead_ss_best_6_ac1_5,"model,prediction",0.000163342672991421,0.000866495148305461
6946,MF_steps_ahead_ss_best_6_rmserr_6,"model,prediction",0.00166273463464593,0.00623656894839009
6947,MF_steps_ahead_ss_best_6_mabserr_6,"model,prediction",0.00181057379343184,0.00670279502623051
6948,MF_steps_ahead_ss_best_6_ac1_6,"model,prediction",1.18773136379583e-06,2.86625748436016e-05
6950,MF_steps_ahead_ss_best_6_meandiffrms,"model,prediction",1.47412616174406e-05,0.000130851672636608
6951,MF_steps_ahead_ss_best_6_maxdiffrms,"model,prediction",0.000324636730799297,0.00156260235737674
6952,MF_steps_ahead_ss_best_6_stddiffrms,"model,prediction",3.39893536496135e-06,4.81054092706955e-05
6960,MF_steps_ahead_arma_3_1_6_rmserr_3,"model,prediction",0.00561318037248673,0.0175110565607945
6961,MF_steps_ahead_arma_3_1_6_mabserr_3,"model,prediction",0.00731756136170696,0.0217057163891633
6963,MF_steps_ahead_arma_3_1_6_rmserr_4,"model,prediction",5.52026967449372e-05,0.000365910612781386
6964,MF_steps_ahead_arma_3_1_6_mabserr_4,"model,prediction",0.000231112917058414,0.00116275113536315
6966,MF_steps_ahead_arma_3_1_6_rmserr_5,"model,prediction",0.00499939877018464,0.0158533273251423
6967,MF_steps_ahead_arma_3_1_6_mabserr_5,"model,prediction",0.00982277183238884,0.0276287288323889
6972,MF_steps_ahead_arma_3_1_6_meandiffrmsabs,"model,prediction",0.00298168202047877,0.0101952902515794
6974,MF_steps_ahead_arma_3_1_6_maxdiffrms,"model,prediction",5.82681221138167e-06,6.94825395859734e-05
6975,MF_steps_ahead_arma_3_1_6_stddiffrms,"model,prediction",4.24272170812157e-07,2.6730066917723e-05
6983,MF_FitSubsegments_arsbc_uniform_25_01_sbcs_mean,"model,prediction,arfit",1.31540392168145e-05,0.000120986570005817
6986,MF_FitSubsegments_arsbc_uniform_25_01_sbcs_min,"model,prediction,arfit",3.58899897678485e-05,0.000259919468115273
6987,MF_FitSubsegments_arsbc_uniform_25_01_sbcs_max,"model,prediction,arfit",0.00013352242572232,0.000737429130114194
6994,MF_FitSubsegments_arsbc_rand_25_01_sbcs_mean,"model,prediction,arfit",2.44316942629559e-05,0.000192186996086169
6997,MF_FitSubsegments_arsbc_rand_25_01_sbcs_min,"model,prediction,arfit",3.78942790951893e-05,0.000271397759435264
6998,MF_FitSubsegments_arsbc_rand_25_01_sbcs_max,"model,prediction,arfit",7.57669573527021e-05,0.000466595994285369
6999,MF_FitSubsegments_ar_2_uniform_25_01_fpe_std,"model,prediction",0.00395041253231895,0.0129778434783473
7000,MF_FitSubsegments_ar_2_uniform_25_01_fpe_mean,"model,prediction",2.06727974704263e-05,0.000170347535742752
7001,MF_FitSubsegments_ar_2_uniform_25_01_fpe_max,"model,prediction",0.000220031677037124,0.00111806246168971
7002,MF_FitSubsegments_ar_2_uniform_25_01_fpe_min,"model,prediction",5.82159585412248e-05,0.000381269005386366
7003,MF_FitSubsegments_ar_2_uniform_25_01_fpe_range,"model,prediction",0.00364794442843455,0.0121809176294679
7005,MF_FitSubsegments_ar_2_uniform_25_01_a_1_mean,"model,prediction",0.00128327762626588,0.00503341786302305
7007,MF_FitSubsegments_ar_2_uniform_25_01_a_1_min,"model,prediction",3.21794070598959e-05,0.000238134302348647
7012,MF_FitSubsegments_ss_2_uniform_25_01_fpe_std,"model,prediction",0.00336668407320579,0.0113643546311769
7013,MF_FitSubsegments_ss_2_uniform_25_01_fpe_mean,"model,prediction",9.32965976131512e-05,0.000548454565159392
7014,MF_FitSubsegments_ss_2_uniform_25_01_fpe_max,"model,prediction",0.000474463308048828,0.00214866685114479
7015,MF_FitSubsegments_ss_2_uniform_25_01_fpe_min,"model,prediction",9.32965976131512e-05,0.000548454565159392
7016,MF_FitSubsegments_ss_2_uniform_25_01_fpe_range,"model,prediction",0.00427548416137376,0.0138225121456947
7017,MF_FitSubsegments_arma_2_2_uniform_25_01_fpe_std,"model,prediction",0.00350474766316831,0.0117690087802336
7018,MF_FitSubsegments_arma_2_2_uniform_25_01_fpe_mean,"model,prediction",8.41011855946992e-05,0.000508679983218915
7019,MF_FitSubsegments_arma_2_2_uniform_25_01_fpe_max,"model,prediction",0.000392927991788058,0.00184029892995999
7020,MF_FitSubsegments_arma_2_2_uniform_25_01_fpe_min,"model,prediction",0.000324636730799297,0.00156260235737674
7021,MF_FitSubsegments_arma_2_2_uniform_25_01_fpe_range,"model,prediction",0.00379644200152357,0.0125882024261045
7023,MF_FitSubsegments_arma_2_2_uniform_25_01_p_1_mean,"model,prediction",0.0160861401361776,0.0414167202999814
7025,MF_FitSubsegments_arma_2_2_uniform_25_01_p_1_min,"model,prediction",4.9613796147306e-05,0.00033670220664697
7038,MF_CompareTestSets_y_ar_4_rand_25_01_1_rmserr_mean,"model,prediction,stationarity",4.9613796147306e-05,0.00033670220664697
7039,MF_CompareTestSets_y_ar_4_rand_25_01_1_rmserr_median,"model,prediction,stationarity",4.70247342896548e-05,0.000323136180895804
7042,MF_CompareTestSets_y_ar_4_rand_25_01_1_mabserr_mean,"model,prediction,stationarity",4.70247342896548e-05,0.000323136180895804
7043,MF_CompareTestSets_y_ar_4_rand_25_01_1_mabserr_median,"model,prediction,stationarity",5.2337595654733e-05,0.000350873766647247
7046,MF_CompareTestSets_y_ar_4_rand_25_01_1_ac1s_mean,"model,prediction,stationarity",0.00561318037248673,0.0175110565607945
7047,MF_CompareTestSets_y_ar_4_rand_25_01_1_ac1s_median,"model,prediction,stationarity",0.010943570085506,0.0302435075460858
7050,MF_CompareTestSets_y_ar_4_rand_25_01_1_meandiffs_mean,"model,prediction,stationarity",0.00605931502191424,0.0185772022571092
7051,MF_CompareTestSets_y_ar_4_rand_25_01_1_meandiffs_median,"model,prediction,stationarity",0.00519689746784096,0.0164065246445941
7054,MF_CompareTestSets_y_ar_4_rand_25_01_1_stdrats_mean,"model,prediction,stationarity",0.000147725636058422,0.00079490461307627
7055,MF_CompareTestSets_y_ar_4_rand_25_01_1_stdrats_median,"model,prediction,stationarity",0.000140455025433301,0.000763865031367202
7058,MF_CompareTestSets_y_ar_best_uniform_25_01_1_rmserr_mean,"model,prediction,arfit,stationarity",3.39866324809848e-05,0.000248409483195206
7059,MF_CompareTestSets_y_ar_best_uniform_25_01_1_rmserr_median,"model,prediction,arfit,stationarity",1.65101028457949e-05,0.000142294699950622
7062,MF_CompareTestSets_y_ar_best_uniform_25_01_1_mabserr_mean,"model,prediction,arfit,stationarity",2.31118018635252e-05,0.000186969224393677
7063,MF_CompareTestSets_y_ar_best_uniform_25_01_1_mabserr_median,"model,prediction,arfit,stationarity",3.21794070598959e-05,0.000238134302348647
7064,MF_CompareTestSets_y_ar_best_uniform_25_01_1_mabserr_std,"model,prediction,arfit,stationarity",0.0150172581412796,0.0392610579169185
7065,MF_CompareTestSets_y_ar_best_uniform_25_01_1_mabserr_iqr,"model,prediction,arfit,stationarity",0.0140114417696054,0.0371498897422051
7070,MF_CompareTestSets_y_ar_best_uniform_25_01_1_meandiffs_mean,"model,prediction,arfit,stationarity",2.44316942629559e-05,0.000192186996086169
7071,MF_CompareTestSets_y_ar_best_uniform_25_01_1_meandiffs_median,"model,prediction,arfit,stationarity",9.32965976131512e-05,0.000548454565159392
7072,MF_CompareTestSets_y_ar_best_uniform_25_01_1_meandiffs_std,"model,prediction,arfit,stationarity",0.00049718147462051,0.00223167397088487
7073,MF_CompareTestSets_y_ar_best_uniform_25_01_1_meandiffs_iqr,"model,prediction,arfit,stationarity",0.00018970647056619,0.000990117568886149
7074,MF_CompareTestSets_y_ar_best_uniform_25_01_1_stdrats_mean,"model,prediction,arfit,stationarity",1.65101028457949e-05,0.000142294699950622
7075,MF_CompareTestSets_y_ar_best_uniform_25_01_1_stdrats_median,"model,prediction,arfit,stationarity",1.56018019057256e-05,0.00013611424971429
7078,MF_CompareTestSets_y_ss_best_uniform_25_01_1_rmserr_mean,"model,prediction,stationarity",8.85862417242377e-05,0.000530399877909881
7079,MF_CompareTestSets_y_ss_best_uniform_25_01_1_rmserr_median,"model,prediction,stationarity",6.1384547346443e-05,0.000398719518758511
7082,MF_CompareTestSets_y_ss_best_uniform_25_01_1_mabserr_mean,"model,prediction,stationarity",9.32965976131512e-05,0.000548454565159392
7083,MF_CompareTestSets_y_ss_best_uniform_25_01_1_mabserr_median,"model,prediction,stationarity",6.1384547346443e-05,0.000398719518758511
7094,MF_CompareTestSets_y_ss_best_uniform_25_01_1_stdrats_mean,"model,prediction,stationarity",0.000431902709468371,0.00198113104942354
7095,MF_CompareTestSets_y_ss_best_uniform_25_01_1_stdrats_median,"model,prediction,stationarity",0.000985214086551646,0.00403320246242735
7098,MF_CompareTestSets_y_ss_2_uniform_25_01_1_rmserr_mean,"model,prediction,stationarity",8.85862417242377e-05,0.000530399877909881
7099,MF_CompareTestSets_y_ss_2_uniform_25_01_1_rmserr_median,"model,prediction,stationarity",3.58899897678485e-05,0.000259919468115273
7102,MF_CompareTestSets_y_ss_2_uniform_25_01_1_mabserr_mean,"model,prediction,stationarity",6.47159490551713e-05,0.000415056613805193
7103,MF_CompareTestSets_y_ss_2_uniform_25_01_1_mabserr_median,"model,prediction,stationarity",3.58899897678485e-05,0.000259919468115273
7107,MF_CompareTestSets_y_ss_2_uniform_25_01_1_ac1s_median,"model,prediction,stationarity",0.0091335656357516,0.0260608632308279
7110,MF_CompareTestSets_y_ss_2_uniform_25_01_1_meandiffs_mean,"model,prediction,stationarity",0.000126913156158702,0.000705855280229532
7111,MF_CompareTestSets_y_ss_2_uniform_25_01_1_meandiffs_median,"model,prediction,stationarity",0.00018970647056619,0.000990117568886149
7112,MF_CompareTestSets_y_ss_2_uniform_25_01_1_meandiffs_std,"model,prediction,stationarity",0.00286256220704461,0.00984948301205926
7113,MF_CompareTestSets_y_ss_2_uniform_25_01_1_meandiffs_iqr,"model,prediction,stationarity",0.000942271767787704,0.00388421118406524
7114,MF_CompareTestSets_y_ss_2_uniform_25_01_1_stdrats_mean,"model,prediction,stationarity",1.47412616174406e-05,0.000130851672636608
7115,MF_CompareTestSets_y_ss_2_uniform_25_01_1_stdrats_median,"model,prediction,stationarity",6.18178925154075e-06,7.22629846990453e-05
7118,MF_StateSpaceCompOrder_8_minaic,model,1.95471950625266e-05,0.000162565983236129
7120,MF_StateSpaceCompOrder_8_minlossfn,model,5.52026967449372e-05,0.000365910612781386
7126,MF_StateSpace_n4sid_1_05_1_A_1,model,4.24272170812157e-07,2.6730066917723e-05
7130,MF_StateSpace_n4sid_1_05_1_m_fpe,model,2.21621930828942e-06,3.67768420879077e-05
7131,MF_StateSpace_n4sid_1_05_1_m_aic,model,2.66442794601493e-06,4.07915323606028e-05
7133,MF_StateSpace_n4sid_1_05_1_meanabs,model,2.50614204546602e-06,3.90398801349509e-05
7134,MF_StateSpace_n4sid_1_05_1_stde,model,1.95865484438265e-06,3.40920876214183e-05
7135,MF_StateSpace_n4sid_1_05_1_mms,model,1.72998018997263e-06,3.19889064218575e-05
7138,MF_StateSpace_n4sid_1_05_1_p2_5,model,0.00117574116189045,0.00469702656088558
7143,MF_StateSpace_n4sid_1_05_1_ac2,model,0.0150172581412796,0.0392610579169185
7144,MF_StateSpace_n4sid_1_05_1_ac3,model,2.44316942629559e-05,0.000192186996086169
7159,MF_StateSpace_n4sid_2_05_1_A_1,model,9.21562980967866e-07,2.7222435110001e-05
7161,MF_StateSpace_n4sid_2_05_1_A_3,model,0.000626782424265422,0.00273914308062955
7164,MF_StateSpace_n4sid_2_05_1_k_2,model,0.00788327688124583,0.0230571274106775
7168,MF_StateSpace_n4sid_2_05_1_m_fpe,model,0.000171721588064445,0.000904205610525726
7169,MF_StateSpace_n4sid_2_05_1_m_aic,model,4.45641297611193e-05,0.000310119295962276
7171,MF_StateSpace_n4sid_2_05_1_meanabs,model,0.000120613121939985,0.000679845459295924
7172,MF_StateSpace_n4sid_2_05_1_stde,model,0.000147725636058422,0.00079490461307627
7173,MF_StateSpace_n4sid_2_05_1_mms,model,0.000140455025433301,0.000763865031367202
7181,MF_StateSpace_n4sid_2_05_1_ac2,model,0.00947257968258233,0.0268452606529871
7182,MF_StateSpace_n4sid_2_05_1_ac3,model,0.00462463008225427,0.0147900905460774
7197,MF_StateSpace_n4sid_3_05_1_A_1,model,6.95480101290475e-06,7.80934202064179e-05
7213,MF_StateSpace_n4sid_3_05_1_m_fpe,model,0.000180503538081067,0.000947643574925602
7214,MF_StateSpace_n4sid_3_05_1_m_aic,model,7.57669573527021e-05,0.000466595994285369
7216,MF_StateSpace_n4sid_3_05_1_meanabs,model,0.000309391534112162,0.00150038033470333
7217,MF_StateSpace_n4sid_3_05_1_stde,model,0.000357259343652894,0.00169216850796072
7218,MF_StateSpace_n4sid_3_05_1_mms,model,0.000374697110145117,0.00176770624726514
7242,MF_CompareAR_1_10_all_maxv,model,4.5298014109361e-07,2.6730066917723e-05
7243,MF_CompareAR_1_10_all_minv,model,7.98313205736858e-05,0.000487827614733107
7244,MF_CompareAR_1_10_all_meanv,model,2.8835208146233e-05,0.000217917034812137
7245,MF_CompareAR_1_10_all_medianv,model,9.32965976131512e-05,0.000548454565159392
7248,MF_CompareAR_1_10_all_meandiff,model,6.18178925154075e-06,7.22629846990453e-05
7249,MF_CompareAR_1_10_all_stddiff,model,4.45641297611193e-05,0.000310119295962276
7250,MF_CompareAR_1_10_all_maxdiff,model,4.22259746751932e-05,0.000297042207225989
7251,MF_CompareAR_1_10_all_meddiff,model,0.00379644200152357,0.0125882024261045
7257,MF_CompareAR_1_10_all_bestaic,model,6.26998872165287e-07,2.6730066917723e-05
7258,MF_CompareAR_1_10_05_maxv,model,5.16120692670543e-07,2.6730066917723e-05
7259,MF_CompareAR_1_10_05_minv,model,0.000108887185280847,0.00062362660660849
7260,MF_CompareAR_1_10_05_meanv,model,1.56018019057256e-05,0.00013611424971429
7261,MF_CompareAR_1_10_05_medianv,model,7.98313205736858e-05,0.000487827614733107
7264,MF_CompareAR_1_10_05_meandiff,model,9.3125620761273e-06,9.39038660339239e-05
7265,MF_CompareAR_1_10_05_stddiff,model,5.82159585412248e-05,0.000381269005386366
7266,MF_CompareAR_1_10_05_maxdiff,model,5.82159585412248e-05,0.000381269005386366
7267,MF_CompareAR_1_10_05_meddiff,model,0.0091335656357516,0.0260608632308279
7273,MF_CompareAR_1_10_05_bestaic,model,8.11026050600951e-07,2.6730066917723e-05
7280,MF_armax_3_1_05_1_fpe,model,9.82427974942328e-05,0.000571397447190722
7281,MF_armax_3_1_05_1_aic,model,3.39866324809848e-05,0.000248409483195206
7283,MF_armax_3_1_05_1_meanabs,model,7.57669573527021e-05,0.000466595994285369
7284,MF_armax_3_1_05_1_stde,model,0.000126913156158702,0.000705855280229532
7285,MF_armax_3_1_05_1_mms,model,0.00013352242572232,0.000737429130114194
7294,MF_armax_3_1_05_1_ac3,model,0.00336668407320579,0.0113643546311769
7295,MF_armax_3_1_05_1_ac1n,model,0.0160861401361776,0.0414167202999814
7297,MF_armax_3_1_05_1_ac3n,model,0.00583240319190966,0.0180604081440648
7304,MF_armax_3_1_05_1_minfpe,model,0.00788327688124583,0.0230571274106775
7305,MF_armax_3_1_05_1_sbc1,model,0.00561318037248673,0.0175110565607945
7308,MF_armax_1_1_05_1_AR_1,model,2.72896655970471e-05,0.000209348199768727
7310,MF_armax_1_1_05_1_maxda,model,8.7870425947142e-06,9.10552492456629e-05
7312,MF_armax_1_1_05_1_fpe,model,1.84801124407888e-05,0.000155508180219829
7313,MF_armax_1_1_05_1_aic,model,9.86802931933148e-06,9.70310783485094e-05
7315,MF_armax_1_1_05_1_meanabs,model,3.0102618480377e-06,4.46459460337092e-05
7316,MF_armax_1_1_05_1_stde,model,3.19894145993939e-06,4.60065944511282e-05
7317,MF_armax_1_1_05_1_mms,model,3.19894145993939e-06,4.60065944511282e-05
7319,MF_armax_1_1_05_1_p1_5,model,0.0160861401361776,0.0414167202999814
7320,MF_armax_1_1_05_1_p2_5,model,0.000718970297700572,0.00308892549748363
7325,MF_armax_1_1_05_1_ac2,model,0.00146169723557975,0.00560356630053433
7326,MF_armax_1_1_05_1_ac3,model,9.82427974942328e-05,0.000571397447190722
7328,MF_armax_1_1_05_1_ac2n,model,0.00242827797978465,0.0086047341652996
7340,MF_armax_2_2_05_1_AR_1,model,0.00947257968258233,0.0268452606529871
7346,MF_armax_2_2_05_1_fpe,model,9.32965976131512e-05,0.000548454565159392
7347,MF_armax_2_2_05_1_aic,model,2.8835208146233e-05,0.000217917034812137
7349,MF_armax_2_2_05_1_meanabs,model,8.41011855946992e-05,0.000508679983218915
7350,MF_armax_2_2_05_1_stde,model,0.00013352242572232,0.000737429130114194
7351,MF_armax_2_2_05_1_mms,model,0.000120613121939985,0.000679845459295924
7360,MF_armax_2_2_05_1_ac3,model,0.00049718147462051,0.00223167397088487
7363,MF_armax_2_2_05_1_ac3n,model,0.00982277183238884,0.0276287288323889
7374,MF_ARMA_orders_1_6_1_4_aic_min,model,1.39260980630824e-05,0.000125176631453388
7378,MF_ARMA_orders_1_6_1_4_mean_all_aics,model,2.18599433306592e-05,0.000178055991499957
7381,MF_ExpSmoothing_05_best_alphamin_1,model,4.32549215748757e-06,5.65012452645028e-05
7386,MF_ExpSmoothing_05_best_meanabs,model,5.50793468636543e-07,2.6730066917723e-05
7387,MF_ExpSmoothing_05_best_stde,model,4.83557438253742e-07,2.6730066917723e-05
7388,MF_ExpSmoothing_05_best_mms,model,5.16120692670543e-07,2.6730066917723e-05
7390,MF_ExpSmoothing_05_best_p1_5,model,0.000686926233975337,0.00297097682847535
7391,MF_ExpSmoothing_05_best_p2_5,model,3.78942790951893e-05,0.000271397759435264
7396,MF_ExpSmoothing_05_best_ac2,model,0.000626782424265422,0.00273914308062955
7397,MF_ExpSmoothing_05_best_ac3,model,8.28993397906581e-06,8.84798200854116e-05
7424,MF_GARCHfit_ar_P1_Q1_meansigma,model,0.01842619348603,0.0466155193415237
7445,MF_GARCHfit_ar_P1_Q1_stde_p2_5,model,0.00427548416137376,0.0138225121456947
7451,MF_GARCHfit_ar_P1_Q1_stde_ac3,model,0.00188893854939985,0.00695672712528585
7460,MF_GARCHfit_ar_P1_Q1_stde_minfpe,model,0.00146169723557975,0.00560356630053433
7502,MF_GARCHfit_ar_P1_Q2_stde_p2_5,model,0.00323359045900606,0.0109618716560305
7508,MF_GARCHfit_ar_P1_Q2_stde_ac3,model,0.00152607557784433,0.00581280472909244
7517,MF_GARCHfit_ar_P1_Q2_stde_minfpe,model,0.00395041253231895,0.0129778434783473
7557,SY_VarRatioTest_4_0_pValue,"vratiotest,pvalue",0.0048828125,0.0155459490999553
7558,SY_VarRatioTest_4_0_stat,vratiotest,0.00197040771953243,0.00718245394539241
7559,SY_VarRatioTest_4_1_pValue,"vratiotest,pvalue",0.00390625,0.0129342296511628
7560,SY_VarRatioTest_4_1_stat,vratiotest,0.00107658530464083,0.00433741413907078
7561,SY_VarRatioTest_4_1_ratio,vratiotest,0.00107658530464083,0.00433741413907078
7562,SY_VarRatioTest_24682468_00001111_maxpValue,"vratiotest,pvalue",0.00164268129225628,0.00620055573678286
7564,SY_VarRatioTest_24682468_00001111_meanpValue,"vratiotest,pvalue",0.00164268129225628,0.00620055573678286
7569,SY_VarRatioTest_24682468_00001111_meanstat,vratiotest,0.000180503538081067,0.000947643574925602
7570,SY_VarRatioTest_24682468_00001111_maxstat,vratiotest,0.00848785630958759,0.0244933316043592
7571,SY_VarRatioTest_24682468_00001111_minstat,vratiotest,1.39260980630824e-05,0.000125176631453388
7578,SY_PPtest_0_5_ar_t1_meanstat,unitroot,1.52708182821975e-06,2.96220586787368e-05
7579,SY_PPtest_0_5_ar_t1_maxstat,unitroot,4.5298014109361e-07,2.6730066917723e-05
7580,SY_PPtest_0_5_ar_t1_minstat,unitroot,3.19894145993939e-06,4.60065944511282e-05
7581,SY_PPtest_0_5_ar_t1_minBIC,unitroot,6.68816911061285e-07,2.6730066917723e-05
7582,SY_PPtest_0_5_ar_t1_minrmse,unitroot,5.50793468636543e-07,2.6730066917723e-05
7594,SY_KPSStest_0_10_lagminstat,"stationarity,hypothesistest",0.000387203435747828,0.00182308284331269
7601,MF_hmm_07_3_Pmeandiag,"hmm,model",0.000452716478387203,0.00206860629630199
7602,MF_hmm_07_3_stdmeanP,"hmm,model",0.00364794442843455,0.0121809176294679
7603,MF_hmm_07_3_maxP,"hmm,model",4.9613796147306e-05,0.00033670220664697
7604,MF_hmm_07_3_stdP,"hmm,model",0.000267581120235988,0.00131827681312111
7605,MF_hmm_07_3_LLtrainpersample,"hmm,model",0.0091335656357516,0.0260608632308279
7614,MF_hmm_08_2_Pmeandiag,"hmm,model",6.82179820007579e-05,0.000432452194001242
7616,MF_hmm_08_2_maxP,"hmm,model",0.00078726537066868,0.00333405245317688
7617,MF_hmm_08_2_stdP,"hmm,model",7.57669573527021e-05,0.000466595994285369
7622,MF_hmm_CompareNStates_06_24_meanLLtrain,"hmm,model",0.000626782424265422,0.00273914308062955
7623,MF_hmm_CompareNStates_06_24_maxLLtrain,"hmm,model",0.000254864490291098,0.00126437652012706
7626,MF_hmm_CompareNStates_06_24_chLLtrain,"hmm,model",8.41011855946992e-05,0.000508679983218915
7627,MF_hmm_CompareNStates_06_24_chLLtest,"hmm,model",0.000752398562734347,0.00320546102220575
7629,MF_hmm_CompareNStates_06_24_LLtestdiff1,"hmm,model",0.00350474766316831,0.0117690087802336
7631,MD_hrv_classic_pnn5,medical,0.000130079496271678,0.000722336921964178
7632,MD_hrv_classic_pnn10,medical,4.59345600598301e-05,0.000319032324942371
7633,MD_hrv_classic_pnn20,medical,8.7870425947142e-06,9.10552492456629e-05
7634,MD_hrv_classic_pnn30,medical,2.72896655970471e-05,0.000209348199768727
7635,MD_hrv_classic_pnn40,medical,3.39893536496135e-06,4.81054092706955e-05
7638,MD_hrv_classic_lf,"medical,FourierSpectrum",0.00128327762626588,0.00503341786302305
7641,MD_hrv_classic_SD2,medical,5.16120692670543e-07,2.6730066917723e-05
7642,CP_ML_StepDetect_l1pwc_10_E,stepdetection,0.00159305660196512,0.0060292237902125
7645,CP_ML_StepDetect_l1pwc_10_nsegments,stepdetection,0.000598582921400376,0.00263206412442821
7646,CP_ML_StepDetect_l1pwc_10_rmsoff,stepdetection,0.000571568005964199,0.00252732461767648
7647,CP_ML_StepDetect_l1pwc_10_rmsoffpstep,stepdetection,0.00139983011578967,0.00541891821332607
7650,CP_ML_StepDetect_l1pwc_10_pshort_3,stepdetection,0.00011460879331106,0.000650637958198911
7651,CP_ML_StepDetect_l1pwc_10_meanstepint,stepdetection,0.000686926233975337,0.00297097682847535
7653,CP_ML_StepDetect_l1pwc_10_meanerrstepint,stepdetection,0.00605931502191424,0.0185772022571092
7656,CP_ML_StepDetect_l1pwc_10_medianstepint,stepdetection,5.73121541039119e-05,0.000378902899612961
7657,CP_ML_StepDetect_l1pwc_005_E,stepdetection,0.000431902709468371,0.00198113104942354
7659,CP_ML_StepDetect_l1pwc_005_rmsoff,stepdetection,0.0145066650137748,0.0381221661989897
7660,CP_ML_StepDetect_l1pwc_005_rmsoffpstep,stepdetection,0.00982277183238884,0.0276287288323889
7667,CP_ML_StepDetect_l1pwc_005_maxstepint,stepdetection,0.0140095691110941,0.0371498897422051
7670,CP_ML_StepDetect_l1pwc_02_E,"stepdetection,lengthDependent",7.18988102492802e-05,0.000449383345184043
7672,CP_ML_StepDetect_l1pwc_02_rmsoff,stepdetection,4.22259746751932e-05,0.000297042207225989
7673,CP_ML_StepDetect_l1pwc_02_rmsoffpstep,stepdetection,0.00286256220704461,0.00984948301205926
7676,CP_ML_StepDetect_l1pwc_02_pshort_3,stepdetection,0.000497118296685389,0.00223167397088487
7682,CP_ML_StepDetect_l1pwc_02_medianstepint,stepdetection,0.000238887931667023,0.00120017161999826
7684,CP_l1pwc_sweep_lambda_0_005_095_rmserrsu02,stepdetection,0.000336113384234041,0.00161348023085781
7685,CP_l1pwc_sweep_lambda_0_005_095_rmserrsu01,stepdetection,0.000134767543888431,0.000743728794528484
7688,CP_l1pwc_sweep_lambda_0_005_095_corrsegerr,stepdetection,1.47412616174406e-05,0.000130851672636608
7689,CP_l1pwc_sweep_lambda_0_005_095_bestrmserrpseg,stepdetection,0.00223455572247879,0.00800997089039603
7693,ST_MomentCorr_002_02_mean_std_none_density,"statistics,stationarity",0.000942271767787704,0.00388421118406524
7697,ST_MomentCorr_002_02_median_iqr_none_density,"statistics,stationarity",0.000209450726687326,0.00107736974225945
7701,ST_MomentCorr_002_02_mean_std_abs_density,"statistics,stationarity",8.85862417242377e-05,0.000530399877909881
7705,ST_MomentCorr_002_02_median_iqr_abs_density,"statistics,stationarity",0.000598582921400376,0.00263206412442821
7709,ST_MomentCorr_002_02_mean_std_sqrt_density,"statistics,stationarity",0.00298168202047877,0.0101952902515794
7713,ST_MomentCorr_002_02_median_iqr_sqrt_density,"statistics,stationarity",0.0117525566357291,0.0320438340443338
7722,SD_SurrogateTest_RP_99_fmmi_f,"surrogate,nonlinearity",0.00589366323546611,0.0182342410140301
7735,MD_pNN_raw_pnn5,"medical,raw,spreadDependent",0.00106590813883441,0.00433116440659941
7736,MD_pNN_raw_pnn10,"medical,raw,spreadDependent",0.000114538140503936,0.000650637958198911
7737,MD_pNN_raw_pnn20,"medical,raw,spreadDependent",1.74686653178146e-05,0.000148223394991087
7738,MD_pNN_raw_pnn30,"medical,raw,spreadDependent",2.44316942629559e-05,0.000192186996086169
7739,MD_pNN_raw_pnn40,"medical,raw,spreadDependent",2.58231003683401e-05,0.000200692851006783
7740,MD_pNN_raw_pnn50,"medical,raw,spreadDependent",3.21794070598959e-05,0.000238134302348647
7741,MD_pNN_raw_pnn60,"medical,raw,spreadDependent",2.18599433306592e-05,0.000178055991499957
7742,MD_pNN_raw_pnn70,"medical,raw,spreadDependent",6.82179820007579e-05,0.000432452194001242
7743,MD_pNN_raw_pnn80,"medical,raw,spreadDependent",7.57669573527021e-05,0.000466595994285369
7744,MD_pNN_raw_pnn90,"medical,raw,spreadDependent",2.8835208146233e-05,0.000217917034812137
7745,MD_pNN_raw_pnn100,"medical,raw,spreadDependent",2.8835208146233e-05,0.000217917034812137
7746,MD_rawHRVmeas_tri10,"distribution,raw",0.0197042011871398,0.0491672654227999
7747,MD_rawHRVmeas_tri20,"distribution,raw",0.00982277183238884,0.0276287288323889
7749,MD_rawHRVmeas_SD1,"medical,raw,spreadDependent",1.04653269791364e-06,2.76961571615137e-05
7751,NL_nsamdf_1_14_05_1_7_L,"nonlinear,raw,spreadDependent",1.84090878581554e-06,3.32625117924386e-05
7752,NL_nsamdf_z_1_14_05_1_7_L,nonlinear,5.16120692670543e-07,2.6730066917723e-05
7753,CR_RAD_1,criticality,0.000752398562734347,0.00320546102220575
7754,CR_RAD_2,criticality,0.00499939877018464,0.0158533273251423
7755,CR_RAD_tau,criticality,0.00082362694217216,0.00346536654924563
